--------------------------------------------------------
--  파일이 생성됨 - 수요일-3월-31-2021   
--------------------------------------------------------
--------------------------------------------------------
--  DDL for Sequence ALARM_NO_SEQ
--------------------------------------------------------

   CREATE SEQUENCE  "ALARM_NO_SEQ"  MINVALUE 1 MAXVALUE 9999999999999999999999999999 INCREMENT BY 1 START WITH 541 CACHE 20 NOORDER  NOCYCLE ;
--------------------------------------------------------
--  DDL for Sequence BLAME_NO_SEQ
--------------------------------------------------------

   CREATE SEQUENCE  "BLAME_NO_SEQ"  MINVALUE 1 MAXVALUE 9999999999999999999999999999 INCREMENT BY 1 START WITH 41 CACHE 20 NOORDER  NOCYCLE ;
--------------------------------------------------------
--  DDL for Sequence CMSG_NO_SEQ
--------------------------------------------------------

   CREATE SEQUENCE  "CMSG_NO_SEQ"  MINVALUE 1 MAXVALUE 9999999999999999999999999999 INCREMENT BY 1 START WITH 101 CACHE 20 NOORDER  NOCYCLE ;
--------------------------------------------------------
--  DDL for Sequence EMAIL_CHK_NO_SEQ
--------------------------------------------------------

   CREATE SEQUENCE  "EMAIL_CHK_NO_SEQ"  MINVALUE 1 MAXVALUE 9999999999999999999999999999 INCREMENT BY 1 START WITH 641 CACHE 20 NOORDER  NOCYCLE ;
--------------------------------------------------------
--  DDL for Sequence FEED_COM_NO_SEQ
--------------------------------------------------------

   CREATE SEQUENCE  "FEED_COM_NO_SEQ"  MINVALUE 1 MAXVALUE 9999999999999999999999999999 INCREMENT BY 1 START WITH 361 CACHE 20 NOORDER  NOCYCLE ;
--------------------------------------------------------
--  DDL for Sequence FEED_NO_SEQ
--------------------------------------------------------

   CREATE SEQUENCE  "FEED_NO_SEQ"  MINVALUE 1 MAXVALUE 9999999999999999999999999999 INCREMENT BY 1 START WITH 450 CACHE 20 NOORDER  NOCYCLE ;
--------------------------------------------------------
--  DDL for Sequence FOLLOW_NO_SEQ
--------------------------------------------------------

   CREATE SEQUENCE  "FOLLOW_NO_SEQ"  MINVALUE 1 MAXVALUE 9999999999999999999999999999 INCREMENT BY 1 START WITH 410 CACHE 20 NOORDER  NOCYCLE ;
--------------------------------------------------------
--  DDL for Sequence F_COM_RE_NO_SEQ
--------------------------------------------------------

   CREATE SEQUENCE  "F_COM_RE_NO_SEQ"  MINVALUE 1 MAXVALUE 9999999999999999999999999999 INCREMENT BY 1 START WITH 261 CACHE 20 NOORDER  NOCYCLE ;
--------------------------------------------------------
--  DDL for Sequence LIKE_NO_SEQ
--------------------------------------------------------

   CREATE SEQUENCE  "LIKE_NO_SEQ"  MINVALUE 1 MAXVALUE 9999999999999999999999999999 INCREMENT BY 1 START WITH 441 CACHE 20 NOORDER  NOCYCLE ;
--------------------------------------------------------
--  DDL for Sequence MSG_NO_SEQ
--------------------------------------------------------

   CREATE SEQUENCE  "MSG_NO_SEQ"  MINVALUE 1 MAXVALUE 9999999999999999999999999999 INCREMENT BY 1 START WITH 330 CACHE 20 NOORDER  NOCYCLE ;
--------------------------------------------------------
--  DDL for Sequence NEWS_NO_SEQ
--------------------------------------------------------

   CREATE SEQUENCE  "NEWS_NO_SEQ"  MINVALUE 1 MAXVALUE 9999999999999999999999999999 INCREMENT BY 1 START WITH 81 CACHE 20 NOORDER  NOCYCLE ;
--------------------------------------------------------
--  DDL for Sequence NOTICE_COM_NO_SEQ
--------------------------------------------------------

   CREATE SEQUENCE  "NOTICE_COM_NO_SEQ"  MINVALUE 1 MAXVALUE 9999999999999999999999999999 INCREMENT BY 1 START WITH 21 CACHE 20 NOORDER  NOCYCLE ;
--------------------------------------------------------
--  DDL for Sequence NOTICE_NO_SEQ
--------------------------------------------------------

   CREATE SEQUENCE  "NOTICE_NO_SEQ"  MINVALUE 1 MAXVALUE 9999999999999999999999999999 INCREMENT BY 1 START WITH 21 CACHE 20 NOORDER  NOCYCLE ;
--------------------------------------------------------
--  DDL for Table ALARM
--------------------------------------------------------

  CREATE TABLE "ALARM" 
   (	"ALARM_NO" NUMBER, 
	"USER_ID" VARCHAR2(200 BYTE), 
	"ALARM_CONT" VARCHAR2(200 BYTE), 
	"ALARM_TYPE" NUMBER, 
	"ALARM_DATE" DATE, 
	"ALARM_CHK" NUMBER, 
	"ALARM_CHK_DATE" DATE, 
	"SENDER_ID" VARCHAR2(200 BYTE)
   ) SEGMENT CREATION IMMEDIATE 
  PCTFREE 10 PCTUSED 40 INITRANS 1 MAXTRANS 255 NOCOMPRESS LOGGING
  STORAGE(INITIAL 65536 NEXT 1048576 MINEXTENTS 1 MAXEXTENTS 2147483645
  PCTINCREASE 0 FREELISTS 1 FREELIST GROUPS 1 BUFFER_POOL DEFAULT FLASH_CACHE DEFAULT CELL_FLASH_CACHE DEFAULT)
  TABLESPACE "SYSTEM" ;

   COMMENT ON COLUMN "ALARM"."ALARM_NO" IS '알림번호';
   COMMENT ON COLUMN "ALARM"."USER_ID" IS '이메일아이디';
   COMMENT ON COLUMN "ALARM"."ALARM_CONT" IS '알림 유발자 닉넴';
   COMMENT ON COLUMN "ALARM"."ALARM_TYPE" IS '알림유형';
   COMMENT ON COLUMN "ALARM"."ALARM_DATE" IS '알림시간';
   COMMENT ON COLUMN "ALARM"."ALARM_CHK" IS '알림확인여부';
   COMMENT ON COLUMN "ALARM"."ALARM_CHK_DATE" IS '알림확인시간';
   COMMENT ON TABLE "ALARM"  IS '알림';
--------------------------------------------------------
--  DDL for Table BLAME
--------------------------------------------------------

  CREATE TABLE "BLAME" 
   (	"BLAME_NO" NUMBER, 
	"USER_ID" VARCHAR2(200 BYTE), 
	"TARGET_ID" VARCHAR2(200 BYTE), 
	"FEED_NO" NUMBER, 
	"TARGET_TYPE" NUMBER, 
	"BLAME_DATE" DATE
   ) SEGMENT CREATION IMMEDIATE 
  PCTFREE 10 PCTUSED 40 INITRANS 1 MAXTRANS 255 NOCOMPRESS LOGGING
  STORAGE(INITIAL 65536 NEXT 1048576 MINEXTENTS 1 MAXEXTENTS 2147483645
  PCTINCREASE 0 FREELISTS 1 FREELIST GROUPS 1 BUFFER_POOL DEFAULT FLASH_CACHE DEFAULT CELL_FLASH_CACHE DEFAULT)
  TABLESPACE "SYSTEM" ;

   COMMENT ON COLUMN "BLAME"."BLAME_NO" IS '신고번호';
   COMMENT ON COLUMN "BLAME"."USER_ID" IS '신고한 회원';
   COMMENT ON COLUMN "BLAME"."TARGET_ID" IS '신고당한회원';
   COMMENT ON COLUMN "BLAME"."FEED_NO" IS '피드번호';
   COMMENT ON COLUMN "BLAME"."TARGET_TYPE" IS '신고종류';
   COMMENT ON COLUMN "BLAME"."BLAME_DATE" IS '신고일시';
   COMMENT ON TABLE "BLAME"  IS '신고피드';
--------------------------------------------------------
--  DDL for Table CLASS
--------------------------------------------------------

  CREATE TABLE "CLASS" 
   (	"CLASS_ID" VARCHAR2(200 BYTE), 
	"CLASS_START" DATE, 
	"CLASS_END" DATE, 
	"CLASS_TITLE" VARCHAR2(200 BYTE), 
	"CLASS_NUM" VARCHAR2(100 BYTE), 
	"CLASS_ROOM" VARCHAR2(100 BYTE)
   ) SEGMENT CREATION IMMEDIATE 
  PCTFREE 10 PCTUSED 40 INITRANS 1 MAXTRANS 255 NOCOMPRESS LOGGING
  STORAGE(INITIAL 65536 NEXT 1048576 MINEXTENTS 1 MAXEXTENTS 2147483645
  PCTINCREASE 0 FREELISTS 1 FREELIST GROUPS 1 BUFFER_POOL DEFAULT FLASH_CACHE DEFAULT CELL_FLASH_CACHE DEFAULT)
  TABLESPACE "SYSTEM" ;

   COMMENT ON COLUMN "CLASS"."CLASS_ID" IS '학급번호';
   COMMENT ON COLUMN "CLASS"."CLASS_START" IS '학급시작일';
   COMMENT ON COLUMN "CLASS"."CLASS_END" IS '학급종료일';
   COMMENT ON COLUMN "CLASS"."CLASS_TITLE" IS '학급강좌명';
   COMMENT ON COLUMN "CLASS"."CLASS_NUM" IS '학급기수';
   COMMENT ON COLUMN "CLASS"."CLASS_ROOM" IS '학급강의실';
   COMMENT ON TABLE "CLASS"  IS '학급';
--------------------------------------------------------
--  DDL for Table CLASS_MSG
--------------------------------------------------------

  CREATE TABLE "CLASS_MSG" 
   (	"CMSG_NO" NUMBER, 
	"CLASS_ID" VARCHAR2(200 BYTE), 
	"MSG_SENDER" VARCHAR2(200 BYTE), 
	"MSG_CONT" VARCHAR2(2000 BYTE), 
	"MSG_SENDDATE" DATE
   ) SEGMENT CREATION IMMEDIATE 
  PCTFREE 10 PCTUSED 40 INITRANS 1 MAXTRANS 255 NOCOMPRESS LOGGING
  STORAGE(INITIAL 65536 NEXT 1048576 MINEXTENTS 1 MAXEXTENTS 2147483645
  PCTINCREASE 0 FREELISTS 1 FREELIST GROUPS 1 BUFFER_POOL DEFAULT FLASH_CACHE DEFAULT CELL_FLASH_CACHE DEFAULT)
  TABLESPACE "SYSTEM" ;

   COMMENT ON COLUMN "CLASS_MSG"."CMSG_NO" IS '메시지번호';
   COMMENT ON COLUMN "CLASS_MSG"."CLASS_ID" IS '학급번호';
   COMMENT ON COLUMN "CLASS_MSG"."MSG_SENDER" IS '발신자';
   COMMENT ON COLUMN "CLASS_MSG"."MSG_CONT" IS '메시지내용';
   COMMENT ON COLUMN "CLASS_MSG"."MSG_SENDDATE" IS '발송일자';
   COMMENT ON TABLE "CLASS_MSG"  IS '클래스메시지';
--------------------------------------------------------
--  DDL for Table EMAIL_CHECK
--------------------------------------------------------

  CREATE TABLE "EMAIL_CHECK" 
   (	"EMAIL_CHK_NO" NUMBER, 
	"EMAIL_CHK_DATE" DATE, 
	"EMAIL_CHK_CONT" VARCHAR2(200 BYTE), 
	"EMAIL_CHK_ADDR" VARCHAR2(200 BYTE)
   ) SEGMENT CREATION IMMEDIATE 
  PCTFREE 10 PCTUSED 40 INITRANS 1 MAXTRANS 255 NOCOMPRESS LOGGING
  STORAGE(INITIAL 65536 NEXT 1048576 MINEXTENTS 1 MAXEXTENTS 2147483645
  PCTINCREASE 0 FREELISTS 1 FREELIST GROUPS 1 BUFFER_POOL DEFAULT FLASH_CACHE DEFAULT CELL_FLASH_CACHE DEFAULT)
  TABLESPACE "SYSTEM" ;

   COMMENT ON COLUMN "EMAIL_CHECK"."EMAIL_CHK_NO" IS '이메일인증번호';
   COMMENT ON COLUMN "EMAIL_CHECK"."EMAIL_CHK_DATE" IS '인증번호발송시간';
   COMMENT ON COLUMN "EMAIL_CHECK"."EMAIL_CHK_CONT" IS '인증번호내용';
   COMMENT ON COLUMN "EMAIL_CHECK"."EMAIL_CHK_ADDR" IS '이메일주소';
   COMMENT ON TABLE "EMAIL_CHECK"  IS '이메일인증';
--------------------------------------------------------
--  DDL for Table FEED
--------------------------------------------------------

  CREATE TABLE "FEED" 
   (	"FEED_NO" NUMBER, 
	"USER_ID" VARCHAR2(200 BYTE), 
	"FEED_CONT" VARCHAR2(2000 BYTE), 
	"FEED_DATE" DATE, 
	"FEED_PIC" VARCHAR2(1000 BYTE)
   ) SEGMENT CREATION IMMEDIATE 
  PCTFREE 10 PCTUSED 40 INITRANS 1 MAXTRANS 255 NOCOMPRESS LOGGING
  STORAGE(INITIAL 65536 NEXT 1048576 MINEXTENTS 1 MAXEXTENTS 2147483645
  PCTINCREASE 0 FREELISTS 1 FREELIST GROUPS 1 BUFFER_POOL DEFAULT FLASH_CACHE DEFAULT CELL_FLASH_CACHE DEFAULT)
  TABLESPACE "SYSTEM" ;

   COMMENT ON COLUMN "FEED"."FEED_NO" IS '피드번호';
   COMMENT ON COLUMN "FEED"."USER_ID" IS '이메일아이디';
   COMMENT ON COLUMN "FEED"."FEED_CONT" IS '피드내용';
   COMMENT ON COLUMN "FEED"."FEED_DATE" IS '피드작성일';
   COMMENT ON TABLE "FEED"  IS '피드';
--------------------------------------------------------
--  DDL for Table FEED_COMMENT
--------------------------------------------------------

  CREATE TABLE "FEED_COMMENT" 
   (	"FEED_COM_NO" NUMBER, 
	"FEED_NO" NUMBER, 
	"USER_ID" VARCHAR2(200 BYTE), 
	"FEED_COM_CONT" VARCHAR2(1000 BYTE), 
	"FEED_COM_DATE" DATE
   ) SEGMENT CREATION IMMEDIATE 
  PCTFREE 10 PCTUSED 40 INITRANS 1 MAXTRANS 255 NOCOMPRESS LOGGING
  STORAGE(INITIAL 65536 NEXT 1048576 MINEXTENTS 1 MAXEXTENTS 2147483645
  PCTINCREASE 0 FREELISTS 1 FREELIST GROUPS 1 BUFFER_POOL DEFAULT FLASH_CACHE DEFAULT CELL_FLASH_CACHE DEFAULT)
  TABLESPACE "SYSTEM" ;

   COMMENT ON COLUMN "FEED_COMMENT"."FEED_COM_NO" IS '피드댓글번호';
   COMMENT ON COLUMN "FEED_COMMENT"."FEED_NO" IS '피드번호';
   COMMENT ON COLUMN "FEED_COMMENT"."USER_ID" IS '이메일아이디';
   COMMENT ON COLUMN "FEED_COMMENT"."FEED_COM_CONT" IS '피드댓글내용';
   COMMENT ON COLUMN "FEED_COMMENT"."FEED_COM_DATE" IS '피드댓글시간';
   COMMENT ON TABLE "FEED_COMMENT"  IS '피드 댓글';
--------------------------------------------------------
--  DDL for Table FEED_COM_RE
--------------------------------------------------------

  CREATE TABLE "FEED_COM_RE" 
   (	"F_COM_RE_NO" NUMBER, 
	"FEED_COM_NO" NUMBER, 
	"USER_ID" VARCHAR2(200 BYTE), 
	"F_COM_RE_CONT" VARCHAR2(1000 BYTE), 
	"F_COM_RE_DATE" DATE
   ) SEGMENT CREATION IMMEDIATE 
  PCTFREE 10 PCTUSED 40 INITRANS 1 MAXTRANS 255 NOCOMPRESS LOGGING
  STORAGE(INITIAL 65536 NEXT 1048576 MINEXTENTS 1 MAXEXTENTS 2147483645
  PCTINCREASE 0 FREELISTS 1 FREELIST GROUPS 1 BUFFER_POOL DEFAULT FLASH_CACHE DEFAULT CELL_FLASH_CACHE DEFAULT)
  TABLESPACE "SYSTEM" ;

   COMMENT ON COLUMN "FEED_COM_RE"."F_COM_RE_NO" IS '피드대댓글번호';
   COMMENT ON COLUMN "FEED_COM_RE"."FEED_COM_NO" IS '피드댓글번호';
   COMMENT ON COLUMN "FEED_COM_RE"."USER_ID" IS '이메일아이디';
   COMMENT ON COLUMN "FEED_COM_RE"."F_COM_RE_CONT" IS '피드대댓글내용';
   COMMENT ON COLUMN "FEED_COM_RE"."F_COM_RE_DATE" IS '피드대댓글시간';
   COMMENT ON TABLE "FEED_COM_RE"  IS '피드대댓글';
--------------------------------------------------------
--  DDL for Table FOLLOW
--------------------------------------------------------

  CREATE TABLE "FOLLOW" 
   (	"FOLLOW_NO" NUMBER, 
	"FOLLOWER" VARCHAR2(200 BYTE), 
	"FOLLOWEE" VARCHAR2(200 BYTE)
   ) SEGMENT CREATION IMMEDIATE 
  PCTFREE 10 PCTUSED 40 INITRANS 1 MAXTRANS 255 NOCOMPRESS LOGGING
  STORAGE(INITIAL 65536 NEXT 1048576 MINEXTENTS 1 MAXEXTENTS 2147483645
  PCTINCREASE 0 FREELISTS 1 FREELIST GROUPS 1 BUFFER_POOL DEFAULT FLASH_CACHE DEFAULT CELL_FLASH_CACHE DEFAULT)
  TABLESPACE "SYSTEM" ;

   COMMENT ON COLUMN "FOLLOW"."FOLLOW_NO" IS '팔로우번호';
   COMMENT ON COLUMN "FOLLOW"."FOLLOWER" IS '팔로워';
   COMMENT ON COLUMN "FOLLOW"."FOLLOWEE" IS '팔로위';
   COMMENT ON TABLE "FOLLOW"  IS '팔로우';
--------------------------------------------------------
--  DDL for Table LIKES
--------------------------------------------------------

  CREATE TABLE "LIKES" 
   (	"LIKE_NO" NUMBER, 
	"USER_ID" VARCHAR2(200 BYTE), 
	"FEED_NO" NUMBER
   ) SEGMENT CREATION IMMEDIATE 
  PCTFREE 10 PCTUSED 40 INITRANS 1 MAXTRANS 255 NOCOMPRESS LOGGING
  STORAGE(INITIAL 65536 NEXT 1048576 MINEXTENTS 1 MAXEXTENTS 2147483645
  PCTINCREASE 0 FREELISTS 1 FREELIST GROUPS 1 BUFFER_POOL DEFAULT FLASH_CACHE DEFAULT CELL_FLASH_CACHE DEFAULT)
  TABLESPACE "SYSTEM" ;

   COMMENT ON COLUMN "LIKES"."LIKE_NO" IS '좋아요번호';
   COMMENT ON COLUMN "LIKES"."USER_ID" IS '이메일아이디';
   COMMENT ON COLUMN "LIKES"."FEED_NO" IS '피드번호';
   COMMENT ON TABLE "LIKES"  IS '좋아요';
--------------------------------------------------------
--  DDL for Table LIKES_BACKUP
--------------------------------------------------------

  CREATE TABLE "LIKES_BACKUP" 
   (	"LIKE_NO" NUMBER, 
	"USER_ID" VARCHAR2(200 BYTE), 
	"FEED_NO" NUMBER
   ) SEGMENT CREATION IMMEDIATE 
  PCTFREE 10 PCTUSED 40 INITRANS 1 MAXTRANS 255 NOCOMPRESS LOGGING
  STORAGE(INITIAL 65536 NEXT 1048576 MINEXTENTS 1 MAXEXTENTS 2147483645
  PCTINCREASE 0 FREELISTS 1 FREELIST GROUPS 1 BUFFER_POOL DEFAULT FLASH_CACHE DEFAULT CELL_FLASH_CACHE DEFAULT)
  TABLESPACE "SYSTEM" ;
--------------------------------------------------------
--  DDL for Table MESSAGE
--------------------------------------------------------

  CREATE TABLE "MESSAGE" 
   (	"MSG_NO" NUMBER, 
	"MSG_TARGET_ID" VARCHAR2(200 BYTE), 
	"MSG_SENDER" VARCHAR2(200 BYTE), 
	"MSG_CONTENT" VARCHAR2(2000 BYTE), 
	"MSG_SENDDATE" DATE, 
	"MSG_OPENDATE" DATE
   ) SEGMENT CREATION IMMEDIATE 
  PCTFREE 10 PCTUSED 40 INITRANS 1 MAXTRANS 255 NOCOMPRESS LOGGING
  STORAGE(INITIAL 65536 NEXT 1048576 MINEXTENTS 1 MAXEXTENTS 2147483645
  PCTINCREASE 0 FREELISTS 1 FREELIST GROUPS 1 BUFFER_POOL DEFAULT FLASH_CACHE DEFAULT CELL_FLASH_CACHE DEFAULT)
  TABLESPACE "SYSTEM" ;

   COMMENT ON COLUMN "MESSAGE"."MSG_NO" IS '메시지번호';
   COMMENT ON COLUMN "MESSAGE"."MSG_TARGET_ID" IS '수신자';
   COMMENT ON COLUMN "MESSAGE"."MSG_SENDER" IS '발신자';
   COMMENT ON COLUMN "MESSAGE"."MSG_CONTENT" IS '메시지내용';
   COMMENT ON COLUMN "MESSAGE"."MSG_SENDDATE" IS '발송일자';
   COMMENT ON COLUMN "MESSAGE"."MSG_OPENDATE" IS '열람일자';
   COMMENT ON TABLE "MESSAGE"  IS '메시지';
--------------------------------------------------------
--  DDL for Table NEWS
--------------------------------------------------------

  CREATE TABLE "NEWS" 
   (	"NEWS_NO" NUMBER, 
	"NEWS_TITLE" VARCHAR2(1000 BYTE), 
	"NEWS_CONT" CLOB, 
	"NEWS_DATE" DATE, 
	"NEWS_PIC" VARCHAR2(1000 BYTE)
   ) SEGMENT CREATION IMMEDIATE 
  PCTFREE 10 PCTUSED 40 INITRANS 1 MAXTRANS 255 NOCOMPRESS LOGGING
  STORAGE(INITIAL 65536 NEXT 1048576 MINEXTENTS 1 MAXEXTENTS 2147483645
  PCTINCREASE 0 FREELISTS 1 FREELIST GROUPS 1 BUFFER_POOL DEFAULT FLASH_CACHE DEFAULT CELL_FLASH_CACHE DEFAULT)
  TABLESPACE "SYSTEM" 
 LOB ("NEWS_CONT") STORE AS BASICFILE (
  TABLESPACE "SYSTEM" ENABLE STORAGE IN ROW CHUNK 8192 RETENTION 
  NOCACHE LOGGING 
  STORAGE(INITIAL 65536 NEXT 1048576 MINEXTENTS 1 MAXEXTENTS 2147483645
  PCTINCREASE 0 FREELISTS 1 FREELIST GROUPS 1 BUFFER_POOL DEFAULT FLASH_CACHE DEFAULT CELL_FLASH_CACHE DEFAULT)) ;
--------------------------------------------------------
--  DDL for Table NOTICE
--------------------------------------------------------

  CREATE TABLE "NOTICE" 
   (	"NOTICE_NO" NUMBER, 
	"USER_ID" VARCHAR2(200 BYTE), 
	"NOTICE_CONT" VARCHAR2(2000 BYTE), 
	"NOTICE_DATE" DATE, 
	"NOTICE_PIC" VARCHAR2(1000 BYTE)
   ) SEGMENT CREATION IMMEDIATE 
  PCTFREE 10 PCTUSED 40 INITRANS 1 MAXTRANS 255 NOCOMPRESS LOGGING
  STORAGE(INITIAL 65536 NEXT 1048576 MINEXTENTS 1 MAXEXTENTS 2147483645
  PCTINCREASE 0 FREELISTS 1 FREELIST GROUPS 1 BUFFER_POOL DEFAULT FLASH_CACHE DEFAULT CELL_FLASH_CACHE DEFAULT)
  TABLESPACE "SYSTEM" ;

   COMMENT ON COLUMN "NOTICE"."NOTICE_NO" IS '공지사항번호';
   COMMENT ON COLUMN "NOTICE"."USER_ID" IS '이메일아이디';
   COMMENT ON COLUMN "NOTICE"."NOTICE_CONT" IS '공지사항내용';
   COMMENT ON COLUMN "NOTICE"."NOTICE_DATE" IS '공지사항작성일';
   COMMENT ON TABLE "NOTICE"  IS '공지사항';
--------------------------------------------------------
--  DDL for Table NOTICE_COMMENT
--------------------------------------------------------

  CREATE TABLE "NOTICE_COMMENT" 
   (	"NOTICE_COM_NO" NUMBER, 
	"NOTICE_NO" NUMBER, 
	"USER_ID" VARCHAR2(200 BYTE), 
	"NOTICE_COM_CONT" VARCHAR2(1000 BYTE), 
	"NOTICE_COM_DATE" DATE
   ) SEGMENT CREATION IMMEDIATE 
  PCTFREE 10 PCTUSED 40 INITRANS 1 MAXTRANS 255 NOCOMPRESS LOGGING
  STORAGE(INITIAL 65536 NEXT 1048576 MINEXTENTS 1 MAXEXTENTS 2147483645
  PCTINCREASE 0 FREELISTS 1 FREELIST GROUPS 1 BUFFER_POOL DEFAULT FLASH_CACHE DEFAULT CELL_FLASH_CACHE DEFAULT)
  TABLESPACE "SYSTEM" ;

   COMMENT ON COLUMN "NOTICE_COMMENT"."NOTICE_COM_NO" IS '공지사항댓글번호';
   COMMENT ON COLUMN "NOTICE_COMMENT"."NOTICE_NO" IS '공지사항번호';
   COMMENT ON COLUMN "NOTICE_COMMENT"."USER_ID" IS '이메일아이디';
   COMMENT ON COLUMN "NOTICE_COMMENT"."NOTICE_COM_CONT" IS '공지사항댓글내용';
   COMMENT ON COLUMN "NOTICE_COMMENT"."NOTICE_COM_DATE" IS '공지사항댓글시간';
   COMMENT ON TABLE "NOTICE_COMMENT"  IS '공지사항댓글';
--------------------------------------------------------
--  DDL for Table TERMS
--------------------------------------------------------

  CREATE TABLE "TERMS" 
   (	"TERMS_NO" NUMBER, 
	"TERMS_TITLE" VARCHAR2(100 BYTE) DEFAULT 'DEFAULT', 
	"TERMS_CONT" CLOB DEFAULT 'DEFAULT', 
	"TERMS_ESSEN" NUMBER DEFAULT 0, 
	"TERMS_SEQ" NUMBER DEFAULT 0, 
	"TERMS_USE" NUMBER DEFAULT 0
   ) SEGMENT CREATION IMMEDIATE 
  PCTFREE 10 PCTUSED 40 INITRANS 1 MAXTRANS 255 NOCOMPRESS LOGGING
  STORAGE(INITIAL 65536 NEXT 1048576 MINEXTENTS 1 MAXEXTENTS 2147483645
  PCTINCREASE 0 FREELISTS 1 FREELIST GROUPS 1 BUFFER_POOL DEFAULT FLASH_CACHE DEFAULT CELL_FLASH_CACHE DEFAULT)
  TABLESPACE "SYSTEM" 
 LOB ("TERMS_CONT") STORE AS BASICFILE (
  TABLESPACE "SYSTEM" ENABLE STORAGE IN ROW CHUNK 8192 RETENTION 
  NOCACHE LOGGING 
  STORAGE(INITIAL 65536 NEXT 1048576 MINEXTENTS 1 MAXEXTENTS 2147483645
  PCTINCREASE 0 FREELISTS 1 FREELIST GROUPS 1 BUFFER_POOL DEFAULT FLASH_CACHE DEFAULT CELL_FLASH_CACHE DEFAULT)) ;

   COMMENT ON COLUMN "TERMS"."TERMS_NO" IS '약관번호';
   COMMENT ON COLUMN "TERMS"."TERMS_TITLE" IS '약관이름';
   COMMENT ON COLUMN "TERMS"."TERMS_CONT" IS '약관내용';
   COMMENT ON COLUMN "TERMS"."TERMS_ESSEN" IS '필수여부';
   COMMENT ON COLUMN "TERMS"."TERMS_SEQ" IS '약관순서';
   COMMENT ON COLUMN "TERMS"."TERMS_USE" IS '약관사용여부';
   COMMENT ON TABLE "TERMS"  IS '회원약관';
--------------------------------------------------------
--  DDL for Table TERMS_HIS
--------------------------------------------------------

  CREATE TABLE "TERMS_HIS" 
   (	"TERMS_NO" NUMBER, 
	"USER_ID" VARCHAR2(200 BYTE), 
	"TERMS_AGREE" NUMBER
   ) SEGMENT CREATION IMMEDIATE 
  PCTFREE 10 PCTUSED 40 INITRANS 1 MAXTRANS 255 NOCOMPRESS LOGGING
  STORAGE(INITIAL 65536 NEXT 1048576 MINEXTENTS 1 MAXEXTENTS 2147483645
  PCTINCREASE 0 FREELISTS 1 FREELIST GROUPS 1 BUFFER_POOL DEFAULT FLASH_CACHE DEFAULT CELL_FLASH_CACHE DEFAULT)
  TABLESPACE "SYSTEM" ;

   COMMENT ON COLUMN "TERMS_HIS"."TERMS_NO" IS '약관번호';
   COMMENT ON COLUMN "TERMS_HIS"."USER_ID" IS '이메일아이디';
   COMMENT ON COLUMN "TERMS_HIS"."TERMS_AGREE" IS '동의여부';
   COMMENT ON TABLE "TERMS_HIS"  IS '약관동의이력';
--------------------------------------------------------
--  DDL for Table USERS
--------------------------------------------------------

  CREATE TABLE "USERS" 
   (	"USER_ID" VARCHAR2(200 BYTE), 
	"CLASS_ID" VARCHAR2(200 BYTE) DEFAULT 'C000', 
	"USER_NICKNAME" VARCHAR2(100 BYTE), 
	"USER_PASSWORD" VARCHAR2(100 BYTE), 
	"USER_NAME" VARCHAR2(100 BYTE), 
	"USER_TEL" VARCHAR2(100 BYTE), 
	"USER_BIRTH" VARCHAR2(100 BYTE), 
	"USER_RATING" NUMBER DEFAULT 0, 
	"USER_THEME" NUMBER DEFAULT 0, 
	"USER_SIGN_DATE" DATE, 
	"USER_BIO" VARCHAR2(1000 BYTE) DEFAULT '자기소개가 없습니다.', 
	"USER_PIC" VARCHAR2(1000 BYTE)
   ) SEGMENT CREATION IMMEDIATE 
  PCTFREE 10 PCTUSED 40 INITRANS 1 MAXTRANS 255 NOCOMPRESS LOGGING
  STORAGE(INITIAL 65536 NEXT 1048576 MINEXTENTS 1 MAXEXTENTS 2147483645
  PCTINCREASE 0 FREELISTS 1 FREELIST GROUPS 1 BUFFER_POOL DEFAULT FLASH_CACHE DEFAULT CELL_FLASH_CACHE DEFAULT)
  TABLESPACE "SYSTEM" ;

   COMMENT ON COLUMN "USERS"."USER_ID" IS '이메일아이디';
   COMMENT ON COLUMN "USERS"."CLASS_ID" IS '학급번호';
   COMMENT ON COLUMN "USERS"."USER_NICKNAME" IS '닉네임';
   COMMENT ON COLUMN "USERS"."USER_PASSWORD" IS '비밀번호';
   COMMENT ON COLUMN "USERS"."USER_NAME" IS '이름';
   COMMENT ON COLUMN "USERS"."USER_TEL" IS '전화번호';
   COMMENT ON COLUMN "USERS"."USER_BIRTH" IS '생일';
   COMMENT ON COLUMN "USERS"."USER_RATING" IS '등급';
   COMMENT ON COLUMN "USERS"."USER_THEME" IS '테마';
   COMMENT ON COLUMN "USERS"."USER_SIGN_DATE" IS '가입일자';
   COMMENT ON COLUMN "USERS"."USER_BIO" IS '회원자기소개';
   COMMENT ON TABLE "USERS"  IS '회원';
REM INSERTING into ALARM
SET DEFINE OFF;
Insert into ALARM (ALARM_NO,USER_ID,ALARM_CONT,ALARM_TYPE,ALARM_DATE,ALARM_CHK,ALARM_CHK_DATE,SENDER_ID) values (1,'psh40963@naver.com','써머',11,to_date('2021/02/25','RRRR/MM/DD'),1,to_date('2021/02/25','RRRR/MM/DD'),'bomik0614@gmail.com');
Insert into ALARM (ALARM_NO,USER_ID,ALARM_CONT,ALARM_TYPE,ALARM_DATE,ALARM_CHK,ALARM_CHK_DATE,SENDER_ID) values (3,'psh40963@naver.com','조씨',21,to_date('2021/02/25','RRRR/MM/DD'),0,null,'expedition1205@gmail.com');
Insert into ALARM (ALARM_NO,USER_ID,ALARM_CONT,ALARM_TYPE,ALARM_DATE,ALARM_CHK,ALARM_CHK_DATE,SENDER_ID) values (142,'psh40963@naver.com','조씨',11,to_date('2021/03/03','RRRR/MM/DD'),0,null,'expedition1205@gmail.com');
Insert into ALARM (ALARM_NO,USER_ID,ALARM_CONT,ALARM_TYPE,ALARM_DATE,ALARM_CHK,ALARM_CHK_DATE,SENDER_ID) values (328,'psh40963@naver.com','스칼렛',12,to_date('2021/03/07','RRRR/MM/DD'),0,null,'chdnjs7610@gmail.com');
Insert into ALARM (ALARM_NO,USER_ID,ALARM_CONT,ALARM_TYPE,ALARM_DATE,ALARM_CHK,ALARM_CHK_DATE,SENDER_ID) values (381,'expedition1205@gmail.com','썸머',11,to_date('2021/03/07','RRRR/MM/DD'),0,null,'bomik0614@gmail.com');
Insert into ALARM (ALARM_NO,USER_ID,ALARM_CONT,ALARM_TYPE,ALARM_DATE,ALARM_CHK,ALARM_CHK_DATE,SENDER_ID) values (483,'expedition1205@gmail.com','테스터쉐인',10,to_date('2021/03/08','RRRR/MM/DD'),0,null,'psh40963@naver.com');
Insert into ALARM (ALARM_NO,USER_ID,ALARM_CONT,ALARM_TYPE,ALARM_DATE,ALARM_CHK,ALARM_CHK_DATE,SENDER_ID) values (464,'bomik0614@gmail.com','망태기',12,to_date('2021/03/08','RRRR/MM/DD'),0,null,'chdnjs7610@gmail.com');
Insert into ALARM (ALARM_NO,USER_ID,ALARM_CONT,ALARM_TYPE,ALARM_DATE,ALARM_CHK,ALARM_CHK_DATE,SENDER_ID) values (21,'psh40963@naver.com','6기 - 302호',31,to_date('2021/02/25','RRRR/MM/DD'),0,null,'C202011302');
Insert into ALARM (ALARM_NO,USER_ID,ALARM_CONT,ALARM_TYPE,ALARM_DATE,ALARM_CHK,ALARM_CHK_DATE,SENDER_ID) values (413,'a002','유아인',11,to_date('2021/03/07','RRRR/MM/DD'),0,null,'ddit302stu4@gmail.com');
Insert into ALARM (ALARM_NO,USER_ID,ALARM_CONT,ALARM_TYPE,ALARM_DATE,ALARM_CHK,ALARM_CHK_DATE,SENDER_ID) values (411,'expedition1205@gmail.com','테스터쉐인',12,to_date('2021/03/07','RRRR/MM/DD'),0,null,'psh40963@naver.com');
Insert into ALARM (ALARM_NO,USER_ID,ALARM_CONT,ALARM_TYPE,ALARM_DATE,ALARM_CHK,ALARM_CHK_DATE,SENDER_ID) values (415,'psh40963@naver.com','유아인',11,to_date('2021/03/07','RRRR/MM/DD'),0,null,'ddit302stu4@gmail.com');
Insert into ALARM (ALARM_NO,USER_ID,ALARM_CONT,ALARM_TYPE,ALARM_DATE,ALARM_CHK,ALARM_CHK_DATE,SENDER_ID) values (454,'chdnjs7610@gmail.com','조씨',12,to_date('2021/03/08','RRRR/MM/DD'),0,null,'expedition1205@gmail.com');
Insert into ALARM (ALARM_NO,USER_ID,ALARM_CONT,ALARM_TYPE,ALARM_DATE,ALARM_CHK,ALARM_CHK_DATE,SENDER_ID) values (436,'a002','공유',11,to_date('2021/03/08','RRRR/MM/DD'),0,null,'ddit302stu5@gmail.com');
Insert into ALARM (ALARM_NO,USER_ID,ALARM_CONT,ALARM_TYPE,ALARM_DATE,ALARM_CHK,ALARM_CHK_DATE,SENDER_ID) values (22,'psh40963@naver.com','조씨',22,to_date('2021/02/25','RRRR/MM/DD'),0,to_date('2021/02/25','RRRR/MM/DD'),'expedition1205@gmail.com');
Insert into ALARM (ALARM_NO,USER_ID,ALARM_CONT,ALARM_TYPE,ALARM_DATE,ALARM_CHK,ALARM_CHK_DATE,SENDER_ID) values (412,'expedition1205@gmail.com','유아인',11,to_date('2021/03/07','RRRR/MM/DD'),0,null,'ddit302stu4@gmail.com');
Insert into ALARM (ALARM_NO,USER_ID,ALARM_CONT,ALARM_TYPE,ALARM_DATE,ALARM_CHK,ALARM_CHK_DATE,SENDER_ID) values (5,'chdnjs7610@gmail.com','테스터스칼릿',12,to_date('2021/02/25','RRRR/MM/DD'),0,null,'chdnjs7610@gmail.com');
Insert into ALARM (ALARM_NO,USER_ID,ALARM_CONT,ALARM_TYPE,ALARM_DATE,ALARM_CHK,ALARM_CHK_DATE,SENDER_ID) values (6,'chdnjs7610@gmail.com','조씨',21,to_date('2021/02/25','RRRR/MM/DD'),0,null,'expedition1205@gmail.com');
Insert into ALARM (ALARM_NO,USER_ID,ALARM_CONT,ALARM_TYPE,ALARM_DATE,ALARM_CHK,ALARM_CHK_DATE,SENDER_ID) values (7,'chdnjs7610@gmail.com','6기 - 302호',31,to_date('2021/02/25','RRRR/MM/DD'),0,null,'C202011302');
Insert into ALARM (ALARM_NO,USER_ID,ALARM_CONT,ALARM_TYPE,ALARM_DATE,ALARM_CHK,ALARM_CHK_DATE,SENDER_ID) values (8,'chdnjs7610@gmail.com','조씨',22,to_date('2021/02/25','RRRR/MM/DD'),0,to_date('2021/02/25','RRRR/MM/DD'),'expedition1205@gmail.com');
Insert into ALARM (ALARM_NO,USER_ID,ALARM_CONT,ALARM_TYPE,ALARM_DATE,ALARM_CHK,ALARM_CHK_DATE,SENDER_ID) values (11,'expedition1205@gmail.com','조씨',21,to_date('2021/02/25','RRRR/MM/DD'),0,null,'expedition1205@gmail.com');
Insert into ALARM (ALARM_NO,USER_ID,ALARM_CONT,ALARM_TYPE,ALARM_DATE,ALARM_CHK,ALARM_CHK_DATE,SENDER_ID) values (12,'expedition1205@gmail.com','6기 - 302호',31,to_date('2021/02/25','RRRR/MM/DD'),0,null,'C202011302');
Insert into ALARM (ALARM_NO,USER_ID,ALARM_CONT,ALARM_TYPE,ALARM_DATE,ALARM_CHK,ALARM_CHK_DATE,SENDER_ID) values (13,'expedition1205@gmail.com','조씨',22,to_date('2021/02/25','RRRR/MM/DD'),0,to_date('2021/02/25','RRRR/MM/DD'),'expedition1205@gmail.com');
Insert into ALARM (ALARM_NO,USER_ID,ALARM_CONT,ALARM_TYPE,ALARM_DATE,ALARM_CHK,ALARM_CHK_DATE,SENDER_ID) values (414,'vhvhglgl@naver.com','유아인',11,to_date('2021/03/07','RRRR/MM/DD'),0,null,'ddit302stu4@gmail.com');
Insert into ALARM (ALARM_NO,USER_ID,ALARM_CONT,ALARM_TYPE,ALARM_DATE,ALARM_CHK,ALARM_CHK_DATE,SENDER_ID) values (467,'chdnjs7610@gmail.com','썸머',12,to_date('2021/03/08','RRRR/MM/DD'),0,null,'bomik0614@gmail.com');
Insert into ALARM (ALARM_NO,USER_ID,ALARM_CONT,ALARM_TYPE,ALARM_DATE,ALARM_CHK,ALARM_CHK_DATE,SENDER_ID) values (16,'bomik0614@gmail.com','조씨',21,to_date('2021/02/25','RRRR/MM/DD'),0,null,'expedition1205@gmail.com');
Insert into ALARM (ALARM_NO,USER_ID,ALARM_CONT,ALARM_TYPE,ALARM_DATE,ALARM_CHK,ALARM_CHK_DATE,SENDER_ID) values (17,'bomik0614@gmail.com','6기 - 302호',31,to_date('2021/02/25','RRRR/MM/DD'),0,null,'C202011302');
Insert into ALARM (ALARM_NO,USER_ID,ALARM_CONT,ALARM_TYPE,ALARM_DATE,ALARM_CHK,ALARM_CHK_DATE,SENDER_ID) values (18,'bomik0614@gmail.com','조씨',22,to_date('2021/02/25','RRRR/MM/DD'),0,to_date('2021/02/25','RRRR/MM/DD'),'expedition1205@gmail.com');
Insert into ALARM (ALARM_NO,USER_ID,ALARM_CONT,ALARM_TYPE,ALARM_DATE,ALARM_CHK,ALARM_CHK_DATE,SENDER_ID) values (419,'chdnjs7610@naver.com','테스터쉐인',12,to_date('2021/03/07','RRRR/MM/DD'),0,null,'psh40963@naver.com');
Insert into ALARM (ALARM_NO,USER_ID,ALARM_CONT,ALARM_TYPE,ALARM_DATE,ALARM_CHK,ALARM_CHK_DATE,SENDER_ID) values (518,'kkobuk@hotmail.co.kr','망태기',11,to_date('2021/03/29','RRRR/MM/DD'),0,null,'chdnjs7610@gmail.com');
Insert into ALARM (ALARM_NO,USER_ID,ALARM_CONT,ALARM_TYPE,ALARM_DATE,ALARM_CHK,ALARM_CHK_DATE,SENDER_ID) values (427,'bomik0614@gmail.com','테스터쉐인',12,to_date('2021/03/08','RRRR/MM/DD'),0,null,'psh40963@naver.com');
Insert into ALARM (ALARM_NO,USER_ID,ALARM_CONT,ALARM_TYPE,ALARM_DATE,ALARM_CHK,ALARM_CHK_DATE,SENDER_ID) values (286,'chdnjs7610@gmail.com','테스터쉐인',11,to_date('2021/03/06','RRRR/MM/DD'),0,null,'psh40963@naver.com');
Insert into ALARM (ALARM_NO,USER_ID,ALARM_CONT,ALARM_TYPE,ALARM_DATE,ALARM_CHK,ALARM_CHK_DATE,SENDER_ID) values (181,'bomik0614@gmail.com','테스터스칼릿',11,to_date('2021/03/04','RRRR/MM/DD'),0,null,'chdnjs7610@gmail.com');
Insert into ALARM (ALARM_NO,USER_ID,ALARM_CONT,ALARM_TYPE,ALARM_DATE,ALARM_CHK,ALARM_CHK_DATE,SENDER_ID) values (503,'psh40963@naver.com','줸줸',11,to_date('2021/03/28','RRRR/MM/DD'),0,null,'dhdhdh0906@naver.com');
Insert into ALARM (ALARM_NO,USER_ID,ALARM_CONT,ALARM_TYPE,ALARM_DATE,ALARM_CHK,ALARM_CHK_DATE,SENDER_ID) values (410,'bomik0614@gmail.com','조씨',12,to_date('2021/03/07','RRRR/MM/DD'),0,null,'expedition1205@gmail.com');
Insert into ALARM (ALARM_NO,USER_ID,ALARM_CONT,ALARM_TYPE,ALARM_DATE,ALARM_CHK,ALARM_CHK_DATE,SENDER_ID) values (430,'psh40963@naver.com','썸머',12,to_date('2021/03/08','RRRR/MM/DD'),0,null,'bomik0614@gmail.com');
Insert into ALARM (ALARM_NO,USER_ID,ALARM_CONT,ALARM_TYPE,ALARM_DATE,ALARM_CHK,ALARM_CHK_DATE,SENDER_ID) values (437,'ddit302stu4@gmail.com','공유',11,to_date('2021/03/08','RRRR/MM/DD'),0,null,'ddit302stu5@gmail.com');
Insert into ALARM (ALARM_NO,USER_ID,ALARM_CONT,ALARM_TYPE,ALARM_DATE,ALARM_CHK,ALARM_CHK_DATE,SENDER_ID) values (409,'psh40963@naver.com','조씨',12,to_date('2021/03/07','RRRR/MM/DD'),0,null,'expedition1205@gmail.com');
Insert into ALARM (ALARM_NO,USER_ID,ALARM_CONT,ALARM_TYPE,ALARM_DATE,ALARM_CHK,ALARM_CHK_DATE,SENDER_ID) values (431,'expedition1205@gmail.com','썸머',12,to_date('2021/03/08','RRRR/MM/DD'),0,null,'bomik0614@gmail.com');
Insert into ALARM (ALARM_NO,USER_ID,ALARM_CONT,ALARM_TYPE,ALARM_DATE,ALARM_CHK,ALARM_CHK_DATE,SENDER_ID) values (426,'chdnjs7610@gmail.com','테스터쉐인',12,to_date('2021/03/08','RRRR/MM/DD'),0,null,'psh40963@naver.com');
Insert into ALARM (ALARM_NO,USER_ID,ALARM_CONT,ALARM_TYPE,ALARM_DATE,ALARM_CHK,ALARM_CHK_DATE,SENDER_ID) values (481,'ddit302stu9@gmail.com','망태기',12,to_date('2021/03/08','RRRR/MM/DD'),0,null,'chdnjs7610@gmail.com');
Insert into ALARM (ALARM_NO,USER_ID,ALARM_CONT,ALARM_TYPE,ALARM_DATE,ALARM_CHK,ALARM_CHK_DATE,SENDER_ID) values (439,'kkobuk@hotmail.co.kr','공유',11,to_date('2021/03/08','RRRR/MM/DD'),0,null,'ddit302stu5@gmail.com');
Insert into ALARM (ALARM_NO,USER_ID,ALARM_CONT,ALARM_TYPE,ALARM_DATE,ALARM_CHK,ALARM_CHK_DATE,SENDER_ID) values (482,'expedition1205@gmail.com','망태기',12,to_date('2021/03/08','RRRR/MM/DD'),0,null,'chdnjs7610@gmail.com');
Insert into ALARM (ALARM_NO,USER_ID,ALARM_CONT,ALARM_TYPE,ALARM_DATE,ALARM_CHK,ALARM_CHK_DATE,SENDER_ID) values (484,'bomik0614@gmail.com','조씨',11,to_date('2021/03/08','RRRR/MM/DD'),0,null,'expedition1205@gmail.com');
Insert into ALARM (ALARM_NO,USER_ID,ALARM_CONT,ALARM_TYPE,ALARM_DATE,ALARM_CHK,ALARM_CHK_DATE,SENDER_ID) values (438,'a001','공유',11,to_date('2021/03/08','RRRR/MM/DD'),0,null,'ddit302stu5@gmail.com');
Insert into ALARM (ALARM_NO,USER_ID,ALARM_CONT,ALARM_TYPE,ALARM_DATE,ALARM_CHK,ALARM_CHK_DATE,SENDER_ID) values (1,'psh40963@naver.com','써머',11,to_date('2021/02/25','RRRR/MM/DD'),1,to_date('2021/02/25','RRRR/MM/DD'),'bomik0614@gmail.com');
Insert into ALARM (ALARM_NO,USER_ID,ALARM_CONT,ALARM_TYPE,ALARM_DATE,ALARM_CHK,ALARM_CHK_DATE,SENDER_ID) values (3,'psh40963@naver.com','조씨',21,to_date('2021/02/25','RRRR/MM/DD'),0,null,'expedition1205@gmail.com');
Insert into ALARM (ALARM_NO,USER_ID,ALARM_CONT,ALARM_TYPE,ALARM_DATE,ALARM_CHK,ALARM_CHK_DATE,SENDER_ID) values (142,'psh40963@naver.com','조씨',11,to_date('2021/03/03','RRRR/MM/DD'),0,null,'expedition1205@gmail.com');
Insert into ALARM (ALARM_NO,USER_ID,ALARM_CONT,ALARM_TYPE,ALARM_DATE,ALARM_CHK,ALARM_CHK_DATE,SENDER_ID) values (328,'psh40963@naver.com','스칼렛',12,to_date('2021/03/07','RRRR/MM/DD'),0,null,'chdnjs7610@gmail.com');
Insert into ALARM (ALARM_NO,USER_ID,ALARM_CONT,ALARM_TYPE,ALARM_DATE,ALARM_CHK,ALARM_CHK_DATE,SENDER_ID) values (381,'expedition1205@gmail.com','썸머',11,to_date('2021/03/07','RRRR/MM/DD'),0,null,'bomik0614@gmail.com');
Insert into ALARM (ALARM_NO,USER_ID,ALARM_CONT,ALARM_TYPE,ALARM_DATE,ALARM_CHK,ALARM_CHK_DATE,SENDER_ID) values (483,'expedition1205@gmail.com','테스터쉐인',10,to_date('2021/03/08','RRRR/MM/DD'),0,null,'psh40963@naver.com');
Insert into ALARM (ALARM_NO,USER_ID,ALARM_CONT,ALARM_TYPE,ALARM_DATE,ALARM_CHK,ALARM_CHK_DATE,SENDER_ID) values (464,'bomik0614@gmail.com','망태기',12,to_date('2021/03/08','RRRR/MM/DD'),0,null,'chdnjs7610@gmail.com');
Insert into ALARM (ALARM_NO,USER_ID,ALARM_CONT,ALARM_TYPE,ALARM_DATE,ALARM_CHK,ALARM_CHK_DATE,SENDER_ID) values (21,'psh40963@naver.com','6기 - 302호',31,to_date('2021/02/25','RRRR/MM/DD'),0,null,'C202011302');
Insert into ALARM (ALARM_NO,USER_ID,ALARM_CONT,ALARM_TYPE,ALARM_DATE,ALARM_CHK,ALARM_CHK_DATE,SENDER_ID) values (413,'a002','유아인',11,to_date('2021/03/07','RRRR/MM/DD'),0,null,'ddit302stu4@gmail.com');
Insert into ALARM (ALARM_NO,USER_ID,ALARM_CONT,ALARM_TYPE,ALARM_DATE,ALARM_CHK,ALARM_CHK_DATE,SENDER_ID) values (411,'expedition1205@gmail.com','테스터쉐인',12,to_date('2021/03/07','RRRR/MM/DD'),0,null,'psh40963@naver.com');
Insert into ALARM (ALARM_NO,USER_ID,ALARM_CONT,ALARM_TYPE,ALARM_DATE,ALARM_CHK,ALARM_CHK_DATE,SENDER_ID) values (415,'psh40963@naver.com','유아인',11,to_date('2021/03/07','RRRR/MM/DD'),0,null,'ddit302stu4@gmail.com');
Insert into ALARM (ALARM_NO,USER_ID,ALARM_CONT,ALARM_TYPE,ALARM_DATE,ALARM_CHK,ALARM_CHK_DATE,SENDER_ID) values (454,'chdnjs7610@gmail.com','조씨',12,to_date('2021/03/08','RRRR/MM/DD'),0,null,'expedition1205@gmail.com');
Insert into ALARM (ALARM_NO,USER_ID,ALARM_CONT,ALARM_TYPE,ALARM_DATE,ALARM_CHK,ALARM_CHK_DATE,SENDER_ID) values (436,'a002','공유',11,to_date('2021/03/08','RRRR/MM/DD'),0,null,'ddit302stu5@gmail.com');
Insert into ALARM (ALARM_NO,USER_ID,ALARM_CONT,ALARM_TYPE,ALARM_DATE,ALARM_CHK,ALARM_CHK_DATE,SENDER_ID) values (22,'psh40963@naver.com','조씨',22,to_date('2021/02/25','RRRR/MM/DD'),0,to_date('2021/02/25','RRRR/MM/DD'),'expedition1205@gmail.com');
Insert into ALARM (ALARM_NO,USER_ID,ALARM_CONT,ALARM_TYPE,ALARM_DATE,ALARM_CHK,ALARM_CHK_DATE,SENDER_ID) values (412,'expedition1205@gmail.com','유아인',11,to_date('2021/03/07','RRRR/MM/DD'),0,null,'ddit302stu4@gmail.com');
Insert into ALARM (ALARM_NO,USER_ID,ALARM_CONT,ALARM_TYPE,ALARM_DATE,ALARM_CHK,ALARM_CHK_DATE,SENDER_ID) values (5,'chdnjs7610@gmail.com','테스터스칼릿',12,to_date('2021/02/25','RRRR/MM/DD'),0,null,'chdnjs7610@gmail.com');
Insert into ALARM (ALARM_NO,USER_ID,ALARM_CONT,ALARM_TYPE,ALARM_DATE,ALARM_CHK,ALARM_CHK_DATE,SENDER_ID) values (6,'chdnjs7610@gmail.com','조씨',21,to_date('2021/02/25','RRRR/MM/DD'),0,null,'expedition1205@gmail.com');
Insert into ALARM (ALARM_NO,USER_ID,ALARM_CONT,ALARM_TYPE,ALARM_DATE,ALARM_CHK,ALARM_CHK_DATE,SENDER_ID) values (7,'chdnjs7610@gmail.com','6기 - 302호',31,to_date('2021/02/25','RRRR/MM/DD'),0,null,'C202011302');
Insert into ALARM (ALARM_NO,USER_ID,ALARM_CONT,ALARM_TYPE,ALARM_DATE,ALARM_CHK,ALARM_CHK_DATE,SENDER_ID) values (8,'chdnjs7610@gmail.com','조씨',22,to_date('2021/02/25','RRRR/MM/DD'),0,to_date('2021/02/25','RRRR/MM/DD'),'expedition1205@gmail.com');
Insert into ALARM (ALARM_NO,USER_ID,ALARM_CONT,ALARM_TYPE,ALARM_DATE,ALARM_CHK,ALARM_CHK_DATE,SENDER_ID) values (11,'expedition1205@gmail.com','조씨',21,to_date('2021/02/25','RRRR/MM/DD'),0,null,'expedition1205@gmail.com');
Insert into ALARM (ALARM_NO,USER_ID,ALARM_CONT,ALARM_TYPE,ALARM_DATE,ALARM_CHK,ALARM_CHK_DATE,SENDER_ID) values (12,'expedition1205@gmail.com','6기 - 302호',31,to_date('2021/02/25','RRRR/MM/DD'),0,null,'C202011302');
Insert into ALARM (ALARM_NO,USER_ID,ALARM_CONT,ALARM_TYPE,ALARM_DATE,ALARM_CHK,ALARM_CHK_DATE,SENDER_ID) values (13,'expedition1205@gmail.com','조씨',22,to_date('2021/02/25','RRRR/MM/DD'),0,to_date('2021/02/25','RRRR/MM/DD'),'expedition1205@gmail.com');
Insert into ALARM (ALARM_NO,USER_ID,ALARM_CONT,ALARM_TYPE,ALARM_DATE,ALARM_CHK,ALARM_CHK_DATE,SENDER_ID) values (414,'vhvhglgl@naver.com','유아인',11,to_date('2021/03/07','RRRR/MM/DD'),0,null,'ddit302stu4@gmail.com');
Insert into ALARM (ALARM_NO,USER_ID,ALARM_CONT,ALARM_TYPE,ALARM_DATE,ALARM_CHK,ALARM_CHK_DATE,SENDER_ID) values (467,'chdnjs7610@gmail.com','썸머',12,to_date('2021/03/08','RRRR/MM/DD'),0,null,'bomik0614@gmail.com');
Insert into ALARM (ALARM_NO,USER_ID,ALARM_CONT,ALARM_TYPE,ALARM_DATE,ALARM_CHK,ALARM_CHK_DATE,SENDER_ID) values (16,'bomik0614@gmail.com','조씨',21,to_date('2021/02/25','RRRR/MM/DD'),0,null,'expedition1205@gmail.com');
Insert into ALARM (ALARM_NO,USER_ID,ALARM_CONT,ALARM_TYPE,ALARM_DATE,ALARM_CHK,ALARM_CHK_DATE,SENDER_ID) values (17,'bomik0614@gmail.com','6기 - 302호',31,to_date('2021/02/25','RRRR/MM/DD'),0,null,'C202011302');
Insert into ALARM (ALARM_NO,USER_ID,ALARM_CONT,ALARM_TYPE,ALARM_DATE,ALARM_CHK,ALARM_CHK_DATE,SENDER_ID) values (18,'bomik0614@gmail.com','조씨',22,to_date('2021/02/25','RRRR/MM/DD'),0,to_date('2021/02/25','RRRR/MM/DD'),'expedition1205@gmail.com');
Insert into ALARM (ALARM_NO,USER_ID,ALARM_CONT,ALARM_TYPE,ALARM_DATE,ALARM_CHK,ALARM_CHK_DATE,SENDER_ID) values (419,'chdnjs7610@naver.com','테스터쉐인',12,to_date('2021/03/07','RRRR/MM/DD'),0,null,'psh40963@naver.com');
Insert into ALARM (ALARM_NO,USER_ID,ALARM_CONT,ALARM_TYPE,ALARM_DATE,ALARM_CHK,ALARM_CHK_DATE,SENDER_ID) values (513,'dhdhdh0906@naver.com','테스터쉐인',12,to_date('2021/03/28','RRRR/MM/DD'),0,null,'psh40963@naver.com');
Insert into ALARM (ALARM_NO,USER_ID,ALARM_CONT,ALARM_TYPE,ALARM_DATE,ALARM_CHK,ALARM_CHK_DATE,SENDER_ID) values (427,'bomik0614@gmail.com','테스터쉐인',12,to_date('2021/03/08','RRRR/MM/DD'),0,null,'psh40963@naver.com');
Insert into ALARM (ALARM_NO,USER_ID,ALARM_CONT,ALARM_TYPE,ALARM_DATE,ALARM_CHK,ALARM_CHK_DATE,SENDER_ID) values (286,'chdnjs7610@gmail.com','테스터쉐인',11,to_date('2021/03/06','RRRR/MM/DD'),0,null,'psh40963@naver.com');
Insert into ALARM (ALARM_NO,USER_ID,ALARM_CONT,ALARM_TYPE,ALARM_DATE,ALARM_CHK,ALARM_CHK_DATE,SENDER_ID) values (181,'bomik0614@gmail.com','테스터스칼릿',11,to_date('2021/03/04','RRRR/MM/DD'),0,null,'chdnjs7610@gmail.com');
Insert into ALARM (ALARM_NO,USER_ID,ALARM_CONT,ALARM_TYPE,ALARM_DATE,ALARM_CHK,ALARM_CHK_DATE,SENDER_ID) values (512,'psh40963@naver.com','줸줸',12,to_date('2021/03/28','RRRR/MM/DD'),0,null,'dhdhdh0906@naver.com');
Insert into ALARM (ALARM_NO,USER_ID,ALARM_CONT,ALARM_TYPE,ALARM_DATE,ALARM_CHK,ALARM_CHK_DATE,SENDER_ID) values (410,'bomik0614@gmail.com','조씨',12,to_date('2021/03/07','RRRR/MM/DD'),0,null,'expedition1205@gmail.com');
Insert into ALARM (ALARM_NO,USER_ID,ALARM_CONT,ALARM_TYPE,ALARM_DATE,ALARM_CHK,ALARM_CHK_DATE,SENDER_ID) values (430,'psh40963@naver.com','썸머',12,to_date('2021/03/08','RRRR/MM/DD'),0,null,'bomik0614@gmail.com');
Insert into ALARM (ALARM_NO,USER_ID,ALARM_CONT,ALARM_TYPE,ALARM_DATE,ALARM_CHK,ALARM_CHK_DATE,SENDER_ID) values (437,'ddit302stu4@gmail.com','공유',11,to_date('2021/03/08','RRRR/MM/DD'),0,null,'ddit302stu5@gmail.com');
Insert into ALARM (ALARM_NO,USER_ID,ALARM_CONT,ALARM_TYPE,ALARM_DATE,ALARM_CHK,ALARM_CHK_DATE,SENDER_ID) values (409,'psh40963@naver.com','조씨',12,to_date('2021/03/07','RRRR/MM/DD'),0,null,'expedition1205@gmail.com');
Insert into ALARM (ALARM_NO,USER_ID,ALARM_CONT,ALARM_TYPE,ALARM_DATE,ALARM_CHK,ALARM_CHK_DATE,SENDER_ID) values (431,'expedition1205@gmail.com','썸머',12,to_date('2021/03/08','RRRR/MM/DD'),0,null,'bomik0614@gmail.com');
Insert into ALARM (ALARM_NO,USER_ID,ALARM_CONT,ALARM_TYPE,ALARM_DATE,ALARM_CHK,ALARM_CHK_DATE,SENDER_ID) values (426,'chdnjs7610@gmail.com','테스터쉐인',12,to_date('2021/03/08','RRRR/MM/DD'),0,null,'psh40963@naver.com');
Insert into ALARM (ALARM_NO,USER_ID,ALARM_CONT,ALARM_TYPE,ALARM_DATE,ALARM_CHK,ALARM_CHK_DATE,SENDER_ID) values (481,'ddit302stu9@gmail.com','망태기',12,to_date('2021/03/08','RRRR/MM/DD'),0,null,'chdnjs7610@gmail.com');
Insert into ALARM (ALARM_NO,USER_ID,ALARM_CONT,ALARM_TYPE,ALARM_DATE,ALARM_CHK,ALARM_CHK_DATE,SENDER_ID) values (439,'kkobuk@hotmail.co.kr','공유',11,to_date('2021/03/08','RRRR/MM/DD'),0,null,'ddit302stu5@gmail.com');
Insert into ALARM (ALARM_NO,USER_ID,ALARM_CONT,ALARM_TYPE,ALARM_DATE,ALARM_CHK,ALARM_CHK_DATE,SENDER_ID) values (482,'expedition1205@gmail.com','망태기',12,to_date('2021/03/08','RRRR/MM/DD'),0,null,'chdnjs7610@gmail.com');
Insert into ALARM (ALARM_NO,USER_ID,ALARM_CONT,ALARM_TYPE,ALARM_DATE,ALARM_CHK,ALARM_CHK_DATE,SENDER_ID) values (484,'bomik0614@gmail.com','조씨',11,to_date('2021/03/08','RRRR/MM/DD'),0,null,'expedition1205@gmail.com');
Insert into ALARM (ALARM_NO,USER_ID,ALARM_CONT,ALARM_TYPE,ALARM_DATE,ALARM_CHK,ALARM_CHK_DATE,SENDER_ID) values (438,'a001','공유',11,to_date('2021/03/08','RRRR/MM/DD'),0,null,'ddit302stu5@gmail.com');
Insert into ALARM (ALARM_NO,USER_ID,ALARM_CONT,ALARM_TYPE,ALARM_DATE,ALARM_CHK,ALARM_CHK_DATE,SENDER_ID) values (501,'a001','테스터쉐인',12,to_date('2021/03/28','RRRR/MM/DD'),0,null,'psh40963@naver.com');
Insert into ALARM (ALARM_NO,USER_ID,ALARM_CONT,ALARM_TYPE,ALARM_DATE,ALARM_CHK,ALARM_CHK_DATE,SENDER_ID) values (519,'wnahd7852@naver.com','테스터쉐인',12,to_date('2021/03/29','RRRR/MM/DD'),0,null,'psh40963@naver.com');
Insert into ALARM (ALARM_NO,USER_ID,ALARM_CONT,ALARM_TYPE,ALARM_DATE,ALARM_CHK,ALARM_CHK_DATE,SENDER_ID) values (516,'bomik0614@gmail.com','테스터쉐인',11,to_date('2021/03/29','RRRR/MM/DD'),0,null,'psh40963@naver.com');
Insert into ALARM (ALARM_NO,USER_ID,ALARM_CONT,ALARM_TYPE,ALARM_DATE,ALARM_CHK,ALARM_CHK_DATE,SENDER_ID) values (520,'dhdhdh0906@naver.com','테스터쉐인',11,to_date('2021/03/29','RRRR/MM/DD'),0,null,'psh40963@naver.com');
Insert into ALARM (ALARM_NO,USER_ID,ALARM_CONT,ALARM_TYPE,ALARM_DATE,ALARM_CHK,ALARM_CHK_DATE,SENDER_ID) values (521,'expedition1205@gmail.com','기리',10,to_date('2021/03/29','RRRR/MM/DD'),0,null,'kanjjang89@naver.com');
Insert into ALARM (ALARM_NO,USER_ID,ALARM_CONT,ALARM_TYPE,ALARM_DATE,ALARM_CHK,ALARM_CHK_DATE,SENDER_ID) values (522,'psh40963@naver.com','기리',12,to_date('2021/03/29','RRRR/MM/DD'),0,null,'kanjjang89@naver.com');
Insert into ALARM (ALARM_NO,USER_ID,ALARM_CONT,ALARM_TYPE,ALARM_DATE,ALARM_CHK,ALARM_CHK_DATE,SENDER_ID) values (524,'expedition1205@gmail.com','기리',11,to_date('2021/03/29','RRRR/MM/DD'),0,null,'kanjjang89@naver.com');
Insert into ALARM (ALARM_NO,USER_ID,ALARM_CONT,ALARM_TYPE,ALARM_DATE,ALARM_CHK,ALARM_CHK_DATE,SENDER_ID) values (526,'bomik0614@gmail.com','기리',11,to_date('2021/03/29','RRRR/MM/DD'),0,null,'kanjjang89@naver.com');
Insert into ALARM (ALARM_NO,USER_ID,ALARM_CONT,ALARM_TYPE,ALARM_DATE,ALARM_CHK,ALARM_CHK_DATE,SENDER_ID) values (529,'kanjjang89@naver.com','썸머',11,to_date('2021/03/29','RRRR/MM/DD'),0,null,'bomik0614@gmail.com');
Insert into ALARM (ALARM_NO,USER_ID,ALARM_CONT,ALARM_TYPE,ALARM_DATE,ALARM_CHK,ALARM_CHK_DATE,SENDER_ID) values (531,'expedition1205@gmail.com','둔기로이마까',10,to_date('2021/03/30','RRRR/MM/DD'),0,null,'thelovemsg@naver.com');
Insert into ALARM (ALARM_NO,USER_ID,ALARM_CONT,ALARM_TYPE,ALARM_DATE,ALARM_CHK,ALARM_CHK_DATE,SENDER_ID) values (530,'kanjjang89@naver.com','테스터쉐인',12,to_date('2021/03/29','RRRR/MM/DD'),0,null,'psh40963@naver.com');
Insert into ALARM (ALARM_NO,USER_ID,ALARM_CONT,ALARM_TYPE,ALARM_DATE,ALARM_CHK,ALARM_CHK_DATE,SENDER_ID) values (535,'thelovemsg@naver.com','테스터쉐인',11,to_date('2021/03/30','RRRR/MM/DD'),0,null,'psh40963@naver.com');
Insert into ALARM (ALARM_NO,USER_ID,ALARM_CONT,ALARM_TYPE,ALARM_DATE,ALARM_CHK,ALARM_CHK_DATE,SENDER_ID) values (533,'ddit302stu9@gmail.com','둔기로이마까',11,to_date('2021/03/30','RRRR/MM/DD'),0,null,'thelovemsg@naver.com');
Insert into ALARM (ALARM_NO,USER_ID,ALARM_CONT,ALARM_TYPE,ALARM_DATE,ALARM_CHK,ALARM_CHK_DATE,SENDER_ID) values (534,'dnjs0318@naver.com','둔기로이마까',11,to_date('2021/03/30','RRRR/MM/DD'),0,null,'thelovemsg@naver.com');
Insert into ALARM (ALARM_NO,USER_ID,ALARM_CONT,ALARM_TYPE,ALARM_DATE,ALARM_CHK,ALARM_CHK_DATE,SENDER_ID) values (537,'ddit302stu2@gmail.com','테스터쉐인',11,to_date('2021/03/30','RRRR/MM/DD'),0,null,'psh40963@naver.com');
Insert into ALARM (ALARM_NO,USER_ID,ALARM_CONT,ALARM_TYPE,ALARM_DATE,ALARM_CHK,ALARM_CHK_DATE,SENDER_ID) values (538,'thelovemsg@naver.com','테스터쉐인',12,to_date('2021/03/30','RRRR/MM/DD'),0,null,'psh40963@naver.com');
Insert into ALARM (ALARM_NO,USER_ID,ALARM_CONT,ALARM_TYPE,ALARM_DATE,ALARM_CHK,ALARM_CHK_DATE,SENDER_ID) values (539,'kanjjang89@naver.com','테스터쉐인',11,to_date('2021/03/30','RRRR/MM/DD'),0,null,'psh40963@naver.com');
REM INSERTING into BLAME
SET DEFINE OFF;
REM INSERTING into CLASS
SET DEFINE OFF;
Insert into CLASS (CLASS_ID,CLASS_START,CLASS_END,CLASS_TITLE,CLASS_NUM,CLASS_ROOM) values ('C202011302',to_date('2020/11/16','RRRR/MM/DD'),to_date('2021/06/29','RRRR/MM/DD'),'풀-스택 개발자 양성과정','6기','302호');
Insert into CLASS (CLASS_ID,CLASS_START,CLASS_END,CLASS_TITLE,CLASS_NUM,CLASS_ROOM) values ('C000',to_date('2020/11/11','RRRR/MM/DD'),to_date('2021/12/12','RRRR/MM/DD'),'소속학급없음','　','　');
Insert into CLASS (CLASS_ID,CLASS_START,CLASS_END,CLASS_TITLE,CLASS_NUM,CLASS_ROOM) values ('C202006203',to_date('2020/06/23','RRRR/MM/DD'),to_date('2021/02/15','RRRR/MM/DD'),'풀-스택 개발자 양성과정','2기','203호');
Insert into CLASS (CLASS_ID,CLASS_START,CLASS_END,CLASS_TITLE,CLASS_NUM,CLASS_ROOM) values ('C202007205',to_date('2020/07/20','RRRR/MM/DD'),to_date('2021/03/15','RRRR/MM/DD'),'풀-스택 개발자 양성과정','3기','405호');
Insert into CLASS (CLASS_ID,CLASS_START,CLASS_END,CLASS_TITLE,CLASS_NUM,CLASS_ROOM) values ('C202008402',to_date('2020/08/31','RRRR/MM/DD'),to_date('2021/04/15','RRRR/MM/DD'),'풀-스택 개발자 양성과정','4기','402호');
Insert into CLASS (CLASS_ID,CLASS_START,CLASS_END,CLASS_TITLE,CLASS_NUM,CLASS_ROOM) values ('C202010301',to_date('2020/10/05','RRRR/MM/DD'),to_date('2021/05/18','RRRR/MM/DD'),'풀-스택 개발자 양성과정','5기','301호');
Insert into CLASS (CLASS_ID,CLASS_START,CLASS_END,CLASS_TITLE,CLASS_NUM,CLASS_ROOM) values ('C202012401',to_date('2020/12/16','RRRR/MM/DD'),to_date('2021/08/04','RRRR/MM/DD'),'AI 소프트웨어 엔지니어링 과정','1기','406호');
Insert into CLASS (CLASS_ID,CLASS_START,CLASS_END,CLASS_TITLE,CLASS_NUM,CLASS_ROOM) values ('C202101403',to_date('2021/01/11','RRRR/MM/DD'),to_date('2021/08/24','RRRR/MM/DD'),'풀-스택 개발자 양성과정','7기','403호');
Insert into CLASS (CLASS_ID,CLASS_START,CLASS_END,CLASS_TITLE,CLASS_NUM,CLASS_ROOM) values ('C202102404',to_date('2021/02/17','RRRR/MM/DD'),to_date('2021/10/01','RRRR/MM/DD'),'풀-스택 개발자 양성과정','8기','404호');
Insert into CLASS (CLASS_ID,CLASS_START,CLASS_END,CLASS_TITLE,CLASS_NUM,CLASS_ROOM) values ('C202103402',to_date('2021/03/10','RRRR/MM/DD'),to_date('2021/10/21','RRRR/MM/DD'),'풀-스택 개발자 양성과정','9기','402호');
REM INSERTING into CLASS_MSG
SET DEFINE OFF;
Insert into CLASS_MSG (CMSG_NO,CLASS_ID,MSG_SENDER,MSG_CONT,MSG_SENDDATE) values (25,'C202011302','psh40963@naver.com','이번엔 service에서 보내보는 테스트 입니다.',to_date('2021/02/27','RRRR/MM/DD'));
Insert into CLASS_MSG (CMSG_NO,CLASS_ID,MSG_SENDER,MSG_CONT,MSG_SENDDATE) values (26,'C202011302','psh40963@naver.com','이번에는 mesageTest.html에서 전송해보기!!',to_date('2021/02/27','RRRR/MM/DD'));
Insert into CLASS_MSG (CMSG_NO,CLASS_ID,MSG_SENDER,MSG_CONT,MSG_SENDDATE) values (27,'C202011302','psh40963@naver.com','단체 메시지 기능 구현 끝~',to_date('2021/02/27','RRRR/MM/DD'));
Insert into CLASS_MSG (CMSG_NO,CLASS_ID,MSG_SENDER,MSG_CONT,MSG_SENDDATE) values (1,'C202011302','psh40963@naver.com','메시지내용(클래스단체메시지테스트)입니다.',to_date('2021/02/26','RRRR/MM/DD'));
Insert into CLASS_MSG (CMSG_NO,CLASS_ID,MSG_SENDER,MSG_CONT,MSG_SENDDATE) values (23,'C202011302','psh40963@naver.com','학급에 메시지 보내는 쿼리테스트.',to_date('2021/02/27','RRRR/MM/DD'));
Insert into CLASS_MSG (CMSG_NO,CLASS_ID,MSG_SENDER,MSG_CONT,MSG_SENDDATE) values (62,'C202011302','expedition1205@gmail.com','빨리 만들어주세요 스칼렛',to_date('2021/03/05','RRRR/MM/DD'));
Insert into CLASS_MSG (CMSG_NO,CLASS_ID,MSG_SENDER,MSG_CONT,MSG_SENDDATE) values (41,'C202011302','expedition1205@gmail.com','조씨 입니다 . 단체메시지 테스트중입니다. :)',to_date('2021/02/27','RRRR/MM/DD'));
Insert into CLASS_MSG (CMSG_NO,CLASS_ID,MSG_SENDER,MSG_CONT,MSG_SENDDATE) values (2,'C202011302','psh40963@naver.com','테스트 2번. 리스트인지 확인',to_date('2021/02/26','RRRR/MM/DD'));
Insert into CLASS_MSG (CMSG_NO,CLASS_ID,MSG_SENDER,MSG_CONT,MSG_SENDDATE) values (24,'C202011302','psh40963@naver.com','이번엔 다오에서 보내보는 테스트 입니다.',to_date('2021/02/27','RRRR/MM/DD'));
Insert into CLASS_MSG (CMSG_NO,CLASS_ID,MSG_SENDER,MSG_CONT,MSG_SENDDATE) values (61,'C202011302','bomik0614@gmail.com','썸머입니다 ㅎ',to_date('2021/03/05','RRRR/MM/DD'));
Insert into CLASS_MSG (CMSG_NO,CLASS_ID,MSG_SENDER,MSG_CONT,MSG_SENDDATE) values (81,'C202011302','psh40963@naver.com','서비스 개시합니다!!!',to_date('2021/03/28','RRRR/MM/DD'));
Insert into CLASS_MSG (CMSG_NO,CLASS_ID,MSG_SENDER,MSG_CONT,MSG_SENDDATE) values (89,'C202011302','kanjjang89@naver.com','하이<br><img style="width:23px; height:23px" src="images/emoji/1f606.png"><img style="width:23px; height:23px" src="images/emoji/1f606.png"><img style="width:23px; height:23px" src="images/emoji/1f606.png">',to_date('2021/03/29','RRRR/MM/DD'));
Insert into CLASS_MSG (CMSG_NO,CLASS_ID,MSG_SENDER,MSG_CONT,MSG_SENDDATE) values (90,'C202011302','kanjjang89@naver.com','<img style="width:23px; height:23px" src="images/emoji/1f631.png">',to_date('2021/03/29','RRRR/MM/DD'));
Insert into CLASS_MSG (CMSG_NO,CLASS_ID,MSG_SENDER,MSG_CONT,MSG_SENDDATE) values (87,'C000','dhdhdh0906@naver.com','학급없음채팅 실험',to_date('2021/03/28','RRRR/MM/DD'));
Insert into CLASS_MSG (CMSG_NO,CLASS_ID,MSG_SENDER,MSG_CONT,MSG_SENDDATE) values (88,'C202011302','chdnjs7610@gmail.com','<img style="width:23px; height:23px" src="images/emoji/1f632.png">',to_date('2021/03/29','RRRR/MM/DD'));
Insert into CLASS_MSG (CMSG_NO,CLASS_ID,MSG_SENDER,MSG_CONT,MSG_SENDDATE) values (91,'C202011302','expedition1205@gmail.com','ㅋㅋㅋㅋㅋ',to_date('2021/03/29','RRRR/MM/DD'));
Insert into CLASS_MSG (CMSG_NO,CLASS_ID,MSG_SENDER,MSG_CONT,MSG_SENDDATE) values (92,'C202011302','kanjjang89@naver.com','여기서 채팅해요',to_date('2021/03/29','RRRR/MM/DD'));
Insert into CLASS_MSG (CMSG_NO,CLASS_ID,MSG_SENDER,MSG_CONT,MSG_SENDDATE) values (93,'C202011302','thelovemsg@naver.com','누구세요',to_date('2021/03/30','RRRR/MM/DD'));
Insert into CLASS_MSG (CMSG_NO,CLASS_ID,MSG_SENDER,MSG_CONT,MSG_SENDDATE) values (94,'C202011302','thelovemsg@naver.com','저랑 친구해주세요 ㅡㅡ',to_date('2021/03/30','RRRR/MM/DD'));
REM INSERTING into EMAIL_CHECK
SET DEFINE OFF;
Insert into EMAIL_CHECK (EMAIL_CHK_NO,EMAIL_CHK_DATE,EMAIL_CHK_CONT,EMAIL_CHK_ADDR) values (361,to_date('2021/03/04','RRRR/MM/DD'),'UEBIMWIJFZ','chdnjs7610@nate.com');
Insert into EMAIL_CHECK (EMAIL_CHK_NO,EMAIL_CHK_DATE,EMAIL_CHK_CONT,EMAIL_CHK_ADDR) values (366,to_date('2021/03/04','RRRR/MM/DD'),'SIWYMIKGWL','vhvhglgl@naver.com');
Insert into EMAIL_CHECK (EMAIL_CHK_NO,EMAIL_CHK_DATE,EMAIL_CHK_CONT,EMAIL_CHK_ADDR) values (367,to_date('2021/03/04','RRRR/MM/DD'),'NCUAGUAHQL','vhvhglgl@naver.com');
Insert into EMAIL_CHECK (EMAIL_CHK_NO,EMAIL_CHK_DATE,EMAIL_CHK_CONT,EMAIL_CHK_ADDR) values (347,to_date('2021/03/04','RRRR/MM/DD'),'ARBAOUJOAC','vhvhglgl@naver.com');
Insert into EMAIL_CHECK (EMAIL_CHK_NO,EMAIL_CHK_DATE,EMAIL_CHK_CONT,EMAIL_CHK_ADDR) values (354,to_date('2021/03/04','RRRR/MM/DD'),'XNFEPXJZFS','vhvhglgl@naver.com');
Insert into EMAIL_CHECK (EMAIL_CHK_NO,EMAIL_CHK_DATE,EMAIL_CHK_CONT,EMAIL_CHK_ADDR) values (369,to_date('2021/03/04','RRRR/MM/DD'),'DMXTWEOOIB','vhvhglgl@naver.com');
Insert into EMAIL_CHECK (EMAIL_CHK_NO,EMAIL_CHK_DATE,EMAIL_CHK_CONT,EMAIL_CHK_ADDR) values (388,to_date('2021/03/04','RRRR/MM/DD'),'SWHCFOPXIK','vhvhglgl@naver.com');
Insert into EMAIL_CHECK (EMAIL_CHK_NO,EMAIL_CHK_DATE,EMAIL_CHK_CONT,EMAIL_CHK_ADDR) values (389,to_date('2021/03/04','RRRR/MM/DD'),'HUGPBXYNQU','vhvhglgl@naver.com');
Insert into EMAIL_CHECK (EMAIL_CHK_NO,EMAIL_CHK_DATE,EMAIL_CHK_CONT,EMAIL_CHK_ADDR) values (392,to_date('2021/03/04','RRRR/MM/DD'),'LZTGQCANBT','vhvhglgl@naver.com');
Insert into EMAIL_CHECK (EMAIL_CHK_NO,EMAIL_CHK_DATE,EMAIL_CHK_CONT,EMAIL_CHK_ADDR) values (393,to_date('2021/03/04','RRRR/MM/DD'),'ACWZLAIRTD','vhvhglgl@naver.com');
Insert into EMAIL_CHECK (EMAIL_CHK_NO,EMAIL_CHK_DATE,EMAIL_CHK_CONT,EMAIL_CHK_ADDR) values (394,to_date('2021/03/04','RRRR/MM/DD'),'JHNFADTNMN','vhvhglgl@naver.com');
Insert into EMAIL_CHECK (EMAIL_CHK_NO,EMAIL_CHK_DATE,EMAIL_CHK_CONT,EMAIL_CHK_ADDR) values (395,to_date('2021/03/04','RRRR/MM/DD'),'SFQSPZCQMQ','vhvhglgl@naver.com');
Insert into EMAIL_CHECK (EMAIL_CHK_NO,EMAIL_CHK_DATE,EMAIL_CHK_CONT,EMAIL_CHK_ADDR) values (396,to_date('2021/03/04','RRRR/MM/DD'),'ASYCIAEEAP','vhvhglgl@naver.com');
Insert into EMAIL_CHECK (EMAIL_CHK_NO,EMAIL_CHK_DATE,EMAIL_CHK_CONT,EMAIL_CHK_ADDR) values (444,to_date('2021/03/05','RRRR/MM/DD'),'DOWURTJKKH','vhvhglgl@naver.com');
Insert into EMAIL_CHECK (EMAIL_CHK_NO,EMAIL_CHK_DATE,EMAIL_CHK_CONT,EMAIL_CHK_ADDR) values (544,to_date('2021/03/06','RRRR/MM/DD'),'ODSLTZUJMY','psh40963@naver.com');
Insert into EMAIL_CHECK (EMAIL_CHK_NO,EMAIL_CHK_DATE,EMAIL_CHK_CONT,EMAIL_CHK_ADDR) values (545,to_date('2021/03/06','RRRR/MM/DD'),'LZFNGOUDYT','psh40963@naver.com');
Insert into EMAIL_CHECK (EMAIL_CHK_NO,EMAIL_CHK_DATE,EMAIL_CHK_CONT,EMAIL_CHK_ADDR) values (546,to_date('2021/03/06','RRRR/MM/DD'),'VMPYNWSMRO','psh40963@naver.com');
Insert into EMAIL_CHECK (EMAIL_CHK_NO,EMAIL_CHK_DATE,EMAIL_CHK_CONT,EMAIL_CHK_ADDR) values (547,to_date('2021/03/06','RRRR/MM/DD'),'TCTMJMWWQE','psh40963@naver.com');
Insert into EMAIL_CHECK (EMAIL_CHK_NO,EMAIL_CHK_DATE,EMAIL_CHK_CONT,EMAIL_CHK_ADDR) values (561,to_date('2021/03/07','RRRR/MM/DD'),'VBHLZHQMVR','kkobuk@hotmail.co.kr');
Insert into EMAIL_CHECK (EMAIL_CHK_NO,EMAIL_CHK_DATE,EMAIL_CHK_CONT,EMAIL_CHK_ADDR) values (567,to_date('2021/03/07','RRRR/MM/DD'),'ELDWIOGDKN','vhvhglgl@naver.com');
Insert into EMAIL_CHECK (EMAIL_CHK_NO,EMAIL_CHK_DATE,EMAIL_CHK_CONT,EMAIL_CHK_ADDR) values (582,to_date('2021/03/08','RRRR/MM/DD'),'RHVFPGDISK','chdnjs7610@nate.com');
Insert into EMAIL_CHECK (EMAIL_CHK_NO,EMAIL_CHK_DATE,EMAIL_CHK_CONT,EMAIL_CHK_ADDR) values (602,to_date('2021/03/08','RRRR/MM/DD'),'CQARKLDFJR','chdnjs7610@nate.com');
Insert into EMAIL_CHECK (EMAIL_CHK_NO,EMAIL_CHK_DATE,EMAIL_CHK_CONT,EMAIL_CHK_ADDR) values (501,to_date('2021/03/06','RRRR/MM/DD'),'XJVIYRXISZ','vhvhglgl@naver.com');
Insert into EMAIL_CHECK (EMAIL_CHK_NO,EMAIL_CHK_DATE,EMAIL_CHK_CONT,EMAIL_CHK_ADDR) values (1,to_date('2021/02/25','RRRR/MM/DD'),'seq test 입니다.','expedition1205@gmail.com');
Insert into EMAIL_CHECK (EMAIL_CHK_NO,EMAIL_CHK_DATE,EMAIL_CHK_CONT,EMAIL_CHK_ADDR) values (2,to_date('2021/02/25','RRRR/MM/DD'),'seq test 입니다2.','psh40963@naver.com');
Insert into EMAIL_CHECK (EMAIL_CHK_NO,EMAIL_CHK_DATE,EMAIL_CHK_CONT,EMAIL_CHK_ADDR) values (522,to_date('2021/03/06','RRRR/MM/DD'),'EWGWLLCIVW','kkobuk@hotmail.co.kr');
Insert into EMAIL_CHECK (EMAIL_CHK_NO,EMAIL_CHK_DATE,EMAIL_CHK_CONT,EMAIL_CHK_ADDR) values (541,to_date('2021/03/06','RRRR/MM/DD'),'PUHWRURTZY','vhvhglgl@naver.com');
Insert into EMAIL_CHECK (EMAIL_CHK_NO,EMAIL_CHK_DATE,EMAIL_CHK_CONT,EMAIL_CHK_ADDR) values (362,to_date('2021/03/04','RRRR/MM/DD'),'OOZBVOIDST','chdnjs7610@nate.com');
Insert into EMAIL_CHECK (EMAIL_CHK_NO,EMAIL_CHK_DATE,EMAIL_CHK_CONT,EMAIL_CHK_ADDR) values (445,to_date('2021/03/05','RRRR/MM/DD'),'LMWBCYDWDK','dnjs0318@naver.com');
Insert into EMAIL_CHECK (EMAIL_CHK_NO,EMAIL_CHK_DATE,EMAIL_CHK_CONT,EMAIL_CHK_ADDR) values (542,to_date('2021/03/06','RRRR/MM/DD'),'FEIWIIGURR','vhvhglgl@naver.com');
Insert into EMAIL_CHECK (EMAIL_CHK_NO,EMAIL_CHK_DATE,EMAIL_CHK_CONT,EMAIL_CHK_ADDR) values (543,to_date('2021/03/06','RRRR/MM/DD'),'AOFKNWPRMP','vhvhglgl@naver.com');
Insert into EMAIL_CHECK (EMAIL_CHK_NO,EMAIL_CHK_DATE,EMAIL_CHK_CONT,EMAIL_CHK_ADDR) values (549,to_date('2021/03/06','RRRR/MM/DD'),'TOVVQHMLTE','kkobuk@hotmail.co.kr');
Insert into EMAIL_CHECK (EMAIL_CHK_NO,EMAIL_CHK_DATE,EMAIL_CHK_CONT,EMAIL_CHK_ADDR) values (569,to_date('2021/03/07','RRRR/MM/DD'),'YRAFLRFCXZ','ddit302stu4@gmail.com');
Insert into EMAIL_CHECK (EMAIL_CHK_NO,EMAIL_CHK_DATE,EMAIL_CHK_CONT,EMAIL_CHK_ADDR) values (601,to_date('2021/03/08','RRRR/MM/DD'),'FDRFKXDFOE','ddit302stu9@gmail.com');
Insert into EMAIL_CHECK (EMAIL_CHK_NO,EMAIL_CHK_DATE,EMAIL_CHK_CONT,EMAIL_CHK_ADDR) values (603,to_date('2021/03/08','RRRR/MM/DD'),'RJLXSCNSYR','chdnjs7610@nate.com');
Insert into EMAIL_CHECK (EMAIL_CHK_NO,EMAIL_CHK_DATE,EMAIL_CHK_CONT,EMAIL_CHK_ADDR) values (349,to_date('2021/03/04','RRRR/MM/DD'),'WIILPYEOOC','vhvhglgl@naver.com');
Insert into EMAIL_CHECK (EMAIL_CHK_NO,EMAIL_CHK_DATE,EMAIL_CHK_CONT,EMAIL_CHK_ADDR) values (351,to_date('2021/03/04','RRRR/MM/DD'),'YQJRMIGLDX','vhvhglgl@naver.com');
Insert into EMAIL_CHECK (EMAIL_CHK_NO,EMAIL_CHK_DATE,EMAIL_CHK_CONT,EMAIL_CHK_ADDR) values (355,to_date('2021/03/04','RRRR/MM/DD'),'YHPQYGBAHO','postyco@daum.net');
Insert into EMAIL_CHECK (EMAIL_CHK_NO,EMAIL_CHK_DATE,EMAIL_CHK_CONT,EMAIL_CHK_ADDR) values (356,to_date('2021/03/04','RRRR/MM/DD'),'TWQYGGGDOV','chdnjs7610@naver.com');
Insert into EMAIL_CHECK (EMAIL_CHK_NO,EMAIL_CHK_DATE,EMAIL_CHK_CONT,EMAIL_CHK_ADDR) values (359,to_date('2021/03/04','RRRR/MM/DD'),'YDOZLESIHU','chdnjs7610@nate.com');
Insert into EMAIL_CHECK (EMAIL_CHK_NO,EMAIL_CHK_DATE,EMAIL_CHK_CONT,EMAIL_CHK_ADDR) values (398,to_date('2021/03/04','RRRR/MM/DD'),'GVZFFFFPEK','vhvhglgl@naver.com');
Insert into EMAIL_CHECK (EMAIL_CHK_NO,EMAIL_CHK_DATE,EMAIL_CHK_CONT,EMAIL_CHK_ADDR) values (399,to_date('2021/03/04','RRRR/MM/DD'),'UOVPTSJDLC','vhvhglgl@naver.com');
Insert into EMAIL_CHECK (EMAIL_CHK_NO,EMAIL_CHK_DATE,EMAIL_CHK_CONT,EMAIL_CHK_ADDR) values (400,to_date('2021/03/04','RRRR/MM/DD'),'KKNBVRTJLU','vhvhglgl@naver.com');
Insert into EMAIL_CHECK (EMAIL_CHK_NO,EMAIL_CHK_DATE,EMAIL_CHK_CONT,EMAIL_CHK_ADDR) values (401,to_date('2021/03/04','RRRR/MM/DD'),'WPGNUERQPH','vhvhglgl@naver.com');
Insert into EMAIL_CHECK (EMAIL_CHK_NO,EMAIL_CHK_DATE,EMAIL_CHK_CONT,EMAIL_CHK_ADDR) values (402,to_date('2021/03/04','RRRR/MM/DD'),'RIJJSAITTE','vhvhglgl@naver.com');
Insert into EMAIL_CHECK (EMAIL_CHK_NO,EMAIL_CHK_DATE,EMAIL_CHK_CONT,EMAIL_CHK_ADDR) values (343,to_date('2021/03/04','RRRR/MM/DD'),'WLAZLUGUCF','vhvhglgl@naver.com');
Insert into EMAIL_CHECK (EMAIL_CHK_NO,EMAIL_CHK_DATE,EMAIL_CHK_CONT,EMAIL_CHK_ADDR) values (345,to_date('2021/03/04','RRRR/MM/DD'),'EPZIKLYJTW','vhvhglgl@naver.com');
Insert into EMAIL_CHECK (EMAIL_CHK_NO,EMAIL_CHK_DATE,EMAIL_CHK_CONT,EMAIL_CHK_ADDR) values (403,to_date('2021/03/04','RRRR/MM/DD'),'XYKKZZTMXI','vhvhglgl@naver.com');
Insert into EMAIL_CHECK (EMAIL_CHK_NO,EMAIL_CHK_DATE,EMAIL_CHK_CONT,EMAIL_CHK_ADDR) values (404,to_date('2021/03/04','RRRR/MM/DD'),'GGITPQYQJE','vhvhglgl@naver.com');
Insert into EMAIL_CHECK (EMAIL_CHK_NO,EMAIL_CHK_DATE,EMAIL_CHK_CONT,EMAIL_CHK_ADDR) values (405,to_date('2021/03/04','RRRR/MM/DD'),'NHLDAVXTLD','vhvhglgl@naver.com');
Insert into EMAIL_CHECK (EMAIL_CHK_NO,EMAIL_CHK_DATE,EMAIL_CHK_CONT,EMAIL_CHK_ADDR) values (421,to_date('2021/03/04','RRRR/MM/DD'),'ZURJHABCHB','a@a.net');
Insert into EMAIL_CHECK (EMAIL_CHK_NO,EMAIL_CHK_DATE,EMAIL_CHK_CONT,EMAIL_CHK_ADDR) values (424,to_date('2021/03/04','RRRR/MM/DD'),'TPCRDMMLUQ','kkobuk@hotmail.co.kr');
Insert into EMAIL_CHECK (EMAIL_CHK_NO,EMAIL_CHK_DATE,EMAIL_CHK_CONT,EMAIL_CHK_ADDR) values (441,to_date('2021/03/05','RRRR/MM/DD'),'WRWMBVUYGP','vhvhglgl@naver.com');
Insert into EMAIL_CHECK (EMAIL_CHK_NO,EMAIL_CHK_DATE,EMAIL_CHK_CONT,EMAIL_CHK_ADDR) values (442,to_date('2021/03/05','RRRR/MM/DD'),'IRRPZBGUQN','vhvhglgl@naver.com');
Insert into EMAIL_CHECK (EMAIL_CHK_NO,EMAIL_CHK_DATE,EMAIL_CHK_CONT,EMAIL_CHK_ADDR) values (446,to_date('2021/03/05','RRRR/MM/DD'),'KPKQOQOBTP','chdnjs7610@naver.com');
Insert into EMAIL_CHECK (EMAIL_CHK_NO,EMAIL_CHK_DATE,EMAIL_CHK_CONT,EMAIL_CHK_ADDR) values (521,to_date('2021/03/06','RRRR/MM/DD'),'DGMDLBGRSW','vhvhglgl@naver.com');
Insert into EMAIL_CHECK (EMAIL_CHK_NO,EMAIL_CHK_DATE,EMAIL_CHK_CONT,EMAIL_CHK_ADDR) values (551,to_date('2021/03/06','RRRR/MM/DD'),'GMNLCKVIFC','kkobuk@hotmail.co.kr');
Insert into EMAIL_CHECK (EMAIL_CHK_NO,EMAIL_CHK_DATE,EMAIL_CHK_CONT,EMAIL_CHK_ADDR) values (562,to_date('2021/03/07','RRRR/MM/DD'),'QIOQOGYTXF','kkobuk@hotmail.co.kr');
Insert into EMAIL_CHECK (EMAIL_CHK_NO,EMAIL_CHK_DATE,EMAIL_CHK_CONT,EMAIL_CHK_ADDR) values (568,to_date('2021/03/07','RRRR/MM/DD'),'SSEMZTHTON','ddit302stu2@gmail.com');
Insert into EMAIL_CHECK (EMAIL_CHK_NO,EMAIL_CHK_DATE,EMAIL_CHK_CONT,EMAIL_CHK_ADDR) values (352,to_date('2021/03/04','RRRR/MM/DD'),'ICSAVPTVSW','vhvhglgl@naver.com');
Insert into EMAIL_CHECK (EMAIL_CHK_NO,EMAIL_CHK_DATE,EMAIL_CHK_CONT,EMAIL_CHK_ADDR) values (357,to_date('2021/03/04','RRRR/MM/DD'),'ENTCCIXRNA','chdnjs7610@naver.com');
Insert into EMAIL_CHECK (EMAIL_CHK_NO,EMAIL_CHK_DATE,EMAIL_CHK_CONT,EMAIL_CHK_ADDR) values (358,to_date('2021/03/04','RRRR/MM/DD'),'ACMIOZQIKK','chdnjs7610@naver.com');
Insert into EMAIL_CHECK (EMAIL_CHK_NO,EMAIL_CHK_DATE,EMAIL_CHK_CONT,EMAIL_CHK_ADDR) values (360,to_date('2021/03/04','RRRR/MM/DD'),'JXCTRKGCCY','chdnjs7610@nate.com');
Insert into EMAIL_CHECK (EMAIL_CHK_NO,EMAIL_CHK_DATE,EMAIL_CHK_CONT,EMAIL_CHK_ADDR) values (363,to_date('2021/03/04','RRRR/MM/DD'),'OLRFIPPXZE','vhvhglgl@naver.com');
Insert into EMAIL_CHECK (EMAIL_CHK_NO,EMAIL_CHK_DATE,EMAIL_CHK_CONT,EMAIL_CHK_ADDR) values (342,to_date('2021/03/04','RRRR/MM/DD'),'VZTGEGTTXN','vhvhglgl@naver.com');
Insert into EMAIL_CHECK (EMAIL_CHK_NO,EMAIL_CHK_DATE,EMAIL_CHK_CONT,EMAIL_CHK_ADDR) values (344,to_date('2021/03/04','RRRR/MM/DD'),'AUTCLBVFGD','vhvhglgl@naver.com');
Insert into EMAIL_CHECK (EMAIL_CHK_NO,EMAIL_CHK_DATE,EMAIL_CHK_CONT,EMAIL_CHK_ADDR) values (364,to_date('2021/03/04','RRRR/MM/DD'),'RIGNLUEMYM','vhvhglgl@naver.com');
Insert into EMAIL_CHECK (EMAIL_CHK_NO,EMAIL_CHK_DATE,EMAIL_CHK_CONT,EMAIL_CHK_ADDR) values (365,to_date('2021/03/04','RRRR/MM/DD'),'TFAMBNSWAM','vhvhglgl@naver.com');
Insert into EMAIL_CHECK (EMAIL_CHK_NO,EMAIL_CHK_DATE,EMAIL_CHK_CONT,EMAIL_CHK_ADDR) values (368,to_date('2021/03/04','RRRR/MM/DD'),'WGHQABCZMZ','vhvhglgl@naver.com');
Insert into EMAIL_CHECK (EMAIL_CHK_NO,EMAIL_CHK_DATE,EMAIL_CHK_CONT,EMAIL_CHK_ADDR) values (370,to_date('2021/03/04','RRRR/MM/DD'),'XRMQCJBVRM','vhvhglgl@naver.com');
Insert into EMAIL_CHECK (EMAIL_CHK_NO,EMAIL_CHK_DATE,EMAIL_CHK_CONT,EMAIL_CHK_ADDR) values (371,to_date('2021/03/04','RRRR/MM/DD'),'RMCFVWDVDC','vhvhglgl@naver.com');
Insert into EMAIL_CHECK (EMAIL_CHK_NO,EMAIL_CHK_DATE,EMAIL_CHK_CONT,EMAIL_CHK_ADDR) values (381,to_date('2021/03/04','RRRR/MM/DD'),'MOXTEIXOEJ','vhvhglgl@naver.com');
Insert into EMAIL_CHECK (EMAIL_CHK_NO,EMAIL_CHK_DATE,EMAIL_CHK_CONT,EMAIL_CHK_ADDR) values (382,to_date('2021/03/04','RRRR/MM/DD'),'EYDZKDGVIS','ggg@naver.com');
Insert into EMAIL_CHECK (EMAIL_CHK_NO,EMAIL_CHK_DATE,EMAIL_CHK_CONT,EMAIL_CHK_ADDR) values (383,to_date('2021/03/04','RRRR/MM/DD'),'SWBAOYAKCL','ggg@naver.com');
Insert into EMAIL_CHECK (EMAIL_CHK_NO,EMAIL_CHK_DATE,EMAIL_CHK_CONT,EMAIL_CHK_ADDR) values (384,to_date('2021/03/04','RRRR/MM/DD'),'QZPQQAERAA','ggg@naver.com');
Insert into EMAIL_CHECK (EMAIL_CHK_NO,EMAIL_CHK_DATE,EMAIL_CHK_CONT,EMAIL_CHK_ADDR) values (385,to_date('2021/03/04','RRRR/MM/DD'),'EBOPFKJOKQ','ggg@naver.com');
Insert into EMAIL_CHECK (EMAIL_CHK_NO,EMAIL_CHK_DATE,EMAIL_CHK_CONT,EMAIL_CHK_ADDR) values (386,to_date('2021/03/04','RRRR/MM/DD'),'RSWOKKTFXH','ggg@naver.com');
Insert into EMAIL_CHECK (EMAIL_CHK_NO,EMAIL_CHK_DATE,EMAIL_CHK_CONT,EMAIL_CHK_ADDR) values (387,to_date('2021/03/04','RRRR/MM/DD'),'ZINUCWOBLF','ggg@naver.com');
Insert into EMAIL_CHECK (EMAIL_CHK_NO,EMAIL_CHK_DATE,EMAIL_CHK_CONT,EMAIL_CHK_ADDR) values (447,to_date('2021/03/05','RRRR/MM/DD'),'JMPHLBSPRD','ggg@naver.com');
Insert into EMAIL_CHECK (EMAIL_CHK_NO,EMAIL_CHK_DATE,EMAIL_CHK_CONT,EMAIL_CHK_ADDR) values (461,to_date('2021/03/05','RRRR/MM/DD'),'JHYOTSXAEK','vhvhglgl@naver.com');
Insert into EMAIL_CHECK (EMAIL_CHK_NO,EMAIL_CHK_DATE,EMAIL_CHK_CONT,EMAIL_CHK_ADDR) values (462,to_date('2021/03/05','RRRR/MM/DD'),'RRPXNFFLUJ','vhvhglgl@naver.com');
Insert into EMAIL_CHECK (EMAIL_CHK_NO,EMAIL_CHK_DATE,EMAIL_CHK_CONT,EMAIL_CHK_ADDR) values (463,to_date('2021/03/05','RRRR/MM/DD'),'ISPWNNBEYW','vhvhglgl@naver.com');
Insert into EMAIL_CHECK (EMAIL_CHK_NO,EMAIL_CHK_DATE,EMAIL_CHK_CONT,EMAIL_CHK_ADDR) values (464,to_date('2021/03/05','RRRR/MM/DD'),'KNUJCNXBUJ','vhvhglgl@naver.com');
Insert into EMAIL_CHECK (EMAIL_CHK_NO,EMAIL_CHK_DATE,EMAIL_CHK_CONT,EMAIL_CHK_ADDR) values (465,to_date('2021/03/05','RRRR/MM/DD'),'HCGOPOZFVY','vhvhglgl@naver.com');
Insert into EMAIL_CHECK (EMAIL_CHK_NO,EMAIL_CHK_DATE,EMAIL_CHK_CONT,EMAIL_CHK_ADDR) values (466,to_date('2021/03/05','RRRR/MM/DD'),'VRCWLOOSIK','vhvhglgl@naver.com');
Insert into EMAIL_CHECK (EMAIL_CHK_NO,EMAIL_CHK_DATE,EMAIL_CHK_CONT,EMAIL_CHK_ADDR) values (467,to_date('2021/03/05','RRRR/MM/DD'),'TSLZVDJYXY','vhvhglgl@naver.com');
Insert into EMAIL_CHECK (EMAIL_CHK_NO,EMAIL_CHK_DATE,EMAIL_CHK_CONT,EMAIL_CHK_ADDR) values (468,to_date('2021/03/05','RRRR/MM/DD'),'XLKMNDPZQA','vhvhglgl@naver.com');
Insert into EMAIL_CHECK (EMAIL_CHK_NO,EMAIL_CHK_DATE,EMAIL_CHK_CONT,EMAIL_CHK_ADDR) values (481,to_date('2021/03/05','RRRR/MM/DD'),'CMESFTIFHQ','kkobuk@hotmail.co.kr');
Insert into EMAIL_CHECK (EMAIL_CHK_NO,EMAIL_CHK_DATE,EMAIL_CHK_CONT,EMAIL_CHK_ADDR) values (548,to_date('2021/03/06','RRRR/MM/DD'),'KYAHTCXZKM','kkobuk@hotmail.co.kr');
Insert into EMAIL_CHECK (EMAIL_CHK_NO,EMAIL_CHK_DATE,EMAIL_CHK_CONT,EMAIL_CHK_ADDR) values (550,to_date('2021/03/06','RRRR/MM/DD'),'NCYSQLKJFE','kkobuk@hotmail.co.kr');
Insert into EMAIL_CHECK (EMAIL_CHK_NO,EMAIL_CHK_DATE,EMAIL_CHK_CONT,EMAIL_CHK_ADDR) values (552,to_date('2021/03/07','RRRR/MM/DD'),'BCHFVIJSEN','chdnjs7610@nate.com');
Insert into EMAIL_CHECK (EMAIL_CHK_NO,EMAIL_CHK_DATE,EMAIL_CHK_CONT,EMAIL_CHK_ADDR) values (564,to_date('2021/03/07','RRRR/MM/DD'),'PSZOOGDBBO','kkobuk@hotail.co.kr');
Insert into EMAIL_CHECK (EMAIL_CHK_NO,EMAIL_CHK_DATE,EMAIL_CHK_CONT,EMAIL_CHK_ADDR) values (565,to_date('2021/03/07','RRRR/MM/DD'),'VUXSEJSYCZ','kkobuk@hotmail.co.kr');
Insert into EMAIL_CHECK (EMAIL_CHK_NO,EMAIL_CHK_DATE,EMAIL_CHK_CONT,EMAIL_CHK_ADDR) values (581,to_date('2021/03/08','RRRR/MM/DD'),'YGHLCZJHJK','ddit302stu5@gmail.com');
Insert into EMAIL_CHECK (EMAIL_CHK_NO,EMAIL_CHK_DATE,EMAIL_CHK_CONT,EMAIL_CHK_ADDR) values (350,to_date('2021/03/04','RRRR/MM/DD'),'ICIIBUKLEM','vhvhglgl@naver.com');
Insert into EMAIL_CHECK (EMAIL_CHK_NO,EMAIL_CHK_DATE,EMAIL_CHK_CONT,EMAIL_CHK_ADDR) values (346,to_date('2021/03/04','RRRR/MM/DD'),'ZXSMUUZXBY','vhvhglgl@naver.com');
Insert into EMAIL_CHECK (EMAIL_CHK_NO,EMAIL_CHK_DATE,EMAIL_CHK_CONT,EMAIL_CHK_ADDR) values (348,to_date('2021/03/04','RRRR/MM/DD'),'FZEDGDBCLX','vhvhglgl@naver.com');
Insert into EMAIL_CHECK (EMAIL_CHK_NO,EMAIL_CHK_DATE,EMAIL_CHK_CONT,EMAIL_CHK_ADDR) values (353,to_date('2021/03/04','RRRR/MM/DD'),'NJNAZKWFKX','vhvhglgl@naver.com');
Insert into EMAIL_CHECK (EMAIL_CHK_NO,EMAIL_CHK_DATE,EMAIL_CHK_CONT,EMAIL_CHK_ADDR) values (390,to_date('2021/03/04','RRRR/MM/DD'),'XQPXUSKKYW','vhvhglgl@naver.com');
Insert into EMAIL_CHECK (EMAIL_CHK_NO,EMAIL_CHK_DATE,EMAIL_CHK_CONT,EMAIL_CHK_ADDR) values (391,to_date('2021/03/04','RRRR/MM/DD'),'AHBUBXLTOL','vhvhglgl@naver.com');
Insert into EMAIL_CHECK (EMAIL_CHK_NO,EMAIL_CHK_DATE,EMAIL_CHK_CONT,EMAIL_CHK_ADDR) values (397,to_date('2021/03/04','RRRR/MM/DD'),'RTEXOPMTNN','vhvhglgl@naver.com');
Insert into EMAIL_CHECK (EMAIL_CHK_NO,EMAIL_CHK_DATE,EMAIL_CHK_CONT,EMAIL_CHK_ADDR) values (422,to_date('2021/03/04','RRRR/MM/DD'),'MQZKUNKRES','a@a.net');
Insert into EMAIL_CHECK (EMAIL_CHK_NO,EMAIL_CHK_DATE,EMAIL_CHK_CONT,EMAIL_CHK_ADDR) values (423,to_date('2021/03/04','RRRR/MM/DD'),'WASAOBZSUD','kkobuk@hotmail.co.kr');
Insert into EMAIL_CHECK (EMAIL_CHK_NO,EMAIL_CHK_DATE,EMAIL_CHK_CONT,EMAIL_CHK_ADDR) values (425,to_date('2021/03/04','RRRR/MM/DD'),'XYWNCFXCDK','kkobuk@hotmail.co.kr');
Insert into EMAIL_CHECK (EMAIL_CHK_NO,EMAIL_CHK_DATE,EMAIL_CHK_CONT,EMAIL_CHK_ADDR) values (426,to_date('2021/03/04','RRRR/MM/DD'),'DXABTNCBSU','kkobuk@hotmail.co.kr');
Insert into EMAIL_CHECK (EMAIL_CHK_NO,EMAIL_CHK_DATE,EMAIL_CHK_CONT,EMAIL_CHK_ADDR) values (443,to_date('2021/03/05','RRRR/MM/DD'),'XYXSONGNQY','vhvhglgl@naver.com');
Insert into EMAIL_CHECK (EMAIL_CHK_NO,EMAIL_CHK_DATE,EMAIL_CHK_CONT,EMAIL_CHK_ADDR) values (563,to_date('2021/03/07','RRRR/MM/DD'),'PTNQJBQPUX','kkobuk@hotmail.co.kr');
Insert into EMAIL_CHECK (EMAIL_CHK_NO,EMAIL_CHK_DATE,EMAIL_CHK_CONT,EMAIL_CHK_ADDR) values (566,to_date('2021/03/07','RRRR/MM/DD'),'MMBALQRISR','ddit302stu@gmail.com');
Insert into EMAIL_CHECK (EMAIL_CHK_NO,EMAIL_CHK_DATE,EMAIL_CHK_CONT,EMAIL_CHK_ADDR) values (621,to_date('2021/03/28','RRRR/MM/DD'),'ABABDTDMIQ','dhdhdh0906@naver.com');
Insert into EMAIL_CHECK (EMAIL_CHK_NO,EMAIL_CHK_DATE,EMAIL_CHK_CONT,EMAIL_CHK_ADDR) values (622,to_date('2021/03/29','RRRR/MM/DD'),'OHTRGAESPH','tnal9710@gmail.com');
Insert into EMAIL_CHECK (EMAIL_CHK_NO,EMAIL_CHK_DATE,EMAIL_CHK_CONT,EMAIL_CHK_ADDR) values (623,to_date('2021/03/29','RRRR/MM/DD'),'TPDPVJWRTW','wnahd7852@naver.com');
Insert into EMAIL_CHECK (EMAIL_CHK_NO,EMAIL_CHK_DATE,EMAIL_CHK_CONT,EMAIL_CHK_ADDR) values (624,to_date('2021/03/29','RRRR/MM/DD'),'FXESJKENAZ','kanjjang89@naver.com');
Insert into EMAIL_CHECK (EMAIL_CHK_NO,EMAIL_CHK_DATE,EMAIL_CHK_CONT,EMAIL_CHK_ADDR) values (625,to_date('2021/03/30','RRRR/MM/DD'),'CJTHNDMPKH','thelovemsg@naver.com');
REM INSERTING into FEED
SET DEFINE OFF;
Insert into FEED (FEED_NO,USER_ID,FEED_CONT,FEED_DATE,FEED_PIC) values (385,'expedition1205@gmail.com','내 이모지 저 머리 하고싶었는데....',to_date('2021/03/06','RRRR/MM/DD'),'385.jpg');
Insert into FEED (FEED_NO,USER_ID,FEED_CONT,FEED_DATE,FEED_PIC) values (382,'expedition1205@gmail.com','개발은 맥북이지',to_date('2021/03/05','RRRR/MM/DD'),'382.jpg');
Insert into FEED (FEED_NO,USER_ID,FEED_CONT,FEED_DATE,FEED_PIC) values (383,'expedition1205@gmail.com','안녕 나멍아?',to_date('2021/03/05','RRRR/MM/DD'),'383.jpg,383_1.jpg,383_2.jpg');
Insert into FEED (FEED_NO,USER_ID,FEED_CONT,FEED_DATE,FEED_PIC) values (393,'expedition1205@gmail.com','LIFE FILM ',to_date('2021/03/07','RRRR/MM/DD'),'393.jpg');
Insert into FEED (FEED_NO,USER_ID,FEED_CONT,FEED_DATE,FEED_PIC) values (294,'expedition1205@gmail.com','오늘의 커핑',to_date('2021/03/05','RRRR/MM/DD'),'294.jpg,294_1.jpg,294_2.jpg');
Insert into FEED (FEED_NO,USER_ID,FEED_CONT,FEED_DATE,FEED_PIC) values (396,'expedition1205@gmail.com','왜 머리를 길렀을까 왜그랬을까 싶다ㅏㅏㅏㅏ',to_date('2021/03/08','RRRR/MM/DD'),'396.jpg');
Insert into FEED (FEED_NO,USER_ID,FEED_CONT,FEED_DATE,FEED_PIC) values (392,'bomik0614@gmail.com','다들 정보처리기사 잘 보셨나요?
이번 시험 쉬웠다고 하던데 어떠셨는지 ,,',to_date('2021/03/07','RRRR/MM/DD'),null);
Insert into FEED (FEED_NO,USER_ID,FEED_CONT,FEED_DATE,FEED_PIC) values (384,'bomik0614@gmail.com','9년간 함께한 노트북을 보내주려고 합니다,,,
데스크탑이 좋을까요
노트북이 좋을까요
?
소중한 의견 남겨주세요 ,,
',to_date('2021/03/06','RRRR/MM/DD'),null);
Insert into FEED (FEED_NO,USER_ID,FEED_CONT,FEED_DATE,FEED_PIC) values (9,'psh40963@naver.com','요한슨으로 정화하고 지나가세요',to_date('2021/03/05','RRRR/MM/DD'),'scarlett.jpg,scarlett_2.jpg,scarlett_3.jpg');
Insert into FEED (FEED_NO,USER_ID,FEED_CONT,FEED_DATE,FEED_PIC) values (381,'bomik0614@gmail.com','이 오류 왜 나오는지 아시는 분 ㅜ
전 잘못한게 없는데 왜이래요ㅠ?',to_date('2021/03/05','RRRR/MM/DD'),'381.jpg');
Insert into FEED (FEED_NO,USER_ID,FEED_CONT,FEED_DATE,FEED_PIC) values (402,'bomik0614@gmail.com','최강한화
!!!!!!!!!!!!',to_date('2021/03/08','RRRR/MM/DD'),'402_1.jpg,402_2.jpg,402_3.jpg');
Insert into FEED (FEED_NO,USER_ID,FEED_CONT,FEED_DATE,FEED_PIC) values (395,'bomik0614@gmail.com','그래미 퍼포머 뜬거 보셨나요?
라인업 미쳤네요 ㅜ
',to_date('2021/03/07','RRRR/MM/DD'),'395.jpg');
Insert into FEED (FEED_NO,USER_ID,FEED_CONT,FEED_DATE,FEED_PIC) values (5,'psh40963@naver.com','A star is born <br> 레이디가가 짱입니다. 꼭 두번 세번 보세요..',to_date('2021/03/05','RRRR/MM/DD'),'5_1.jpg,5_2.jpg');
Insert into FEED (FEED_NO,USER_ID,FEED_CONT,FEED_DATE,FEED_PIC) values (4,'psh40963@naver.com','stardew valley . 힐링 게임이라는데 뉴질랜드에서 락다운하는동안에 하루 15시간씩 일주일동안을 아내랑 이거 붙잡고 있었습니다.. 이 게임 개발자가 혼자 3년동안 음악도 직접 작곡,연주하고 코딩 다 하고 ( 취업이 안되서 포트폴리오할라고 만들던거랍니다) 스토리에 뭐에 다 처음부터 끝까지 본인손으로 했답니다. 존경..',to_date('2021/03/05','RRRR/MM/DD'),'4_2.jpg,4_1.jpg');
Insert into FEED (FEED_NO,USER_ID,FEED_CONT,FEED_DATE,FEED_PIC) values (3,'psh40963@naver.com','첫 사진은 고양이',to_date('2021/03/05','RRRR/MM/DD'),'3.jpg');
Insert into FEED (FEED_NO,USER_ID,FEED_CONT,FEED_DATE,FEED_PIC) values (405,'vhvhglgl@naver.com','사랑하는 제주도',to_date('2021/03/08','RRRR/MM/DD'),'405_2.jpg,405_1.jpg');
Insert into FEED (FEED_NO,USER_ID,FEED_CONT,FEED_DATE,FEED_PIC) values (397,'bomik0614@gmail.com','핸드드립이랑
까눌레랑
',to_date('2021/03/08','RRRR/MM/DD'),'397_1.jpg,397_2.jpg,397_3.jpg');
Insert into FEED (FEED_NO,USER_ID,FEED_CONT,FEED_DATE,FEED_PIC) values (390,'expedition1205@gmail.com','Ay Caramba!!!',to_date('2021/03/06','RRRR/MM/DD'),'390.jpg');
Insert into FEED (FEED_NO,USER_ID,FEED_CONT,FEED_DATE,FEED_PIC) values (295,'expedition1205@gmail.com','잘생겼네',to_date('2021/03/05','RRRR/MM/DD'),'shkim.jpg,scarlett.jpg');
Insert into FEED (FEED_NO,USER_ID,FEED_CONT,FEED_DATE,FEED_PIC) values (400,'chdnjs7610@gmail.com','프로그래머스 사악하다... 소수찾기 레벨 1 맞아요?? 에라이..어쩌구저쩌구 체 써야 통과잖아요,,,',to_date('2021/03/05','RRRR/MM/DD'),'400.jpg');
Insert into FEED (FEED_NO,USER_ID,FEED_CONT,FEED_DATE,FEED_PIC) values (401,'chdnjs7610@gmail.com','진짜 유진이 증명사진 인줄...',to_date('2021/03/05','RRRR/MM/DD'),'401.jpg');
Insert into FEED (FEED_NO,USER_ID,FEED_CONT,FEED_DATE,FEED_PIC) values (386,'chdnjs7610@gmail.com','코로나 끝나면 가야지🚶‍♀️',to_date('2021/03/05','RRRR/MM/DD'),'386.jpg');
Insert into FEED (FEED_NO,USER_ID,FEED_CONT,FEED_DATE,FEED_PIC) values (448,'psh40963@naver.com','프로필 사진 변경 기능을 추가했습니다.
개성있는 프로필 사진으로 자신을 표현해보세요!

앞으로도 추가될 기능에 많은 기대 해주시고 개선사항이나 기능 추가 관련 피드백도 메시지로 많이 보내주세요!',to_date('2021/03/30','RRRR/MM/DD'),'448_0.jpg,448_1.jpg');
Insert into FEED (FEED_NO,USER_ID,FEED_CONT,FEED_DATE,FEED_PIC) values (441,'dhdhdh0906@naver.com','과일타르트
얼마나 맛있게요',to_date('2021/03/28','RRRR/MM/DD'),'441_0.JPG');
Insert into FEED (FEED_NO,USER_ID,FEED_CONT,FEED_DATE,FEED_PIC) values (435,'psh40963@naver.com','해냈다.. 여러분 서비스 하러 갑시다.. 중프 끝나고 마실 술 준비 하겠습니다..',to_date('2021/03/28','RRRR/MM/DD'),'435_0.jpg,435_1.jpg');
Insert into FEED (FEED_NO,USER_ID,FEED_CONT,FEED_DATE,FEED_PIC) values (443,'dhdhdh0906@naver.com','피스타치오, 아몬드, 헤이즐넛, 건크랜베리가 듬뿍 들어간 쿠키
스콘 식감과 비슷',to_date('2021/03/28','RRRR/MM/DD'),'443_0.JPG');
Insert into FEED (FEED_NO,USER_ID,FEED_CONT,FEED_DATE,FEED_PIC) values (447,'kanjjang89@naver.com','하이 ',to_date('2021/03/29','RRRR/MM/DD'),'447_0.jpg,447_1.jpg,447_2.jpg,447_3.jpg');
REM INSERTING into FEED_COMMENT
SET DEFINE OFF;
Insert into FEED_COMMENT (FEED_COM_NO,FEED_NO,USER_ID,FEED_COM_CONT,FEED_COM_DATE) values (245,9,'ddit302stu2@gmail.com','스칼렛 요한슨이다! 블랙위도우!<img style="width:23px; height:23px" src="images/emoji/1f631.png">',to_date('2021/03/07','RRRR/MM/DD'));
Insert into FEED_COMMENT (FEED_COM_NO,FEED_NO,USER_ID,FEED_COM_CONT,FEED_COM_DATE) values (302,393,'chdnjs7610@gmail.com','우왕 \(￣︶￣*\))',to_date('2021/03/08','RRRR/MM/DD'));
Insert into FEED_COMMENT (FEED_COM_NO,FEED_NO,USER_ID,FEED_COM_CONT,FEED_COM_DATE) values (281,386,'chdnjs7610@gmail.com','#코로나 #여행 #여행가자 #코로나얼른끝나자',to_date('2021/03/08','RRRR/MM/DD'));
Insert into FEED_COMMENT (FEED_COM_NO,FEED_NO,USER_ID,FEED_COM_CONT,FEED_COM_DATE) values (310,381,'chdnjs7610@gmail.com','js 정말 예민하다...그냥 알아서 와라...',to_date('2021/03/08','RRRR/MM/DD'));
Insert into FEED_COMMENT (FEED_COM_NO,FEED_NO,USER_ID,FEED_COM_CONT,FEED_COM_DATE) values (205,390,'psh40963@naver.com','<img style="width:23px; height:23px" src="images/emoji/1f639.png"><img style="width:23px; height:23px" src="images/emoji/1f639.png"><img style="width:23px; height:23px" src="images/emoji/1f639.png"><img style="width:23px; height:23px" src="images/emoji/1f639.png">',to_date('2021/03/06','RRRR/MM/DD'));
Insert into FEED_COMMENT (FEED_COM_NO,FEED_NO,USER_ID,FEED_COM_CONT,FEED_COM_DATE) values (264,393,'bomik0614@gmail.com','필카갬성',to_date('2021/03/08','RRRR/MM/DD'));
Insert into FEED_COMMENT (FEED_COM_NO,FEED_NO,USER_ID,FEED_COM_CONT,FEED_COM_DATE) values (206,295,'psh40963@naver.com','초상화 잘 보고 갑니다',to_date('2021/03/06','RRRR/MM/DD'));
Insert into FEED_COMMENT (FEED_COM_NO,FEED_NO,USER_ID,FEED_COM_CONT,FEED_COM_DATE) values (241,390,'bomik0614@gmail.com','<img style="width:23px; height:23px" src="images/emoji/1f602.png"><img style="width:23px; height:23px" src="images/emoji/1f602.png"><img style="width:23px; height:23px" src="images/emoji/1f602.png">',to_date('2021/03/06','RRRR/MM/DD'));
Insert into FEED_COMMENT (FEED_COM_NO,FEED_NO,USER_ID,FEED_COM_CONT,FEED_COM_DATE) values (243,390,'chdnjs7610@naver.com','와...<img style="width:23px; height:23px" src="images/emoji/1f622.png">',to_date('2021/03/06','RRRR/MM/DD'));
Insert into FEED_COMMENT (FEED_COM_NO,FEED_NO,USER_ID,FEED_COM_CONT,FEED_COM_DATE) values (252,396,'psh40963@naver.com','와 본인인가요',to_date('2021/03/08','RRRR/MM/DD'));
Insert into FEED_COMMENT (FEED_COM_NO,FEED_NO,USER_ID,FEED_COM_CONT,FEED_COM_DATE) values (261,396,'chdnjs7610@gmail.com','뭐야 긴머리 돌려줘요<img style="width:23px; height:23px" src="images/emoji/1f632.png">',to_date('2021/03/08','RRRR/MM/DD'));
Insert into FEED_COMMENT (FEED_COM_NO,FEED_NO,USER_ID,FEED_COM_CONT,FEED_COM_DATE) values (265,383,'bomik0614@gmail.com','이 아이가 그 산책시키신다던 그 아이..?',to_date('2021/03/08','RRRR/MM/DD'));
Insert into FEED_COMMENT (FEED_COM_NO,FEED_NO,USER_ID,FEED_COM_CONT,FEED_COM_DATE) values (266,294,'bomik0614@gmail.com','오ㅏ 커핑도 하셨어요?&nbsp;',to_date('2021/03/08','RRRR/MM/DD'));
Insert into FEED_COMMENT (FEED_COM_NO,FEED_NO,USER_ID,FEED_COM_CONT,FEED_COM_DATE) values (301,397,'chdnjs7610@gmail.com','맛있겠다...☕',to_date('2021/03/08','RRRR/MM/DD'));
Insert into FEED_COMMENT (FEED_COM_NO,FEED_NO,USER_ID,FEED_COM_CONT,FEED_COM_DATE) values (303,3,'chdnjs7610@gmail.com','고양이가 세상 구한다...너무 귀여워요<img style="width:23px; height:23px" src="images/emoji/1f431.png">',to_date('2021/03/08','RRRR/MM/DD'));
Insert into FEED_COMMENT (FEED_COM_NO,FEED_NO,USER_ID,FEED_COM_CONT,FEED_COM_DATE) values (304,4,'chdnjs7610@gmail.com','프로젝트 끝나고 해야할것...',to_date('2021/03/08','RRRR/MM/DD'));
Insert into FEED_COMMENT (FEED_COM_NO,FEED_NO,USER_ID,FEED_COM_CONT,FEED_COM_DATE) values (305,5,'chdnjs7610@gmail.com','아름답네요^^',to_date('2021/03/08','RRRR/MM/DD'));
Insert into FEED_COMMENT (FEED_COM_NO,FEED_NO,USER_ID,FEED_COM_CONT,FEED_COM_DATE) values (348,401,'kanjjang89@naver.com','<img style="width:23px; height:23px" src="images/emoji/1f621.png">',to_date('2021/03/29','RRRR/MM/DD'));
Insert into FEED_COMMENT (FEED_COM_NO,FEED_NO,USER_ID,FEED_COM_CONT,FEED_COM_DATE) values (313,386,'bomik0614@gmail.com','떠나요 둘이서&nbsp;<img style="width:23px; height:23px" src="images/emoji/1f3b5.png">',to_date('2021/03/08','RRRR/MM/DD'));
Insert into FEED_COMMENT (FEED_COM_NO,FEED_NO,USER_ID,FEED_COM_CONT,FEED_COM_DATE) values (246,4,'ddit302stu2@gmail.com','오 이 게임 재밌는데!!',to_date('2021/03/07','RRRR/MM/DD'));
Insert into FEED_COMMENT (FEED_COM_NO,FEED_NO,USER_ID,FEED_COM_CONT,FEED_COM_DATE) values (314,401,'bomik0614@gmail.com','루피 네가 고생이 많다&nbsp;',to_date('2021/03/08','RRRR/MM/DD'));
Insert into FEED_COMMENT (FEED_COM_NO,FEED_NO,USER_ID,FEED_COM_CONT,FEED_COM_DATE) values (244,4,'psh40963@naver.com','이거 재밌어요 꼭 해보세요&nbsp;<img style="width:23px; height:23px" src="images/emoji/1f604.png">',to_date('2021/03/07','RRRR/MM/DD'));
Insert into FEED_COMMENT (FEED_COM_NO,FEED_NO,USER_ID,FEED_COM_CONT,FEED_COM_DATE) values (247,3,'ddit302stu2@gmail.com','너무 귀여워요<img style="width:23px; height:23px" src="images/emoji/1f408.png">',to_date('2021/03/07','RRRR/MM/DD'));
Insert into FEED_COMMENT (FEED_COM_NO,FEED_NO,USER_ID,FEED_COM_CONT,FEED_COM_DATE) values (309,400,'psh40963@naver.com','어쩌구저쩌구체 ㅋㅋㅋㅋ 저도 프로그래머스 처음 할때 소수찾기먼저 했다가 개발자 인생 접을뻔 했습니다.<img style="width:23px; height:23px" src="images/emoji/1f639.png"><img style="width:23px; height:23px" src="images/emoji/1f639.png">',to_date('2021/03/08','RRRR/MM/DD'));
Insert into FEED_COMMENT (FEED_COM_NO,FEED_NO,USER_ID,FEED_COM_CONT,FEED_COM_DATE) values (249,381,'bomik0614@gmail.com','아 ,, js파일 안불러와서 그랬네요,, 제가 잘못했네요,,',to_date('2021/03/08','RRRR/MM/DD'));
Insert into FEED_COMMENT (FEED_COM_NO,FEED_NO,USER_ID,FEED_COM_CONT,FEED_COM_DATE) values (267,392,'chdnjs7610@gmail.com','컴퓨터로 보는줄 알았다구요...왜 종이로 봐요...식은땀 줄줄;;',to_date('2021/03/08','RRRR/MM/DD'));
Insert into FEED_COMMENT (FEED_COM_NO,FEED_NO,USER_ID,FEED_COM_CONT,FEED_COM_DATE) values (316,401,'vhvhglgl@naver.com','맛있나요?',to_date('2021/03/08','RRRR/MM/DD'));
Insert into FEED_COMMENT (FEED_COM_NO,FEED_NO,USER_ID,FEED_COM_CONT,FEED_COM_DATE) values (317,395,'vhvhglgl@naver.com','포스트말론&nbsp;<img style="width:23px; height:23px" src="images/emoji/1f525.png">',to_date('2021/03/08','RRRR/MM/DD'));
Insert into FEED_COMMENT (FEED_COM_NO,FEED_NO,USER_ID,FEED_COM_CONT,FEED_COM_DATE) values (318,4,'bomik0614@gmail.com','이 게임에 이런 비하인드가 있었다니<img style="width:23px; height:23px" src="images/emoji/1f632.png">',to_date('2021/03/08','RRRR/MM/DD'));
Insert into FEED_COMMENT (FEED_COM_NO,FEED_NO,USER_ID,FEED_COM_CONT,FEED_COM_DATE) values (320,400,'bomik0614@gmail.com','프로그래머스 가만안도',to_date('2021/03/08','RRRR/MM/DD'));
Insert into FEED_COMMENT (FEED_COM_NO,FEED_NO,USER_ID,FEED_COM_CONT,FEED_COM_DATE) values (315,392,'vhvhglgl@naver.com','의문의 합격 ,,',to_date('2021/03/08','RRRR/MM/DD'));
Insert into FEED_COMMENT (FEED_COM_NO,FEED_NO,USER_ID,FEED_COM_CONT,FEED_COM_DATE) values (181,390,'expedition1205@gmail.com','사진이 올라가다니....또르르<img style="width:23px; height:23px" src="images/emoji/1f639.png"><img style="width:23px; height:23px" src="images/emoji/1f639.png"><img style="width:23px; height:23px" src="images/emoji/1f639.png"><img style="width:23px; height:23px" src="images/emoji/1f639.png"><img style="width:23px; height:23px" src="images/emoji/1f639.png">',to_date('2021/03/06','RRRR/MM/DD'));
Insert into FEED_COMMENT (FEED_COM_NO,FEED_NO,USER_ID,FEED_COM_CONT,FEED_COM_DATE) values (319,405,'chdnjs7610@gmail.com','코로나 끝나면 제주도 갑니다..제주도 뿌셔~!!',to_date('2021/03/08','RRRR/MM/DD'));
Insert into FEED_COMMENT (FEED_COM_NO,FEED_NO,USER_ID,FEED_COM_CONT,FEED_COM_DATE) values (263,396,'bomik0614@gmail.com','<img style="width:23px; height:23px" src="images/emoji/1f631.png">',to_date('2021/03/08','RRRR/MM/DD'));
Insert into FEED_COMMENT (FEED_COM_NO,FEED_NO,USER_ID,FEED_COM_CONT,FEED_COM_DATE) values (250,382,'psh40963@naver.com','그건 인정',to_date('2021/03/08','RRRR/MM/DD'));
Insert into FEED_COMMENT (FEED_COM_NO,FEED_NO,USER_ID,FEED_COM_CONT,FEED_COM_DATE) values (182,390,'expedition1205@gmail.com','아 싄나',to_date('2021/03/06','RRRR/MM/DD'));
Insert into FEED_COMMENT (FEED_COM_NO,FEED_NO,USER_ID,FEED_COM_CONT,FEED_COM_DATE) values (307,384,'expedition1205@gmail.com','저가튼 경우엔 맥북을 추천드려요&nbsp;<img style="width:23px; height:23px" src="images/emoji/1f1f0-1f1f7.png">',to_date('2021/03/08','RRRR/MM/DD'));
Insert into FEED_COMMENT (FEED_COM_NO,FEED_NO,USER_ID,FEED_COM_CONT,FEED_COM_DATE) values (242,390,'expedition1205@gmail.com','<img style="width:23px; height:23px" src="images/emoji/1f608.png">!!',to_date('2021/03/06','RRRR/MM/DD'));
Insert into FEED_COMMENT (FEED_COM_NO,FEED_NO,USER_ID,FEED_COM_CONT,FEED_COM_DATE) values (262,395,'chdnjs7610@gmail.com','헐! 나쁜토끼 궁금하다',to_date('2021/03/08','RRRR/MM/DD'));
Insert into FEED_COMMENT (FEED_COM_NO,FEED_NO,USER_ID,FEED_COM_CONT,FEED_COM_DATE) values (306,395,'expedition1205@gmail.com','두둠칫 두둠칫',to_date('2021/03/08','RRRR/MM/DD'));
Insert into FEED_COMMENT (FEED_COM_NO,FEED_NO,USER_ID,FEED_COM_CONT,FEED_COM_DATE) values (341,395,'psh40963@naver.com','Billie Eilish 보러 가고 싶네여&nbsp;<img style="width:23px; height:23px" src="images/emoji/1f632.png">',to_date('2021/03/28','RRRR/MM/DD'));
Insert into FEED_COMMENT (FEED_COM_NO,FEED_NO,USER_ID,FEED_COM_CONT,FEED_COM_DATE) values (345,441,'expedition1205@gmail.com','너무 맛있어보여요!!<img style="width:23px; height:23px" src="images/emoji/1f631.png"><img style="width:23px; height:23px" src="images/emoji/1f631.png"><img style="width:23px; height:23px" src="images/emoji/1f631.png">',to_date('2021/03/29','RRRR/MM/DD'));
Insert into FEED_COMMENT (FEED_COM_NO,FEED_NO,USER_ID,FEED_COM_CONT,FEED_COM_DATE) values (346,447,'expedition1205@gmail.com','반가워요!!!<img style="width:23px; height:23px" src="images/emoji/1f643.png"><img style="width:23px; height:23px" src="images/emoji/1f642.png"><img style="width:23px; height:23px" src="images/emoji/1f643.png"><img style="width:23px; height:23px" src="images/emoji/1f642.png">',to_date('2021/03/29','RRRR/MM/DD'));
Insert into FEED_COMMENT (FEED_COM_NO,FEED_NO,USER_ID,FEED_COM_CONT,FEED_COM_DATE) values (344,4,'dhdhdh0906@naver.com','업뎃 많이 해줬음 좋겠다',to_date('2021/03/28','RRRR/MM/DD'));
Insert into FEED_COMMENT (FEED_COM_NO,FEED_NO,USER_ID,FEED_COM_CONT,FEED_COM_DATE) values (347,401,'kanjjang89@naver.com','핑크색괴물',to_date('2021/03/29','RRRR/MM/DD'));
Insert into FEED_COMMENT (FEED_COM_NO,FEED_NO,USER_ID,FEED_COM_CONT,FEED_COM_DATE) values (349,383,'kanjjang89@naver.com','까만강아지 귀욤!<img style="width:23px; height:23px" src="images/emoji/1f638.png">',to_date('2021/03/29','RRRR/MM/DD'));
Insert into FEED_COMMENT (FEED_COM_NO,FEED_NO,USER_ID,FEED_COM_CONT,FEED_COM_DATE) values (350,390,'kanjjang89@naver.com','다들 고생 많으셨어요',to_date('2021/03/29','RRRR/MM/DD'));
Insert into FEED_COMMENT (FEED_COM_NO,FEED_NO,USER_ID,FEED_COM_CONT,FEED_COM_DATE) values (351,402,'kanjjang89@naver.com','맥주 색깔이 영롱하네요!',to_date('2021/03/29','RRRR/MM/DD'));
Insert into FEED_COMMENT (FEED_COM_NO,FEED_NO,USER_ID,FEED_COM_CONT,FEED_COM_DATE) values (352,295,'kanjjang89@naver.com','제사진이 왜 여기있죠?',to_date('2021/03/29','RRRR/MM/DD'));
Insert into FEED_COMMENT (FEED_COM_NO,FEED_NO,USER_ID,FEED_COM_CONT,FEED_COM_DATE) values (353,9,'kanjjang89@naver.com','블랙위도우!',to_date('2021/03/29','RRRR/MM/DD'));
Insert into FEED_COMMENT (FEED_COM_NO,FEED_NO,USER_ID,FEED_COM_CONT,FEED_COM_DATE) values (354,4,'kanjjang89@naver.com','이거 폰게임으로 엄청 했었는데... ㅠ',to_date('2021/03/29','RRRR/MM/DD'));
Insert into FEED_COMMENT (FEED_COM_NO,FEED_NO,USER_ID,FEED_COM_CONT,FEED_COM_DATE) values (355,447,'psh40963@naver.com','하이하이~<img style="width:23px; height:23px" src="images/emoji/1f643.png">',to_date('2021/03/29','RRRR/MM/DD'));
Insert into FEED_COMMENT (FEED_COM_NO,FEED_NO,USER_ID,FEED_COM_CONT,FEED_COM_DATE) values (356,447,'thelovemsg@naver.com','사진 도용은 심각한 범죄이며 형사처벌 대상이 될 수 있습니다.',to_date('2021/03/30','RRRR/MM/DD'));
Insert into FEED_COMMENT (FEED_COM_NO,FEED_NO,USER_ID,FEED_COM_CONT,FEED_COM_DATE) values (357,443,'thelovemsg@naver.com','와 정말 맛잇었어요^^ 둘이먹다가 하나가 죽어도 모르는 맛입니다 호호홍',to_date('2021/03/30','RRRR/MM/DD'));
Insert into FEED_COMMENT (FEED_COM_NO,FEED_NO,USER_ID,FEED_COM_CONT,FEED_COM_DATE) values (358,402,'thelovemsg@naver.com','한화 ㅈ밥이에요 ㅎㅎ',to_date('2021/03/30','RRRR/MM/DD'));
Insert into FEED_COMMENT (FEED_COM_NO,FEED_NO,USER_ID,FEED_COM_CONT,FEED_COM_DATE) values (359,384,'psh40963@naver.com','개발자 데스크탑은 비추해요~ 맥북 안사더라도 노트북으로 사시는걸 추천해요 저는..',to_date('2021/03/30','RRRR/MM/DD'));
REM INSERTING into FEED_COM_RE
SET DEFINE OFF;
Insert into FEED_COM_RE (F_COM_RE_NO,FEED_COM_NO,USER_ID,F_COM_RE_CONT,F_COM_RE_DATE) values (81,181,'expedition1205@gmail.com','@조씨 대댓글이 된다니!!!!!<img style="width:23px; height:23px" src="images/emoji/1f633.png"><img style="width:23px; height:23px" src="images/emoji/1f632.png"><img style="width:23px; height:23px" src="images/emoji/1f631.png">',to_date('2021/03/06','RRRR/MM/DD'));
Insert into FEED_COM_RE (F_COM_RE_NO,FEED_COM_NO,USER_ID,F_COM_RE_CONT,F_COM_RE_DATE) values (222,245,'chdnjs7610@gmail.com','@코딩천재 블랙위도우 좋죠^^',to_date('2021/03/08','RRRR/MM/DD'));
Insert into FEED_COM_RE (F_COM_RE_NO,FEED_COM_NO,USER_ID,F_COM_RE_CONT,F_COM_RE_DATE) values (166,249,'expedition1205@gmail.com','@썸머 그럴수도있죠!!',to_date('2021/03/08','RRRR/MM/DD'));
Insert into FEED_COM_RE (F_COM_RE_NO,FEED_COM_NO,USER_ID,F_COM_RE_CONT,F_COM_RE_DATE) values (181,262,'chdnjs7610@gmail.com','@망태기 이름이 죽여줘요',to_date('2021/03/08','RRRR/MM/DD'));
Insert into FEED_COM_RE (F_COM_RE_NO,FEED_COM_NO,USER_ID,F_COM_RE_CONT,F_COM_RE_DATE) values (121,241,'expedition1205@gmail.com','@썸머 안녕!',to_date('2021/03/06','RRRR/MM/DD'));
Insert into FEED_COM_RE (F_COM_RE_NO,FEED_COM_NO,USER_ID,F_COM_RE_CONT,F_COM_RE_DATE) values (225,319,'chdnjs7610@gmail.com','@망태기 #제주도 #제주도여행',to_date('2021/03/08','RRRR/MM/DD'));
Insert into FEED_COM_RE (F_COM_RE_NO,FEED_COM_NO,USER_ID,F_COM_RE_CONT,F_COM_RE_DATE) values (228,316,'expedition1205@gmail.com','@summer 맛있겠죠^^',to_date('2021/03/08','RRRR/MM/DD'));
Insert into FEED_COM_RE (F_COM_RE_NO,FEED_COM_NO,USER_ID,F_COM_RE_CONT,F_COM_RE_DATE) values (226,316,'chdnjs7610@gmail.com','@summer 달콤한 크림과....느끼한 치즈의 조화...',to_date('2021/03/08','RRRR/MM/DD'));
Insert into FEED_COM_RE (F_COM_RE_NO,FEED_COM_NO,USER_ID,F_COM_RE_CONT,F_COM_RE_DATE) values (202,267,'expedition1205@gmail.com','@망태기 ㅋㅋㅋㅋㅋㅋㅋㅋ ㅋㅋㅋㅋ그럴수 있엌ㅋㅋㅋㅋㅋ',to_date('2021/03/08','RRRR/MM/DD'));
Insert into FEED_COM_RE (F_COM_RE_NO,FEED_COM_NO,USER_ID,F_COM_RE_CONT,F_COM_RE_DATE) values (223,301,'expedition1205@gmail.com','@망태기 다음엔 진짜 까눌레 부탁해요&nbsp;<img style="width:23px; height:23px" src="images/emoji/1f374.png">',to_date('2021/03/08','RRRR/MM/DD'));
Insert into FEED_COM_RE (F_COM_RE_NO,FEED_COM_NO,USER_ID,F_COM_RE_CONT,F_COM_RE_DATE) values (241,307,'psh40963@naver.com','@조씨&nbsp; 맥북은 인정이지',to_date('2021/03/29','RRRR/MM/DD'));
Insert into FEED_COM_RE (F_COM_RE_NO,FEED_COM_NO,USER_ID,F_COM_RE_CONT,F_COM_RE_DATE) values (242,356,'psh40963@naver.com','@둔기로이마까 맞습니다',to_date('2021/03/30','RRRR/MM/DD'));
Insert into FEED_COM_RE (F_COM_RE_NO,FEED_COM_NO,USER_ID,F_COM_RE_CONT,F_COM_RE_DATE) values (243,358,'psh40963@naver.com','@둔기로이마까 신고합니다',to_date('2021/03/30','RRRR/MM/DD'));
REM INSERTING into FOLLOW
SET DEFINE OFF;
Insert into FOLLOW (FOLLOW_NO,FOLLOWER,FOLLOWEE) values (318,'bomik0614@gmail.com','expedition1205@gmail.com');
Insert into FOLLOW (FOLLOW_NO,FOLLOWER,FOLLOWEE) values (152,'expedition1205@gmail.com','psh40963@naver.com');
Insert into FOLLOW (FOLLOW_NO,FOLLOWER,FOLLOWEE) values (10,'chdnjs7610@gmail.com','expedition1205@gmail.com');
Insert into FOLLOW (FOLLOW_NO,FOLLOWER,FOLLOWEE) values (11,'bomik0614@gmail.com','psh40963@naver.com');
Insert into FOLLOW (FOLLOW_NO,FOLLOWER,FOLLOWEE) values (71,'bomik0614@gmail.com','chdnjs7610@gmail.com');
Insert into FOLLOW (FOLLOW_NO,FOLLOWER,FOLLOWEE) values (321,'ddit302stu4@gmail.com','a002');
Insert into FOLLOW (FOLLOW_NO,FOLLOWER,FOLLOWEE) values (332,'ddit302stu5@gmail.com','a001');
Insert into FOLLOW (FOLLOW_NO,FOLLOWER,FOLLOWEE) values (323,'ddit302stu4@gmail.com','psh40963@naver.com');
Insert into FOLLOW (FOLLOW_NO,FOLLOWER,FOLLOWEE) values (322,'ddit302stu4@gmail.com','vhvhglgl@naver.com');
Insert into FOLLOW (FOLLOW_NO,FOLLOWER,FOLLOWEE) values (350,'expedition1205@gmail.com','bomik0614@gmail.com');
Insert into FOLLOW (FOLLOW_NO,FOLLOWER,FOLLOWEE) values (320,'ddit302stu4@gmail.com','expedition1205@gmail.com');
Insert into FOLLOW (FOLLOW_NO,FOLLOWER,FOLLOWEE) values (333,'ddit302stu5@gmail.com','kkobuk@hotmail.co.kr');
Insert into FOLLOW (FOLLOW_NO,FOLLOWER,FOLLOWEE) values (190,'chdnjs7610@gmail.com','bomik0614@gmail.com');
Insert into FOLLOW (FOLLOW_NO,FOLLOWER,FOLLOWEE) values (290,'psh40963@naver.com','expedition1205@gmail.com');
Insert into FOLLOW (FOLLOW_NO,FOLLOWER,FOLLOWEE) values (331,'ddit302stu5@gmail.com','ddit302stu4@gmail.com');
Insert into FOLLOW (FOLLOW_NO,FOLLOWER,FOLLOWEE) values (1,'chdnjs7610@gmail.com','psh40963@naver.com');
Insert into FOLLOW (FOLLOW_NO,FOLLOWER,FOLLOWEE) values (275,'psh40963@naver.com','chdnjs7610@gmail.com');
Insert into FOLLOW (FOLLOW_NO,FOLLOWER,FOLLOWEE) values (371,'dhdhdh0906@naver.com','psh40963@naver.com');
Insert into FOLLOW (FOLLOW_NO,FOLLOWER,FOLLOWEE) values (330,'ddit302stu5@gmail.com','a002');
Insert into FOLLOW (FOLLOW_NO,FOLLOWER,FOLLOWEE) values (376,'psh40963@naver.com','dhdhdh0906@naver.com');
Insert into FOLLOW (FOLLOW_NO,FOLLOWER,FOLLOWEE) values (375,'chdnjs7610@gmail.com','kkobuk@hotmail.co.kr');
Insert into FOLLOW (FOLLOW_NO,FOLLOWER,FOLLOWEE) values (374,'psh40963@naver.com','bomik0614@gmail.com');
Insert into FOLLOW (FOLLOW_NO,FOLLOWER,FOLLOWEE) values (383,'bomik0614@gmail.com','kanjjang89@naver.com');
Insert into FOLLOW (FOLLOW_NO,FOLLOWER,FOLLOWEE) values (378,'kanjjang89@naver.com','expedition1205@gmail.com');
Insert into FOLLOW (FOLLOW_NO,FOLLOWER,FOLLOWEE) values (385,'thelovemsg@naver.com','ddit302stu9@gmail.com');
Insert into FOLLOW (FOLLOW_NO,FOLLOWER,FOLLOWEE) values (380,'kanjjang89@naver.com','bomik0614@gmail.com');
Insert into FOLLOW (FOLLOW_NO,FOLLOWER,FOLLOWEE) values (387,'psh40963@naver.com','thelovemsg@naver.com');
Insert into FOLLOW (FOLLOW_NO,FOLLOWER,FOLLOWEE) values (386,'thelovemsg@naver.com','dnjs0318@naver.com');
Insert into FOLLOW (FOLLOW_NO,FOLLOWER,FOLLOWEE) values (389,'psh40963@naver.com','ddit302stu2@gmail.com');
Insert into FOLLOW (FOLLOW_NO,FOLLOWER,FOLLOWEE) values (390,'psh40963@naver.com','kanjjang89@naver.com');
REM INSERTING into LIKES
SET DEFINE OFF;
Insert into LIKES (LIKE_NO,USER_ID,FEED_NO) values (223,'psh40963@naver.com',390);
Insert into LIKES (LIKE_NO,USER_ID,FEED_NO) values (225,'psh40963@naver.com',295);
Insert into LIKES (LIKE_NO,USER_ID,FEED_NO) values (227,'psh40963@naver.com',4);
Insert into LIKES (LIKE_NO,USER_ID,FEED_NO) values (286,'bomik0614@gmail.com',390);
Insert into LIKES (LIKE_NO,USER_ID,FEED_NO) values (362,'chdnjs7610@gmail.com',5);
Insert into LIKES (LIKE_NO,USER_ID,FEED_NO) values (292,'expedition1205@gmail.com',381);
Insert into LIKES (LIKE_NO,USER_ID,FEED_NO) values (361,'chdnjs7610@gmail.com',4);
Insert into LIKES (LIKE_NO,USER_ID,FEED_NO) values (370,'chdnjs7610@gmail.com',396);
Insert into LIKES (LIKE_NO,USER_ID,FEED_NO) values (293,'expedition1205@gmail.com',395);
Insert into LIKES (LIKE_NO,USER_ID,FEED_NO) values (221,'psh40963@naver.com',9);
Insert into LIKES (LIKE_NO,USER_ID,FEED_NO) values (226,'psh40963@naver.com',5);
Insert into LIKES (LIKE_NO,USER_ID,FEED_NO) values (301,'psh40963@naver.com',396);
Insert into LIKES (LIKE_NO,USER_ID,FEED_NO) values (289,'psh40963@naver.com',381);
Insert into LIKES (LIKE_NO,USER_ID,FEED_NO) values (291,'psh40963@naver.com',382);
Insert into LIKES (LIKE_NO,USER_ID,FEED_NO) values (302,'psh40963@naver.com',395);
Insert into LIKES (LIKE_NO,USER_ID,FEED_NO) values (371,'chdnjs7610@gmail.com',392);
Insert into LIKES (LIKE_NO,USER_ID,FEED_NO) values (283,'ddit302stu2@gmail.com',9);
Insert into LIKES (LIKE_NO,USER_ID,FEED_NO) values (261,'expedition1205@gmail.com',390);
Insert into LIKES (LIKE_NO,USER_ID,FEED_NO) values (284,'ddit302stu2@gmail.com',3);
Insert into LIKES (LIKE_NO,USER_ID,FEED_NO) values (378,'bomik0614@gmail.com',386);
Insert into LIKES (LIKE_NO,USER_ID,FEED_NO) values (368,'chdnjs7610@gmail.com',401);
Insert into LIKES (LIKE_NO,USER_ID,FEED_NO) values (372,'chdnjs7610@gmail.com',390);
Insert into LIKES (LIKE_NO,USER_ID,FEED_NO) values (383,'vhvhglgl@naver.com',405);
Insert into LIKES (LIKE_NO,USER_ID,FEED_NO) values (285,'bomik0614@gmail.com',5);
Insert into LIKES (LIKE_NO,USER_ID,FEED_NO) values (290,'expedition1205@gmail.com',392);
Insert into LIKES (LIKE_NO,USER_ID,FEED_NO) values (321,'chdnjs7610@gmail.com',395);
Insert into LIKES (LIKE_NO,USER_ID,FEED_NO) values (287,'psh40963@naver.com',3);
Insert into LIKES (LIKE_NO,USER_ID,FEED_NO) values (322,'bomik0614@gmail.com',396);
Insert into LIKES (LIKE_NO,USER_ID,FEED_NO) values (323,'bomik0614@gmail.com',294);
Insert into LIKES (LIKE_NO,USER_ID,FEED_NO) values (367,'psh40963@naver.com',400);
Insert into LIKES (LIKE_NO,USER_ID,FEED_NO) values (373,'bomik0614@gmail.com',401);
Insert into LIKES (LIKE_NO,USER_ID,FEED_NO) values (375,'bomik0614@gmail.com',393);
Insert into LIKES (LIKE_NO,USER_ID,FEED_NO) values (380,'vhvhglgl@naver.com',402);
Insert into LIKES (LIKE_NO,USER_ID,FEED_NO) values (382,'vhvhglgl@naver.com',397);
Insert into LIKES (LIKE_NO,USER_ID,FEED_NO) values (384,'chdnjs7610@gmail.com',405);
Insert into LIKES (LIKE_NO,USER_ID,FEED_NO) values (386,'expedition1205@gmail.com',401);
Insert into LIKES (LIKE_NO,USER_ID,FEED_NO) values (341,'chdnjs7610@gmail.com',393);
Insert into LIKES (LIKE_NO,USER_ID,FEED_NO) values (376,'bomik0614@gmail.com',383);
Insert into LIKES (LIKE_NO,USER_ID,FEED_NO) values (365,'expedition1205@gmail.com',384);
Insert into LIKES (LIKE_NO,USER_ID,FEED_NO) values (410,'kanjjang89@naver.com',383);
Insert into LIKES (LIKE_NO,USER_ID,FEED_NO) values (369,'chdnjs7610@gmail.com',400);
Insert into LIKES (LIKE_NO,USER_ID,FEED_NO) values (374,'bomik0614@gmail.com',400);
Insert into LIKES (LIKE_NO,USER_ID,FEED_NO) values (381,'vhvhglgl@naver.com',400);
Insert into LIKES (LIKE_NO,USER_ID,FEED_NO) values (405,'wnahd7852@naver.com',441);
Insert into LIKES (LIKE_NO,USER_ID,FEED_NO) values (403,'psh40963@naver.com',443);
Insert into LIKES (LIKE_NO,USER_ID,FEED_NO) values (404,'psh40963@naver.com',441);
Insert into LIKES (LIKE_NO,USER_ID,FEED_NO) values (406,'wnahd7852@naver.com',443);
Insert into LIKES (LIKE_NO,USER_ID,FEED_NO) values (407,'expedition1205@gmail.com',443);
Insert into LIKES (LIKE_NO,USER_ID,FEED_NO) values (408,'expedition1205@gmail.com',441);
Insert into LIKES (LIKE_NO,USER_ID,FEED_NO) values (409,'expedition1205@gmail.com',447);
Insert into LIKES (LIKE_NO,USER_ID,FEED_NO) values (411,'psh40963@naver.com',447);
Insert into LIKES (LIKE_NO,USER_ID,FEED_NO) values (412,'kanjjang89@naver.com',382);
Insert into LIKES (LIKE_NO,USER_ID,FEED_NO) values (413,'kanjjang89@naver.com',385);
Insert into LIKES (LIKE_NO,USER_ID,FEED_NO) values (414,'kanjjang89@naver.com',396);
Insert into LIKES (LIKE_NO,USER_ID,FEED_NO) values (415,'kanjjang89@naver.com',390);
Insert into LIKES (LIKE_NO,USER_ID,FEED_NO) values (416,'kanjjang89@naver.com',402);
Insert into LIKES (LIKE_NO,USER_ID,FEED_NO) values (422,'kanjjang89@naver.com',447);
Insert into LIKES (LIKE_NO,USER_ID,FEED_NO) values (418,'kanjjang89@naver.com',443);
Insert into LIKES (LIKE_NO,USER_ID,FEED_NO) values (424,'kanjjang89@naver.com',435);
Insert into LIKES (LIKE_NO,USER_ID,FEED_NO) values (423,'kanjjang89@naver.com',441);
Insert into LIKES (LIKE_NO,USER_ID,FEED_NO) values (425,'kanjjang89@naver.com',405);
Insert into LIKES (LIKE_NO,USER_ID,FEED_NO) values (426,'kanjjang89@naver.com',401);
Insert into LIKES (LIKE_NO,USER_ID,FEED_NO) values (427,'kanjjang89@naver.com',400);
Insert into LIKES (LIKE_NO,USER_ID,FEED_NO) values (428,'kanjjang89@naver.com',397);
Insert into LIKES (LIKE_NO,USER_ID,FEED_NO) values (429,'kanjjang89@naver.com',395);
Insert into LIKES (LIKE_NO,USER_ID,FEED_NO) values (430,'kanjjang89@naver.com',393);
Insert into LIKES (LIKE_NO,USER_ID,FEED_NO) values (431,'kanjjang89@naver.com',392);
Insert into LIKES (LIKE_NO,USER_ID,FEED_NO) values (432,'kanjjang89@naver.com',386);
Insert into LIKES (LIKE_NO,USER_ID,FEED_NO) values (433,'kanjjang89@naver.com',384);
Insert into LIKES (LIKE_NO,USER_ID,FEED_NO) values (434,'kanjjang89@naver.com',381);
Insert into LIKES (LIKE_NO,USER_ID,FEED_NO) values (435,'kanjjang89@naver.com',295);
Insert into LIKES (LIKE_NO,USER_ID,FEED_NO) values (436,'kanjjang89@naver.com',9);
Insert into LIKES (LIKE_NO,USER_ID,FEED_NO) values (437,'kanjjang89@naver.com',4);
Insert into LIKES (LIKE_NO,USER_ID,FEED_NO) values (438,'thelovemsg@naver.com',447);
REM INSERTING into LIKES_BACKUP
SET DEFINE OFF;
Insert into LIKES_BACKUP (LIKE_NO,USER_ID,FEED_NO) values (2,'psh40963@naver.com',1);
Insert into LIKES_BACKUP (LIKE_NO,USER_ID,FEED_NO) values (3,'psh40963@naver.com',2);
Insert into LIKES_BACKUP (LIKE_NO,USER_ID,FEED_NO) values (126,'chdnjs7610@gmail.com',150);
Insert into LIKES_BACKUP (LIKE_NO,USER_ID,FEED_NO) values (128,'chdnjs7610@gmail.com',150);
Insert into LIKES_BACKUP (LIKE_NO,USER_ID,FEED_NO) values (123,'expedition1205@gmail.com',10);
Insert into LIKES_BACKUP (LIKE_NO,USER_ID,FEED_NO) values (42,'chdnjs7610@gmail.com',1);
Insert into LIKES_BACKUP (LIKE_NO,USER_ID,FEED_NO) values (120,'expedition1205@gmail.com',94);
Insert into LIKES_BACKUP (LIKE_NO,USER_ID,FEED_NO) values (127,'chdnjs7610@gmail.com',150);
Insert into LIKES_BACKUP (LIKE_NO,USER_ID,FEED_NO) values (129,'chdnjs7610@gmail.com',150);
Insert into LIKES_BACKUP (LIKE_NO,USER_ID,FEED_NO) values (62,'chdnjs7610@gmail.com',90);
Insert into LIKES_BACKUP (LIKE_NO,USER_ID,FEED_NO) values (122,'expedition1205@gmail.com',50);
Insert into LIKES_BACKUP (LIKE_NO,USER_ID,FEED_NO) values (121,'expedition1205@gmail.com',93);
Insert into LIKES_BACKUP (LIKE_NO,USER_ID,FEED_NO) values (142,'expedition1205@gmail.com',152);
REM INSERTING into MESSAGE
SET DEFINE OFF;
Insert into MESSAGE (MSG_NO,MSG_TARGET_ID,MSG_SENDER,MSG_CONTENT,MSG_SENDDATE,MSG_OPENDATE) values (1,'psh40963@naver.com','expedition1205@gmail.com','첫번째 메시지입니다.',to_date('2021/02/25','RRRR/MM/DD'),null);
Insert into MESSAGE (MSG_NO,MSG_TARGET_ID,MSG_SENDER,MSG_CONTENT,MSG_SENDDATE,MSG_OPENDATE) values (2,'psh40963@naver.com','chdnjs7610@gmail.com','두번째 메시지입니다.',to_date('2021/02/25','RRRR/MM/DD'),null);
Insert into MESSAGE (MSG_NO,MSG_TARGET_ID,MSG_SENDER,MSG_CONTENT,MSG_SENDDATE,MSG_OPENDATE) values (3,'expedition1205@gmail.com','psh40963@naver.com','세번째 메시지입니다.',to_date('2021/02/25','RRRR/MM/DD'),null);
Insert into MESSAGE (MSG_NO,MSG_TARGET_ID,MSG_SENDER,MSG_CONTENT,MSG_SENDDATE,MSG_OPENDATE) values (34,'expedition1205@gmail.com','psh40963@naver.com','이건 직접 웹에서 보내보는 거에요!',to_date('2021/02/26','RRRR/MM/DD'),null);
Insert into MESSAGE (MSG_NO,MSG_TARGET_ID,MSG_SENDER,MSG_CONTENT,MSG_SENDDATE,MSG_OPENDATE) values (40,'bomik0614@gmail.com','chdnjs7610@gmail.com','테스트용 메시지입니다.',to_date('2021/02/26','RRRR/MM/DD'),null);
Insert into MESSAGE (MSG_NO,MSG_TARGET_ID,MSG_SENDER,MSG_CONTENT,MSG_SENDDATE,MSG_OPENDATE) values (5,'psh40963@naver.com','bomik0614@gmail.com','첫 메세지',to_date('2021/02/26','RRRR/MM/DD'),null);
Insert into MESSAGE (MSG_NO,MSG_TARGET_ID,MSG_SENDER,MSG_CONTENT,MSG_SENDDATE,MSG_OPENDATE) values (52,'psh40963@naver.com','bomik0614@gmail.com','신기해요',to_date('2021/02/26','RRRR/MM/DD'),null);
Insert into MESSAGE (MSG_NO,MSG_TARGET_ID,MSG_SENDER,MSG_CONTENT,MSG_SENDDATE,MSG_OPENDATE) values (10,'psh40963@naver.com','expedition1205@gmail.com','메시지입니다.',to_date('2021/02/25','RRRR/MM/DD'),null);
Insert into MESSAGE (MSG_NO,MSG_TARGET_ID,MSG_SENDER,MSG_CONTENT,MSG_SENDDATE,MSG_OPENDATE) values (11,'psh40963@naver.com','expedition1205@gmail.com','seq테스트입니다.',to_date('2021/02/25','RRRR/MM/DD'),null);
Insert into MESSAGE (MSG_NO,MSG_TARGET_ID,MSG_SENDER,MSG_CONTENT,MSG_SENDDATE,MSG_OPENDATE) values (150,'psh40963@naver.com','expedition1205@gmail.com','test test test',to_date('2021/03/03','RRRR/MM/DD'),null);
Insert into MESSAGE (MSG_NO,MSG_TARGET_ID,MSG_SENDER,MSG_CONTENT,MSG_SENDDATE,MSG_OPENDATE) values (151,'psh40963@naver.com','bomik0614@gmail.com','testtest',to_date('2021/03/03','RRRR/MM/DD'),null);
Insert into MESSAGE (MSG_NO,MSG_TARGET_ID,MSG_SENDER,MSG_CONTENT,MSG_SENDDATE,MSG_OPENDATE) values (170,'psh40963@naver.com','expedition1205@gmail.com','테스트 한번 더',to_date('2021/03/03','RRRR/MM/DD'),null);
Insert into MESSAGE (MSG_NO,MSG_TARGET_ID,MSG_SENDER,MSG_CONTENT,MSG_SENDDATE,MSG_OPENDATE) values (210,'psh40963@naver.com','bomik0614@gmail.com','알람 잘 가는지 테스트',to_date('2021/03/07','RRRR/MM/DD'),null);
Insert into MESSAGE (MSG_NO,MSG_TARGET_ID,MSG_SENDER,MSG_CONTENT,MSG_SENDDATE,MSG_OPENDATE) values (211,'psh40963@naver.com','expedition1205@gmail.com','알람 잘 가는지 테스트 새로고침',to_date('2021/03/07','RRRR/MM/DD'),null);
Insert into MESSAGE (MSG_NO,MSG_TARGET_ID,MSG_SENDER,MSG_CONTENT,MSG_SENDDATE,MSG_OPENDATE) values (212,'psh40963@naver.com','bomik0614@gmail.com','알람 새로고침 테스트',to_date('2021/03/07','RRRR/MM/DD'),null);
Insert into MESSAGE (MSG_NO,MSG_TARGET_ID,MSG_SENDER,MSG_CONTENT,MSG_SENDDATE,MSG_OPENDATE) values (213,'expedition1205@gmail.com','psh40963@naver.com','채팅 전송 기능 테스트..',to_date('2021/03/07','RRRR/MM/DD'),null);
Insert into MESSAGE (MSG_NO,MSG_TARGET_ID,MSG_SENDER,MSG_CONTENT,MSG_SENDDATE,MSG_OPENDATE) values (239,'expedition1205@gmail.com','psh40963@naver.com','죽겠습니다 ㅜㅜ<div><br></div>',to_date('2021/03/07','RRRR/MM/DD'),null);
Insert into MESSAGE (MSG_NO,MSG_TARGET_ID,MSG_SENDER,MSG_CONTENT,MSG_SENDDATE,MSG_OPENDATE) values (4,'expedition1205@gmail.com','chdnjs7610@gmail.com','scarlett to josh new message',to_date('2021/02/25','RRRR/MM/DD'),null);
Insert into MESSAGE (MSG_NO,MSG_TARGET_ID,MSG_SENDER,MSG_CONTENT,MSG_SENDDATE,MSG_OPENDATE) values (111,'expedition1205@gmail.com','psh40963@naver.com','메시지를 한번 더 보내면 기존 알림이 제거 되고 갱신되는지 확인하는 테스트 입니다.',to_date('2021/02/27','RRRR/MM/DD'),null);
Insert into MESSAGE (MSG_NO,MSG_TARGET_ID,MSG_SENDER,MSG_CONTENT,MSG_SENDDATE,MSG_OPENDATE) values (112,'psh40963@naver.com','bomik0614@gmail.com','알림 잘 보내지는지 테스트 1 ',to_date('2021/02/27','RRRR/MM/DD'),null);
Insert into MESSAGE (MSG_NO,MSG_TARGET_ID,MSG_SENDER,MSG_CONTENT,MSG_SENDDATE,MSG_OPENDATE) values (190,'expedition1205@gmail.com','bomik0614@gmail.com','조씨..',to_date('2021/03/05','RRRR/MM/DD'),null);
Insert into MESSAGE (MSG_NO,MSG_TARGET_ID,MSG_SENDER,MSG_CONTENT,MSG_SENDDATE,MSG_OPENDATE) values (191,'bomik0614@gmail.com','expedition1205@gmail.com','네....',to_date('2021/03/05','RRRR/MM/DD'),null);
Insert into MESSAGE (MSG_NO,MSG_TARGET_ID,MSG_SENDER,MSG_CONTENT,MSG_SENDDATE,MSG_OPENDATE) values (214,'bomik0614@gmail.com','psh40963@naver.com','메시지 기능 구현 거의 끝',to_date('2021/03/07','RRRR/MM/DD'),null);
Insert into MESSAGE (MSG_NO,MSG_TARGET_ID,MSG_SENDER,MSG_CONTENT,MSG_SENDDATE,MSG_OPENDATE) values (215,'expedition1205@gmail.com','psh40963@naver.com','아...',to_date('2021/03/07','RRRR/MM/DD'),null);
Insert into MESSAGE (MSG_NO,MSG_TARGET_ID,MSG_SENDER,MSG_CONTENT,MSG_SENDDATE,MSG_OPENDATE) values (217,'expedition1205@gmail.com','psh40963@naver.com','할렐루야',to_date('2021/03/07','RRRR/MM/DD'),null);
Insert into MESSAGE (MSG_NO,MSG_TARGET_ID,MSG_SENDER,MSG_CONTENT,MSG_SENDDATE,MSG_OPENDATE) values (218,'expedition1205@gmail.com','psh40963@naver.com','실환가..',to_date('2021/03/07','RRRR/MM/DD'),null);
Insert into MESSAGE (MSG_NO,MSG_TARGET_ID,MSG_SENDER,MSG_CONTENT,MSG_SENDDATE,MSG_OPENDATE) values (221,'expedition1205@gmail.com','psh40963@naver.com','ㅇㅇㅇ',to_date('2021/03/07','RRRR/MM/DD'),null);
Insert into MESSAGE (MSG_NO,MSG_TARGET_ID,MSG_SENDER,MSG_CONTENT,MSG_SENDDATE,MSG_OPENDATE) values (236,'expedition1205@gmail.com','psh40963@naver.com','엔터키<div>이벤트는 안되겠다..</div>',to_date('2021/03/07','RRRR/MM/DD'),null);
Insert into MESSAGE (MSG_NO,MSG_TARGET_ID,MSG_SENDER,MSG_CONTENT,MSG_SENDDATE,MSG_OPENDATE) values (231,'expedition1205@gmail.com','psh40963@naver.com','전송~~',to_date('2021/03/07','RRRR/MM/DD'),null);
Insert into MESSAGE (MSG_NO,MSG_TARGET_ID,MSG_SENDER,MSG_CONTENT,MSG_SENDDATE,MSG_OPENDATE) values (251,'chdnjs7610@gmail.com','bomik0614@gmail.com','죽여줘,,<img style="width:23px; height:23px" src="images/emoji/1f607.png">',to_date('2021/03/08','RRRR/MM/DD'),null);
Insert into MESSAGE (MSG_NO,MSG_TARGET_ID,MSG_SENDER,MSG_CONTENT,MSG_SENDDATE,MSG_OPENDATE) values (247,'a001','psh40963@naver.com','진짜..',to_date('2021/03/07','RRRR/MM/DD'),null);
Insert into MESSAGE (MSG_NO,MSG_TARGET_ID,MSG_SENDER,MSG_CONTENT,MSG_SENDDATE,MSG_OPENDATE) values (249,'bomik0614@gmail.com','psh40963@naver.com','자야겠습니다... 고생했습니다..',to_date('2021/03/08','RRRR/MM/DD'),null);
Insert into MESSAGE (MSG_NO,MSG_TARGET_ID,MSG_SENDER,MSG_CONTENT,MSG_SENDDATE,MSG_OPENDATE) values (273,'chdnjs7610@gmail.com','expedition1205@gmail.com','<img style="width:23px; height:23px" src="images/emoji/1f644.png"><img style="width:23px; height:23px" src="images/emoji/1f643.png"><img style="width:23px; height:23px" src="images/emoji/1f642.png"><img style="width:23px; height:23px" src="images/emoji/1f644.png"><img style="width:23px; height:23px" src="images/emoji/1f642.png">&nbsp;hello!!',to_date('2021/03/08','RRRR/MM/DD'),null);
Insert into MESSAGE (MSG_NO,MSG_TARGET_ID,MSG_SENDER,MSG_CONTENT,MSG_SENDDATE,MSG_OPENDATE) values (290,'bomik0614@gmail.com','chdnjs7610@gmail.com','이미 죽은자의 온기...',to_date('2021/03/08','RRRR/MM/DD'),null);
Insert into MESSAGE (MSG_NO,MSG_TARGET_ID,MSG_SENDER,MSG_CONTENT,MSG_SENDDATE,MSG_OPENDATE) values (293,'chdnjs7610@gmail.com','bomik0614@gmail.com','좋은 인생이었다 ,,&nbsp;',to_date('2021/03/08','RRRR/MM/DD'),null);
Insert into MESSAGE (MSG_NO,MSG_TARGET_ID,MSG_SENDER,MSG_CONTENT,MSG_SENDDATE,MSG_OPENDATE) values (35,'expedition1205@gmail.com','psh40963@naver.com','웹에서 보내기 2',to_date('2021/02/26','RRRR/MM/DD'),null);
Insert into MESSAGE (MSG_NO,MSG_TARGET_ID,MSG_SENDER,MSG_CONTENT,MSG_SENDDATE,MSG_OPENDATE) values (36,'expedition1205@gmail.com','psh40963@naver.com','잘 되는 것 같네요?',to_date('2021/02/26','RRRR/MM/DD'),null);
Insert into MESSAGE (MSG_NO,MSG_TARGET_ID,MSG_SENDER,MSG_CONTENT,MSG_SENDDATE,MSG_OPENDATE) values (39,'expedition1205@gmail.com','psh40963@naver.com','그렇게 말 하지 마세요',to_date('2021/02/26','RRRR/MM/DD'),null);
Insert into MESSAGE (MSG_NO,MSG_TARGET_ID,MSG_SENDER,MSG_CONTENT,MSG_SENDDATE,MSG_OPENDATE) values (41,'expedition1205@gmail.com','psh40963@naver.com','테스트 잘 받았습니다!!!',to_date('2021/02/26','RRRR/MM/DD'),null);
Insert into MESSAGE (MSG_NO,MSG_TARGET_ID,MSG_SENDER,MSG_CONTENT,MSG_SENDDATE,MSG_OPENDATE) values (42,'expedition1205@gmail.com','psh40963@naver.com','저도 텍스트 하나 보낼게요',to_date('2021/02/26','RRRR/MM/DD'),null);
Insert into MESSAGE (MSG_NO,MSG_TARGET_ID,MSG_SENDER,MSG_CONTENT,MSG_SENDDATE,MSG_OPENDATE) values (43,'chdnjs7610@gmail.com','psh40963@naver.com','메시지 하나 보내둘게요~~~',to_date('2021/02/26','RRRR/MM/DD'),null);
Insert into MESSAGE (MSG_NO,MSG_TARGET_ID,MSG_SENDER,MSG_CONTENT,MSG_SENDDATE,MSG_OPENDATE) values (50,'bomik0614@gmail.com','psh40963@naver.com','메시지 한번 보내봅니다',to_date('2021/02/26','RRRR/MM/DD'),null);
Insert into MESSAGE (MSG_NO,MSG_TARGET_ID,MSG_SENDER,MSG_CONTENT,MSG_SENDDATE,MSG_OPENDATE) values (51,'bomik0614@gmail.com','psh40963@naver.com','메시지 저한테 보내보세요',to_date('2021/02/26','RRRR/MM/DD'),null);
Insert into MESSAGE (MSG_NO,MSG_TARGET_ID,MSG_SENDER,MSG_CONTENT,MSG_SENDDATE,MSG_OPENDATE) values (70,'bomik0614@gmail.com','psh40963@naver.com','세션에서 아이디값 받아와서 메시지 보내는 테스트',to_date('2021/02/27','RRRR/MM/DD'),null);
Insert into MESSAGE (MSG_NO,MSG_TARGET_ID,MSG_SENDER,MSG_CONTENT,MSG_SENDDATE,MSG_OPENDATE) values (90,'psh40963@naver.com','expedition1205@gmail.com','헬로쉐인! 개인 메시지 전송 테스트입니다. ',to_date('2021/02/27','RRRR/MM/DD'),null);
Insert into MESSAGE (MSG_NO,MSG_TARGET_ID,MSG_SENDER,MSG_CONTENT,MSG_SENDDATE,MSG_OPENDATE) values (91,'chdnjs7610@gmail.com','expedition1205@gmail.com','헬로스칼릿! 개인메시지 테스트입니다!',to_date('2021/02/27','RRRR/MM/DD'),null);
Insert into MESSAGE (MSG_NO,MSG_TARGET_ID,MSG_SENDER,MSG_CONTENT,MSG_SENDDATE,MSG_OPENDATE) values (92,'bomik0614@gmail.com','expedition1205@gmail.com','헬로 써머! 개인메시지 테스트입니다.!',to_date('2021/02/27','RRRR/MM/DD'),null);
Insert into MESSAGE (MSG_NO,MSG_TARGET_ID,MSG_SENDER,MSG_CONTENT,MSG_SENDDATE,MSG_OPENDATE) values (216,'expedition1205@gmail.com','psh40963@naver.com','아..주님&nbsp;<img style="width:23px; height:23px" src="images/emoji/1f602.png">',to_date('2021/03/07','RRRR/MM/DD'),null);
Insert into MESSAGE (MSG_NO,MSG_TARGET_ID,MSG_SENDER,MSG_CONTENT,MSG_SENDDATE,MSG_OPENDATE) values (219,'expedition1205@gmail.com','psh40963@naver.com','엔터키 치면 입력',to_date('2021/03/07','RRRR/MM/DD'),null);
Insert into MESSAGE (MSG_NO,MSG_TARGET_ID,MSG_SENDER,MSG_CONTENT,MSG_SENDDATE,MSG_OPENDATE) values (229,'bomik0614@gmail.com','psh40963@naver.com','된거같은데~',to_date('2021/03/07','RRRR/MM/DD'),null);
Insert into MESSAGE (MSG_NO,MSG_TARGET_ID,MSG_SENDER,MSG_CONTENT,MSG_SENDDATE,MSG_OPENDATE) values (226,'expedition1205@gmail.com','psh40963@naver.com','그냥 엔터쳐서 전송하는건 빼야겠다..<img style="width:23px; height:23px" src="images/emoji/1f608.png">',to_date('2021/03/07','RRRR/MM/DD'),null);
Insert into MESSAGE (MSG_NO,MSG_TARGET_ID,MSG_SENDER,MSG_CONTENT,MSG_SENDDATE,MSG_OPENDATE) values (227,'chdnjs7610@gmail.com','psh40963@naver.com','충격감동실화. 메시지 기능 개시',to_date('2021/03/07','RRRR/MM/DD'),null);
Insert into MESSAGE (MSG_NO,MSG_TARGET_ID,MSG_SENDER,MSG_CONTENT,MSG_SENDDATE,MSG_OPENDATE) values (228,'bomik0614@gmail.com','psh40963@naver.com','test',to_date('2021/03/07','RRRR/MM/DD'),null);
Insert into MESSAGE (MSG_NO,MSG_TARGET_ID,MSG_SENDER,MSG_CONTENT,MSG_SENDDATE,MSG_OPENDATE) values (230,'bomik0614@gmail.com','psh40963@naver.com','길게써보기테스트 길게써보기테스트 길게써보기테스트 길게써보기테스트 길게써보기테스트&nbsp;',to_date('2021/03/07','RRRR/MM/DD'),null);
Insert into MESSAGE (MSG_NO,MSG_TARGET_ID,MSG_SENDER,MSG_CONTENT,MSG_SENDDATE,MSG_OPENDATE) values (232,'expedition1205@gmail.com','psh40963@naver.com','엔터키 재시도',to_date('2021/03/07','RRRR/MM/DD'),null);
Insert into MESSAGE (MSG_NO,MSG_TARGET_ID,MSG_SENDER,MSG_CONTENT,MSG_SENDDATE,MSG_OPENDATE) values (248,'chdnjs7610@gmail.com','psh40963@naver.com','제가 .. 스칼릿의 작품들.. 발표가 지나도 꼭 생명 불어 넣겠습니다.. 1주일만 더 있었다면.. ㅠㅠㅠㅠㅠ 이거 책임지고 꼭 서비스 시키겠습니다..',to_date('2021/03/08','RRRR/MM/DD'),null);
Insert into MESSAGE (MSG_NO,MSG_TARGET_ID,MSG_SENDER,MSG_CONTENT,MSG_SENDDATE,MSG_OPENDATE) values (234,'expedition1205@gmail.com','psh40963@naver.com','엔터키 안되나',to_date('2021/03/07','RRRR/MM/DD'),null);
Insert into MESSAGE (MSG_NO,MSG_TARGET_ID,MSG_SENDER,MSG_CONTENT,MSG_SENDDATE,MSG_OPENDATE) values (237,'psh40963@naver.com','expedition1205@gmail.com','내일이 벌써 발표라니요!!!&nbsp;<img style="width:23px; height:23px" src="images/emoji/1f628.png"><img style="width:23px; height:23px" src="images/emoji/1f628.png">',to_date('2021/03/07','RRRR/MM/DD'),null);
Insert into MESSAGE (MSG_NO,MSG_TARGET_ID,MSG_SENDER,MSG_CONTENT,MSG_SENDDATE,MSG_OPENDATE) values (238,'bomik0614@gmail.com','expedition1205@gmail.com','잘자요 써머!',to_date('2021/03/07','RRRR/MM/DD'),null);
Insert into MESSAGE (MSG_NO,MSG_TARGET_ID,MSG_SENDER,MSG_CONTENT,MSG_SENDDATE,MSG_OPENDATE) values (250,'psh40963@naver.com','bomik0614@gmail.com','고생하셨습니다 ...',to_date('2021/03/08','RRRR/MM/DD'),null);
Insert into MESSAGE (MSG_NO,MSG_TARGET_ID,MSG_SENDER,MSG_CONTENT,MSG_SENDDATE,MSG_OPENDATE) values (244,'bomik0614@gmail.com','psh40963@naver.com','또 테스트..',to_date('2021/03/07','RRRR/MM/DD'),null);
Insert into MESSAGE (MSG_NO,MSG_TARGET_ID,MSG_SENDER,MSG_CONTENT,MSG_SENDDATE,MSG_OPENDATE) values (246,'a001','psh40963@naver.com','이제..잘수..있겄네...',to_date('2021/03/07','RRRR/MM/DD'),null);
Insert into MESSAGE (MSG_NO,MSG_TARGET_ID,MSG_SENDER,MSG_CONTENT,MSG_SENDDATE,MSG_OPENDATE) values (252,'psh40963@naver.com','bomik0614@gmail.com','와 이거 진짜 어떻게 하셨어요 ...',to_date('2021/03/08','RRRR/MM/DD'),null);
Insert into MESSAGE (MSG_NO,MSG_TARGET_ID,MSG_SENDER,MSG_CONTENT,MSG_SENDDATE,MSG_OPENDATE) values (253,'expedition1205@gmail.com','bomik0614@gmail.com','고생하셨습니다 ㅠ',to_date('2021/03/08','RRRR/MM/DD'),null);
Insert into MESSAGE (MSG_NO,MSG_TARGET_ID,MSG_SENDER,MSG_CONTENT,MSG_SENDDATE,MSG_OPENDATE) values (270,'chdnjs7610@gmail.com','expedition1205@gmail.com','스칼릿!!!!',to_date('2021/03/08','RRRR/MM/DD'),null);
Insert into MESSAGE (MSG_NO,MSG_TARGET_ID,MSG_SENDER,MSG_CONTENT,MSG_SENDDATE,MSG_OPENDATE) values (271,'expedition1205@gmail.com','chdnjs7610@gmail.com','안녕하세요`!',to_date('2021/03/08','RRRR/MM/DD'),null);
Insert into MESSAGE (MSG_NO,MSG_TARGET_ID,MSG_SENDER,MSG_CONTENT,MSG_SENDDATE,MSG_OPENDATE) values (272,'expedition1205@gmail.com','chdnjs7610@gmail.com','저희 할 수 있어요?<img style="width:23px; height:23px" src="images/emoji/1f640.png"><img style="width:23px; height:23px" src="images/emoji/1f639.png">',to_date('2021/03/08','RRRR/MM/DD'),null);
Insert into MESSAGE (MSG_NO,MSG_TARGET_ID,MSG_SENDER,MSG_CONTENT,MSG_SENDDATE,MSG_OPENDATE) values (294,'ddit302stu9@gmail.com','chdnjs7610@gmail.com','안녕하세요^^',to_date('2021/03/08','RRRR/MM/DD'),null);
Insert into MESSAGE (MSG_NO,MSG_TARGET_ID,MSG_SENDER,MSG_CONTENT,MSG_SENDDATE,MSG_OPENDATE) values (295,'expedition1205@gmail.com','chdnjs7610@gmail.com','hi~~~!!!',to_date('2021/03/08','RRRR/MM/DD'),null);
Insert into MESSAGE (MSG_NO,MSG_TARGET_ID,MSG_SENDER,MSG_CONTENT,MSG_SENDDATE,MSG_OPENDATE) values (31,'expedition1205@gmail.com','bomik0614@gmail.com','입력 테스트',to_date('2021/02/26','RRRR/MM/DD'),null);
Insert into MESSAGE (MSG_NO,MSG_TARGET_ID,MSG_SENDER,MSG_CONTENT,MSG_SENDDATE,MSG_OPENDATE) values (32,'expedition1205@gmail.com','psh40963@naver.com','다오에서 보내보는 테스트 입니다.',to_date('2021/02/26','RRRR/MM/DD'),null);
Insert into MESSAGE (MSG_NO,MSG_TARGET_ID,MSG_SENDER,MSG_CONTENT,MSG_SENDDATE,MSG_OPENDATE) values (33,'expedition1205@gmail.com','psh40963@naver.com','서비스에서 보내보는 테스트 입니다.',to_date('2021/02/26','RRRR/MM/DD'),null);
Insert into MESSAGE (MSG_NO,MSG_TARGET_ID,MSG_SENDER,MSG_CONTENT,MSG_SENDDATE,MSG_OPENDATE) values (37,'psh40963@naver.com','expedition1205@gmail.com','과연 그럴까?',to_date('2021/02/26','RRRR/MM/DD'),null);
Insert into MESSAGE (MSG_NO,MSG_TARGET_ID,MSG_SENDER,MSG_CONTENT,MSG_SENDDATE,MSG_OPENDATE) values (38,'psh40963@naver.com','expedition1205@gmail.com','과연 그럴까?',to_date('2021/02/26','RRRR/MM/DD'),null);
Insert into MESSAGE (MSG_NO,MSG_TARGET_ID,MSG_SENDER,MSG_CONTENT,MSG_SENDDATE,MSG_OPENDATE) values (110,'expedition1205@gmail.com','psh40963@naver.com','hi josh ! 메시지 보낼때 알림이 가는지 확인해보는 테스트 입니다.',to_date('2021/02/27','RRRR/MM/DD'),null);
Insert into MESSAGE (MSG_NO,MSG_TARGET_ID,MSG_SENDER,MSG_CONTENT,MSG_SENDDATE,MSG_OPENDATE) values (113,'psh40963@naver.com','bomik0614@gmail.com','알림 잘 보내지는지 테스트2 ',to_date('2021/02/27','RRRR/MM/DD'),null);
Insert into MESSAGE (MSG_NO,MSG_TARGET_ID,MSG_SENDER,MSG_CONTENT,MSG_SENDDATE,MSG_OPENDATE) values (130,'psh40963@naver.com','bomik0614@gmail.com','테스트 ㄴㄴ',to_date('2021/03/01','RRRR/MM/DD'),null);
Insert into MESSAGE (MSG_NO,MSG_TARGET_ID,MSG_SENDER,MSG_CONTENT,MSG_SENDDATE,MSG_OPENDATE) values (310,'a001','psh40963@naver.com','시간 데이터 다 날라감',to_date('2021/03/28','RRRR/MM/DD'),null);
Insert into MESSAGE (MSG_NO,MSG_TARGET_ID,MSG_SENDER,MSG_CONTENT,MSG_SENDDATE,MSG_OPENDATE) values (320,'wnahd7852@naver.com','psh40963@naver.com','정사장 오셨는가~',to_date('2021/03/29','RRRR/MM/DD'),null);
Insert into MESSAGE (MSG_NO,MSG_TARGET_ID,MSG_SENDER,MSG_CONTENT,MSG_SENDDATE,MSG_OPENDATE) values (321,'psh40963@naver.com','kanjjang89@naver.com','하이<div><br></div>',to_date('2021/03/29','RRRR/MM/DD'),null);
Insert into MESSAGE (MSG_NO,MSG_TARGET_ID,MSG_SENDER,MSG_CONTENT,MSG_SENDDATE,MSG_OPENDATE) values (322,'kanjjang89@naver.com','psh40963@naver.com','ㅋㅋㅋㅋㅋㅋㅋㅋㅋㅋ',to_date('2021/03/29','RRRR/MM/DD'),null);
Insert into MESSAGE (MSG_NO,MSG_TARGET_ID,MSG_SENDER,MSG_CONTENT,MSG_SENDDATE,MSG_OPENDATE) values (323,'thelovemsg@naver.com','psh40963@naver.com','어서오세요~<img style="width:23px; height:23px" src="images/emoji/26cf.png">',to_date('2021/03/30','RRRR/MM/DD'),null);
Insert into MESSAGE (MSG_NO,MSG_TARGET_ID,MSG_SENDER,MSG_CONTENT,MSG_SENDDATE,MSG_OPENDATE) values (318,'psh40963@naver.com','dhdhdh0906@naver.com','수리 완료?',to_date('2021/03/28','RRRR/MM/DD'),null);
Insert into MESSAGE (MSG_NO,MSG_TARGET_ID,MSG_SENDER,MSG_CONTENT,MSG_SENDDATE,MSG_OPENDATE) values (319,'dhdhdh0906@naver.com','psh40963@naver.com','완료~',to_date('2021/03/28','RRRR/MM/DD'),null);
REM INSERTING into NEWS
SET DEFINE OFF;
Insert into NEWS (NEWS_NO,NEWS_TITLE,NEWS_DATE,NEWS_PIC) values (42,'[3월과정 면접일정] 전자정부 표준 프레임워크 기반 풀-스택 개발자 양성과정(9기)',to_date('2021/03/07','RRRR/MM/DD'),'news3.jpg');
Insert into NEWS (NEWS_NO,NEWS_TITLE,NEWS_DATE,NEWS_PIC) values (61,'디지털 핵심 실무인재 양성사업(K-Digital Training) 훈련기관으로 선정',to_date('2021/03/01','RRRR/MM/DD'),'news4.jpg');
Insert into NEWS (NEWS_NO,NEWS_TITLE,NEWS_DATE,NEWS_PIC) values (62,'주니어 개발자를 위한 취업 정보',to_date('2021/02/03','RRRR/MM/DD'),'news5.jpg');
Insert into NEWS (NEWS_NO,NEWS_TITLE,NEWS_DATE,NEWS_PIC) values (63,'★개발원 이전을 알려드립니다★',to_date('2020/08/12','RRRR/MM/DD'),null);
Insert into NEWS (NEWS_NO,NEWS_TITLE,NEWS_DATE,NEWS_PIC) values (64,'[2월과정 면접일정] 전자정부 표준 프레임워크 기반 풀-스택 개발자 양성과정(8기)',to_date('2021/02/02','RRRR/MM/DD'),'news3.jpg');
Insert into NEWS (NEWS_NO,NEWS_TITLE,NEWS_DATE,NEWS_PIC) values (65,'정보처리기사 1회 필기 합격자 필독',to_date('2021/03/08','RRRR/MM/DD'),null);
Insert into NEWS (NEWS_NO,NEWS_TITLE,NEWS_DATE,NEWS_PIC) values (21,'[2020.11.16]전자정부 표준 프레임워크 기반 풀-스택 개발자 양성과정 오리엔테이션(통합 6기_20년11월)',to_date('2020/11/06','RRRR/MM/DD'),'news2.jpg');
REM INSERTING into NOTICE
SET DEFINE OFF;
Insert into NOTICE (NOTICE_NO,USER_ID,NOTICE_CONT,NOTICE_DATE,NOTICE_PIC) values (1,'psh40963@naver.com','첫번째 seq 테스트 공지사항입니다.',to_date('2021/02/26','RRRR/MM/DD'),null);
Insert into NOTICE (NOTICE_NO,USER_ID,NOTICE_CONT,NOTICE_DATE,NOTICE_PIC) values (2,'expedition1205@gmail.com','두번째 seq 테스트 공지사항입니다.',to_date('2021/02/26','RRRR/MM/DD'),null);
REM INSERTING into NOTICE_COMMENT
SET DEFINE OFF;
Insert into NOTICE_COMMENT (NOTICE_COM_NO,NOTICE_NO,USER_ID,NOTICE_COM_CONT,NOTICE_COM_DATE) values (1,1,'expedition1205@gmail.com','첫번째 seq테스트 공지댓글입니다.',to_date('2021/02/26','RRRR/MM/DD'));
Insert into NOTICE_COMMENT (NOTICE_COM_NO,NOTICE_NO,USER_ID,NOTICE_COM_CONT,NOTICE_COM_DATE) values (2,2,'psh40963@naver.com','두번째 seq테스트 공지댓글입니다.',to_date('2021/02/26','RRRR/MM/DD'));
REM INSERTING into TERMS
SET DEFINE OFF;
Insert into TERMS (TERMS_NO,TERMS_TITLE,TERMS_ESSEN,TERMS_SEQ,TERMS_USE) values (1,'서비스 이용약관',0,1,1);
Insert into TERMS (TERMS_NO,TERMS_TITLE,TERMS_ESSEN,TERMS_SEQ,TERMS_USE) values (2,'개인정보 수집 및 이용동의',0,2,1);
Insert into TERMS (TERMS_NO,TERMS_TITLE,TERMS_ESSEN,TERMS_SEQ,TERMS_USE) values (3,'개인정보의 제3자 제공 동의',0,3,1);
Insert into TERMS (TERMS_NO,TERMS_TITLE,TERMS_ESSEN,TERMS_SEQ,TERMS_USE) values (5,'선택적인 수집/이용 동의',1,5,1);
Insert into TERMS (TERMS_NO,TERMS_TITLE,TERMS_ESSEN,TERMS_SEQ,TERMS_USE) values (6,'프로모션 등 정보 이메일 수신 동의',1,6,1);
Insert into TERMS (TERMS_NO,TERMS_TITLE,TERMS_ESSEN,TERMS_SEQ,TERMS_USE) values (4,'위치기반서비스 이용약관 동의',1,4,1);
REM INSERTING into TERMS_HIS
SET DEFINE OFF;
Insert into TERMS_HIS (TERMS_NO,USER_ID,TERMS_AGREE) values (6,'vhvhglgl@naver.com',1);
Insert into TERMS_HIS (TERMS_NO,USER_ID,TERMS_AGREE) values (4,'ddit302stu9@gmail.com',1);
Insert into TERMS_HIS (TERMS_NO,USER_ID,TERMS_AGREE) values (6,'ddit302stu2@gmail.com',1);
Insert into TERMS_HIS (TERMS_NO,USER_ID,TERMS_AGREE) values (6,'ddit302stu@gmail.com',1);
Insert into TERMS_HIS (TERMS_NO,USER_ID,TERMS_AGREE) values (6,'ddit302stu9@gmail.com',1);
Insert into TERMS_HIS (TERMS_NO,USER_ID,TERMS_AGREE) values (6,'ddit302stu4@gmail.com',1);
Insert into TERMS_HIS (TERMS_NO,USER_ID,TERMS_AGREE) values (4,'ddit302stu2@gmail.com',1);
Insert into TERMS_HIS (TERMS_NO,USER_ID,TERMS_AGREE) values (6,'kkobuk@hotmail.co.kr',1);
Insert into TERMS_HIS (TERMS_NO,USER_ID,TERMS_AGREE) values (4,'ddit302stu5@gmail.com',1);
Insert into TERMS_HIS (TERMS_NO,USER_ID,TERMS_AGREE) values (4,'kkobuk@hotmail.co.kr',1);
Insert into TERMS_HIS (TERMS_NO,USER_ID,TERMS_AGREE) values (5,'kkobuk@hotmail.co.kr',1);
Insert into TERMS_HIS (TERMS_NO,USER_ID,TERMS_AGREE) values (6,'ddit302stu5@gmail.com',1);
Insert into TERMS_HIS (TERMS_NO,USER_ID,TERMS_AGREE) values (5,'ddit302stu9@gmail.com',1);
Insert into TERMS_HIS (TERMS_NO,USER_ID,TERMS_AGREE) values (4,'ddit302stu@gmail.com',1);
Insert into TERMS_HIS (TERMS_NO,USER_ID,TERMS_AGREE) values (5,'ddit302stu5@gmail.com',1);
Insert into TERMS_HIS (TERMS_NO,USER_ID,TERMS_AGREE) values (4,'tnal9710@gmail.com',1);
Insert into TERMS_HIS (TERMS_NO,USER_ID,TERMS_AGREE) values (5,'tnal9710@gmail.com',1);
Insert into TERMS_HIS (TERMS_NO,USER_ID,TERMS_AGREE) values (6,'tnal9710@gmail.com',1);
Insert into TERMS_HIS (TERMS_NO,USER_ID,TERMS_AGREE) values (4,'wnahd7852@naver.com',1);
Insert into TERMS_HIS (TERMS_NO,USER_ID,TERMS_AGREE) values (5,'wnahd7852@naver.com',1);
Insert into TERMS_HIS (TERMS_NO,USER_ID,TERMS_AGREE) values (6,'wnahd7852@naver.com',1);
Insert into TERMS_HIS (TERMS_NO,USER_ID,TERMS_AGREE) values (4,'kanjjang89@naver.com',1);
Insert into TERMS_HIS (TERMS_NO,USER_ID,TERMS_AGREE) values (5,'kanjjang89@naver.com',1);
Insert into TERMS_HIS (TERMS_NO,USER_ID,TERMS_AGREE) values (6,'kanjjang89@naver.com',1);
REM INSERTING into USERS
SET DEFINE OFF;
Insert into USERS (USER_ID,CLASS_ID,USER_NICKNAME,USER_PASSWORD,USER_NAME,USER_TEL,USER_BIRTH,USER_RATING,USER_THEME,USER_SIGN_DATE,USER_BIO,USER_PIC) values ('vhvhglgl@naver.com','C202011302','summer','sqSJeehl8t+4YEkau3zgQw==','김보미','01043082280','1993-06-14',1,0,to_date('2021/03/07','RRRR/MM/DD'),'자기소개가 없습니다.','vhvhglgl@naver.com.jpg');
Insert into USERS (USER_ID,CLASS_ID,USER_NICKNAME,USER_PASSWORD,USER_NAME,USER_TEL,USER_BIRTH,USER_RATING,USER_THEME,USER_SIGN_DATE,USER_BIO,USER_PIC) values ('psh40963@naver.com','C202011302','테스터쉐인','7mofKfVgkpHr4bWRXQs8IA==','박세현','1234',null,1,0,to_date('2021/02/16','RRRR/MM/DD'),'처음에는 어플도 만들고, 서비스도 바로 하고, 각종 api 도 다 달고, 온갖 신기술 다 쓸수 있을 줄알았는데 좀 하다 보니 솔직히 망할줄 알았다. 그런데 이정도 해냈다.','psh40963@naver.com_20210331002724.png');
Insert into USERS (USER_ID,CLASS_ID,USER_NICKNAME,USER_PASSWORD,USER_NAME,USER_TEL,USER_BIRTH,USER_RATING,USER_THEME,USER_SIGN_DATE,USER_BIO,USER_PIC) values ('chdnjs7610@gmail.com','C202011302','망태기','dwZs5On/B9rPNnIUa45CNg==','박초원','1234',null,1,0,to_date('2021/02/16','RRRR/MM/DD'),'스칼릿의 자기소개 페이지 입니다!! 자기 소개를 뭐라도 써봐야 읽어오니깐 써봤습니다','chdnjs7610@gmail.com.jpg');
Insert into USERS (USER_ID,CLASS_ID,USER_NICKNAME,USER_PASSWORD,USER_NAME,USER_TEL,USER_BIRTH,USER_RATING,USER_THEME,USER_SIGN_DATE,USER_BIO,USER_PIC) values ('a001','C202011302','지존쉐인','sa/6l8wdhncpYzkFD168Yw==','shane','010-1234-1234',null,0,0,to_date('2021/02/16','RRRR/MM/DD'),null,'a001.jpg');
Insert into USERS (USER_ID,CLASS_ID,USER_NICKNAME,USER_PASSWORD,USER_NAME,USER_TEL,USER_BIRTH,USER_RATING,USER_THEME,USER_SIGN_DATE,USER_BIO,USER_PIC) values ('a002','C202011302','나는써머','noGUZQAGc6QgtoBc/H/7Dg==','summer','010-1111-1111',null,0,0,to_date('2021/02/16','RRRR/MM/DD'),'안녕 나는 리락쿠마야 ','a002.png');
Insert into USERS (USER_ID,CLASS_ID,USER_NICKNAME,USER_PASSWORD,USER_NAME,USER_TEL,USER_BIRTH,USER_RATING,USER_THEME,USER_SIGN_DATE,USER_BIO,USER_PIC) values ('a003','C000','최강스칼릿','H/nA6O72rq71IzCNUNQOrQ==','scarlett','010-2222-2222',null,0,0,to_date('2021/02/16','RRRR/MM/DD'),null,'default.png');
Insert into USERS (USER_ID,CLASS_ID,USER_NICKNAME,USER_PASSWORD,USER_NAME,USER_TEL,USER_BIRTH,USER_RATING,USER_THEME,USER_SIGN_DATE,USER_BIO,USER_PIC) values ('expedition1205@gmail.com','C202011302','조씨','2i9CW58j7X7N5Fk3vna6Jg==','원정훈','1234',null,2,0,to_date('2021/02/16','RRRR/MM/DD'),'안녕하세요 여러분!! 전 조씨에요!! 반가워요 모두!! ','expedition1205@gmail.com.jpg');
Insert into USERS (USER_ID,CLASS_ID,USER_NICKNAME,USER_PASSWORD,USER_NAME,USER_TEL,USER_BIRTH,USER_RATING,USER_THEME,USER_SIGN_DATE,USER_BIO,USER_PIC) values ('dnjs0318@naver.com','C000','두번째조씨','tggmUhl2yVnveT5WiNKMrA==','내이름조씨','0100000000',null,0,0,to_date('2021/03/05','RRRR/MM/DD'),'자기소개가 없습니다.','dnjs0318@naver.com.jpg');
Insert into USERS (USER_ID,CLASS_ID,USER_NICKNAME,USER_PASSWORD,USER_NAME,USER_TEL,USER_BIRTH,USER_RATING,USER_THEME,USER_SIGN_DATE,USER_BIO,USER_PIC) values ('ddit302stu2@gmail.com','C202011302','코딩천재','xPY0h0/o7FXls9Sd/st9qA==','조씨','01048854885','1990-07-07',1,0,to_date('2021/03/07','RRRR/MM/DD'),'자기소개가 없습니다.','ddit302stu2@gmail.com.png');
Insert into USERS (USER_ID,CLASS_ID,USER_NICKNAME,USER_PASSWORD,USER_NAME,USER_TEL,USER_BIRTH,USER_RATING,USER_THEME,USER_SIGN_DATE,USER_BIO,USER_PIC) values ('chdnjs7610@naver.com','C202011302','스칼렛부캐','MhNxz0ZPTjpUfhEo6nCi7g==',null,null,null,0,0,to_date('2021/03/05','RRRR/MM/DD'),'자기소개가 없습니다.','default.png');
Insert into USERS (USER_ID,CLASS_ID,USER_NICKNAME,USER_PASSWORD,USER_NAME,USER_TEL,USER_BIRTH,USER_RATING,USER_THEME,USER_SIGN_DATE,USER_BIO,USER_PIC) values ('ddit302stu4@gmail.com','C202011302','유아인','lLF7nRzIMz2JApVErIM+uw==','유아인','01042390970','1988-05-13',1,0,to_date('2021/03/07','RRRR/MM/DD'),'자기소개가 없습니다.','default.png');
Insert into USERS (USER_ID,CLASS_ID,USER_NICKNAME,USER_PASSWORD,USER_NAME,USER_TEL,USER_BIRTH,USER_RATING,USER_THEME,USER_SIGN_DATE,USER_BIO,USER_PIC) values ('ddit302stu5@gmail.com','C202011302','공유','lbAUKw58xasK5y3v8lhstQ==','공유','01021295738','1995-03-08',0,0,to_date('2021/03/08','RRRR/MM/DD'),'자기소개가 없습니다.','gongu.png');
Insert into USERS (USER_ID,CLASS_ID,USER_NICKNAME,USER_PASSWORD,USER_NAME,USER_TEL,USER_BIRTH,USER_RATING,USER_THEME,USER_SIGN_DATE,USER_BIO,USER_PIC) values ('kkobuk@hotmail.co.kr','C202011302','껄껄이','XXwlw89KrjsXf2jRaF4huA==','박세횬','1231231231','1999-10-11',1,0,to_date('2021/03/07','RRRR/MM/DD'),'자기소개가 없습니다.','default.png');
Insert into USERS (USER_ID,CLASS_ID,USER_NICKNAME,USER_PASSWORD,USER_NAME,USER_TEL,USER_BIRTH,USER_RATING,USER_THEME,USER_SIGN_DATE,USER_BIO,USER_PIC) values ('ddit302stu9@gmail.com','C202011302','박보검','lbAUKw58xasK5y3v8lhstQ==','박보검','01023981111','1990-11-10',0,0,to_date('2021/03/08','RRRR/MM/DD'),'자기소개가 없습니다.','parkbo.png');
Insert into USERS (USER_ID,CLASS_ID,USER_NICKNAME,USER_PASSWORD,USER_NAME,USER_TEL,USER_BIRTH,USER_RATING,USER_THEME,USER_SIGN_DATE,USER_BIO,USER_PIC) values ('ddit302stu@gmail.com','C000','조씨가만든부캐','01SxUoFAXjLQmIyPKN5XwA==','조씨부캐','01000000000','2000-12-05',0,0,to_date('2021/03/07','RRRR/MM/DD'),'자기소개가 없습니다.','ddit302stu@gmail.com.png');
Insert into USERS (USER_ID,CLASS_ID,USER_NICKNAME,USER_PASSWORD,USER_NAME,USER_TEL,USER_BIRTH,USER_RATING,USER_THEME,USER_SIGN_DATE,USER_BIO,USER_PIC) values ('bomik0614@gmail.com','C202011302','썸머','HluiWkLOzoNKZT+GCCyZWQ==','김보미','01043082280','1993-06-14',1,0,to_date('2021/02/26','RRRR/MM/DD'),'우리 팀이 최고..
반박 안받아요..','bomik0614@gmail.com.jpg');
Insert into USERS (USER_ID,CLASS_ID,USER_NICKNAME,USER_PASSWORD,USER_NAME,USER_TEL,USER_BIRTH,USER_RATING,USER_THEME,USER_SIGN_DATE,USER_BIO,USER_PIC) values ('dhdhdh0906@naver.com','C000','줸줸','8X8U8Bp5/uIccCemHKVEJw==',null,null,null,0,0,to_date('2021/03/28','RRRR/MM/DD'),'자기소개가 없습니다','default.png');
Insert into USERS (USER_ID,CLASS_ID,USER_NICKNAME,USER_PASSWORD,USER_NAME,USER_TEL,USER_BIRTH,USER_RATING,USER_THEME,USER_SIGN_DATE,USER_BIO,USER_PIC) values ('tnal9710@gmail.com','C202011302','감자고기','IinkIbR1IBVZQtAOZ5toww==','송수미','01054589526','1997-10-13',1,0,to_date('2021/03/29','RRRR/MM/DD'),'자기소개가 없습니다','default.png');
Insert into USERS (USER_ID,CLASS_ID,USER_NICKNAME,USER_PASSWORD,USER_NAME,USER_TEL,USER_BIRTH,USER_RATING,USER_THEME,USER_SIGN_DATE,USER_BIO,USER_PIC) values ('wnahd7852@naver.com','C202011302','GTKK','RQjB9q0nAe/IyqQ/OedSaA==','정이삭','01046867852','1998-02-07',1,0,to_date('2021/03/29','RRRR/MM/DD'),'자기소개가 없습니다','default.png');
Insert into USERS (USER_ID,CLASS_ID,USER_NICKNAME,USER_PASSWORD,USER_NAME,USER_TEL,USER_BIRTH,USER_RATING,USER_THEME,USER_SIGN_DATE,USER_BIO,USER_PIC) values ('kanjjang89@naver.com','C202011302','기리','73yVAV6BZw/uAVI95SPZVg==','장병길','01085544580','1989-10-25',0,0,to_date('2021/03/29','RRRR/MM/DD'),'자기소개가 없습니다','default.png');
Insert into USERS (USER_ID,CLASS_ID,USER_NICKNAME,USER_PASSWORD,USER_NAME,USER_TEL,USER_BIRTH,USER_RATING,USER_THEME,USER_SIGN_DATE,USER_BIO,USER_PIC) values ('thelovemsg@naver.com','C202011302','둔기로이마까','6rG/fyvNlNK24KEryOHewg==','문선준','01072291828','1995-11-28',0,0,to_date('2021/03/30','RRRR/MM/DD'),'자기소개가 없습니다','default.png');
--------------------------------------------------------
--  DDL for Index PK_FEED_COMMENT
--------------------------------------------------------

  CREATE UNIQUE INDEX "PK_FEED_COMMENT" ON "FEED_COMMENT" ("FEED_COM_NO") 
  PCTFREE 10 INITRANS 2 MAXTRANS 255 COMPUTE STATISTICS 
  STORAGE(INITIAL 65536 NEXT 1048576 MINEXTENTS 1 MAXEXTENTS 2147483645
  PCTINCREASE 0 FREELISTS 1 FREELIST GROUPS 1 BUFFER_POOL DEFAULT FLASH_CACHE DEFAULT CELL_FLASH_CACHE DEFAULT)
  TABLESPACE "SYSTEM" ;
--------------------------------------------------------
--  DDL for Index PK_NOTICE
--------------------------------------------------------

  CREATE UNIQUE INDEX "PK_NOTICE" ON "NOTICE" ("NOTICE_NO") 
  PCTFREE 10 INITRANS 2 MAXTRANS 255 COMPUTE STATISTICS 
  STORAGE(INITIAL 65536 NEXT 1048576 MINEXTENTS 1 MAXEXTENTS 2147483645
  PCTINCREASE 0 FREELISTS 1 FREELIST GROUPS 1 BUFFER_POOL DEFAULT FLASH_CACHE DEFAULT CELL_FLASH_CACHE DEFAULT)
  TABLESPACE "SYSTEM" ;
--------------------------------------------------------
--  DDL for Index PK_CLASS
--------------------------------------------------------

  CREATE UNIQUE INDEX "PK_CLASS" ON "CLASS" ("CLASS_ID") 
  PCTFREE 10 INITRANS 2 MAXTRANS 255 COMPUTE STATISTICS 
  STORAGE(INITIAL 65536 NEXT 1048576 MINEXTENTS 1 MAXEXTENTS 2147483645
  PCTINCREASE 0 FREELISTS 1 FREELIST GROUPS 1 BUFFER_POOL DEFAULT FLASH_CACHE DEFAULT CELL_FLASH_CACHE DEFAULT)
  TABLESPACE "SYSTEM" ;
--------------------------------------------------------
--  DDL for Index PK_FEED_COM_RE
--------------------------------------------------------

  CREATE UNIQUE INDEX "PK_FEED_COM_RE" ON "FEED_COM_RE" ("F_COM_RE_NO") 
  PCTFREE 10 INITRANS 2 MAXTRANS 255 COMPUTE STATISTICS 
  STORAGE(INITIAL 65536 NEXT 1048576 MINEXTENTS 1 MAXEXTENTS 2147483645
  PCTINCREASE 0 FREELISTS 1 FREELIST GROUPS 1 BUFFER_POOL DEFAULT FLASH_CACHE DEFAULT CELL_FLASH_CACHE DEFAULT)
  TABLESPACE "SYSTEM" ;
--------------------------------------------------------
--  DDL for Index PK_EMAIL_CHECK
--------------------------------------------------------

  CREATE UNIQUE INDEX "PK_EMAIL_CHECK" ON "EMAIL_CHECK" ("EMAIL_CHK_NO") 
  PCTFREE 10 INITRANS 2 MAXTRANS 255 COMPUTE STATISTICS 
  STORAGE(INITIAL 65536 NEXT 1048576 MINEXTENTS 1 MAXEXTENTS 2147483645
  PCTINCREASE 0 FREELISTS 1 FREELIST GROUPS 1 BUFFER_POOL DEFAULT FLASH_CACHE DEFAULT CELL_FLASH_CACHE DEFAULT)
  TABLESPACE "SYSTEM" ;
--------------------------------------------------------
--  DDL for Index PK_FOLLOW
--------------------------------------------------------

  CREATE UNIQUE INDEX "PK_FOLLOW" ON "FOLLOW" ("FOLLOW_NO") 
  PCTFREE 10 INITRANS 2 MAXTRANS 255 COMPUTE STATISTICS 
  STORAGE(INITIAL 65536 NEXT 1048576 MINEXTENTS 1 MAXEXTENTS 2147483645
  PCTINCREASE 0 FREELISTS 1 FREELIST GROUPS 1 BUFFER_POOL DEFAULT FLASH_CACHE DEFAULT CELL_FLASH_CACHE DEFAULT)
  TABLESPACE "SYSTEM" ;
--------------------------------------------------------
--  DDL for Index PK_LIKES
--------------------------------------------------------

  CREATE UNIQUE INDEX "PK_LIKES" ON "LIKES" ("LIKE_NO") 
  PCTFREE 10 INITRANS 2 MAXTRANS 255 COMPUTE STATISTICS 
  STORAGE(INITIAL 65536 NEXT 1048576 MINEXTENTS 1 MAXEXTENTS 2147483645
  PCTINCREASE 0 FREELISTS 1 FREELIST GROUPS 1 BUFFER_POOL DEFAULT FLASH_CACHE DEFAULT CELL_FLASH_CACHE DEFAULT)
  TABLESPACE "SYSTEM" ;
--------------------------------------------------------
--  DDL for Index PK_FEED
--------------------------------------------------------

  CREATE UNIQUE INDEX "PK_FEED" ON "FEED" ("FEED_NO") 
  PCTFREE 10 INITRANS 2 MAXTRANS 255 COMPUTE STATISTICS 
  STORAGE(INITIAL 65536 NEXT 1048576 MINEXTENTS 1 MAXEXTENTS 2147483645
  PCTINCREASE 0 FREELISTS 1 FREELIST GROUPS 1 BUFFER_POOL DEFAULT FLASH_CACHE DEFAULT CELL_FLASH_CACHE DEFAULT)
  TABLESPACE "SYSTEM" ;
--------------------------------------------------------
--  DDL for Index PK_BLAME
--------------------------------------------------------

  CREATE UNIQUE INDEX "PK_BLAME" ON "BLAME" ("BLAME_NO") 
  PCTFREE 10 INITRANS 2 MAXTRANS 255 COMPUTE STATISTICS 
  STORAGE(INITIAL 65536 NEXT 1048576 MINEXTENTS 1 MAXEXTENTS 2147483645
  PCTINCREASE 0 FREELISTS 1 FREELIST GROUPS 1 BUFFER_POOL DEFAULT FLASH_CACHE DEFAULT CELL_FLASH_CACHE DEFAULT)
  TABLESPACE "SYSTEM" ;
--------------------------------------------------------
--  DDL for Index PK_MESSAGE
--------------------------------------------------------

  CREATE UNIQUE INDEX "PK_MESSAGE" ON "MESSAGE" ("MSG_NO") 
  PCTFREE 10 INITRANS 2 MAXTRANS 255 COMPUTE STATISTICS 
  STORAGE(INITIAL 65536 NEXT 1048576 MINEXTENTS 1 MAXEXTENTS 2147483645
  PCTINCREASE 0 FREELISTS 1 FREELIST GROUPS 1 BUFFER_POOL DEFAULT FLASH_CACHE DEFAULT CELL_FLASH_CACHE DEFAULT)
  TABLESPACE "SYSTEM" ;
--------------------------------------------------------
--  DDL for Index PK_NOTICE_COMMENT
--------------------------------------------------------

  CREATE UNIQUE INDEX "PK_NOTICE_COMMENT" ON "NOTICE_COMMENT" ("NOTICE_COM_NO") 
  PCTFREE 10 INITRANS 2 MAXTRANS 255 COMPUTE STATISTICS 
  STORAGE(INITIAL 65536 NEXT 1048576 MINEXTENTS 1 MAXEXTENTS 2147483645
  PCTINCREASE 0 FREELISTS 1 FREELIST GROUPS 1 BUFFER_POOL DEFAULT FLASH_CACHE DEFAULT CELL_FLASH_CACHE DEFAULT)
  TABLESPACE "SYSTEM" ;
--------------------------------------------------------
--  DDL for Index PK_CLASS_MSG
--------------------------------------------------------

  CREATE UNIQUE INDEX "PK_CLASS_MSG" ON "CLASS_MSG" ("CMSG_NO") 
  PCTFREE 10 INITRANS 2 MAXTRANS 255 COMPUTE STATISTICS 
  STORAGE(INITIAL 65536 NEXT 1048576 MINEXTENTS 1 MAXEXTENTS 2147483645
  PCTINCREASE 0 FREELISTS 1 FREELIST GROUPS 1 BUFFER_POOL DEFAULT FLASH_CACHE DEFAULT CELL_FLASH_CACHE DEFAULT)
  TABLESPACE "SYSTEM" ;
--------------------------------------------------------
--  DDL for Index PK_USERS
--------------------------------------------------------

  CREATE UNIQUE INDEX "PK_USERS" ON "USERS" ("USER_ID") 
  PCTFREE 10 INITRANS 2 MAXTRANS 255 COMPUTE STATISTICS 
  STORAGE(INITIAL 65536 NEXT 1048576 MINEXTENTS 1 MAXEXTENTS 2147483645
  PCTINCREASE 0 FREELISTS 1 FREELIST GROUPS 1 BUFFER_POOL DEFAULT FLASH_CACHE DEFAULT CELL_FLASH_CACHE DEFAULT)
  TABLESPACE "SYSTEM" ;
--------------------------------------------------------
--  DDL for Index PK_TABLE
--------------------------------------------------------

  CREATE UNIQUE INDEX "PK_TABLE" ON "NEWS" ("NEWS_NO") 
  PCTFREE 10 INITRANS 2 MAXTRANS 255 COMPUTE STATISTICS 
  STORAGE(INITIAL 65536 NEXT 1048576 MINEXTENTS 1 MAXEXTENTS 2147483645
  PCTINCREASE 0 FREELISTS 1 FREELIST GROUPS 1 BUFFER_POOL DEFAULT FLASH_CACHE DEFAULT CELL_FLASH_CACHE DEFAULT)
  TABLESPACE "SYSTEM" ;
--------------------------------------------------------
--  DDL for Index TERMS_PK
--------------------------------------------------------

  CREATE UNIQUE INDEX "TERMS_PK" ON "TERMS" ("TERMS_NO") 
  PCTFREE 10 INITRANS 2 MAXTRANS 255 COMPUTE STATISTICS 
  STORAGE(INITIAL 65536 NEXT 1048576 MINEXTENTS 1 MAXEXTENTS 2147483645
  PCTINCREASE 0 FREELISTS 1 FREELIST GROUPS 1 BUFFER_POOL DEFAULT FLASH_CACHE DEFAULT CELL_FLASH_CACHE DEFAULT)
  TABLESPACE "SYSTEM" ;
--------------------------------------------------------
--  Constraints for Table TERMS
--------------------------------------------------------

  ALTER TABLE "TERMS" MODIFY ("TERMS_NO" NOT NULL ENABLE);
  ALTER TABLE "TERMS" ADD CONSTRAINT "TERMS_PK" PRIMARY KEY ("TERMS_NO")
  USING INDEX PCTFREE 10 INITRANS 2 MAXTRANS 255 COMPUTE STATISTICS 
  STORAGE(INITIAL 65536 NEXT 1048576 MINEXTENTS 1 MAXEXTENTS 2147483645
  PCTINCREASE 0 FREELISTS 1 FREELIST GROUPS 1 BUFFER_POOL DEFAULT FLASH_CACHE DEFAULT CELL_FLASH_CACHE DEFAULT)
  TABLESPACE "SYSTEM"  ENABLE;
--------------------------------------------------------
--  Constraints for Table EMAIL_CHECK
--------------------------------------------------------

  ALTER TABLE "EMAIL_CHECK" MODIFY ("EMAIL_CHK_NO" NOT NULL ENABLE);
  ALTER TABLE "EMAIL_CHECK" MODIFY ("EMAIL_CHK_DATE" NOT NULL ENABLE);
  ALTER TABLE "EMAIL_CHECK" MODIFY ("EMAIL_CHK_CONT" NOT NULL ENABLE);
  ALTER TABLE "EMAIL_CHECK" MODIFY ("EMAIL_CHK_ADDR" NOT NULL ENABLE);
  ALTER TABLE "EMAIL_CHECK" ADD CONSTRAINT "PK_EMAIL_CHECK" PRIMARY KEY ("EMAIL_CHK_NO")
  USING INDEX PCTFREE 10 INITRANS 2 MAXTRANS 255 COMPUTE STATISTICS 
  STORAGE(INITIAL 65536 NEXT 1048576 MINEXTENTS 1 MAXEXTENTS 2147483645
  PCTINCREASE 0 FREELISTS 1 FREELIST GROUPS 1 BUFFER_POOL DEFAULT FLASH_CACHE DEFAULT CELL_FLASH_CACHE DEFAULT)
  TABLESPACE "SYSTEM"  ENABLE;
--------------------------------------------------------
--  Constraints for Table FEED_COM_RE
--------------------------------------------------------

  ALTER TABLE "FEED_COM_RE" MODIFY ("F_COM_RE_NO" NOT NULL ENABLE);
  ALTER TABLE "FEED_COM_RE" MODIFY ("FEED_COM_NO" NOT NULL ENABLE);
  ALTER TABLE "FEED_COM_RE" MODIFY ("USER_ID" NOT NULL ENABLE);
  ALTER TABLE "FEED_COM_RE" MODIFY ("F_COM_RE_CONT" NOT NULL ENABLE);
  ALTER TABLE "FEED_COM_RE" MODIFY ("F_COM_RE_DATE" NOT NULL ENABLE);
  ALTER TABLE "FEED_COM_RE" ADD CONSTRAINT "PK_FEED_COM_RE" PRIMARY KEY ("F_COM_RE_NO")
  USING INDEX PCTFREE 10 INITRANS 2 MAXTRANS 255 COMPUTE STATISTICS 
  STORAGE(INITIAL 65536 NEXT 1048576 MINEXTENTS 1 MAXEXTENTS 2147483645
  PCTINCREASE 0 FREELISTS 1 FREELIST GROUPS 1 BUFFER_POOL DEFAULT FLASH_CACHE DEFAULT CELL_FLASH_CACHE DEFAULT)
  TABLESPACE "SYSTEM"  ENABLE;
--------------------------------------------------------
--  Constraints for Table TERMS_HIS
--------------------------------------------------------

  ALTER TABLE "TERMS_HIS" MODIFY ("TERMS_NO" NOT NULL ENABLE);
  ALTER TABLE "TERMS_HIS" MODIFY ("USER_ID" NOT NULL ENABLE);
  ALTER TABLE "TERMS_HIS" MODIFY ("TERMS_AGREE" NOT NULL ENABLE);
--------------------------------------------------------
--  Constraints for Table BLAME
--------------------------------------------------------

  ALTER TABLE "BLAME" MODIFY ("BLAME_NO" NOT NULL ENABLE);
  ALTER TABLE "BLAME" MODIFY ("USER_ID" NOT NULL ENABLE);
  ALTER TABLE "BLAME" MODIFY ("TARGET_ID" NOT NULL ENABLE);
  ALTER TABLE "BLAME" MODIFY ("FEED_NO" NOT NULL ENABLE);
  ALTER TABLE "BLAME" MODIFY ("BLAME_DATE" NOT NULL ENABLE);
  ALTER TABLE "BLAME" ADD CONSTRAINT "PK_BLAME" PRIMARY KEY ("BLAME_NO")
  USING INDEX PCTFREE 10 INITRANS 2 MAXTRANS 255 COMPUTE STATISTICS 
  STORAGE(INITIAL 65536 NEXT 1048576 MINEXTENTS 1 MAXEXTENTS 2147483645
  PCTINCREASE 0 FREELISTS 1 FREELIST GROUPS 1 BUFFER_POOL DEFAULT FLASH_CACHE DEFAULT CELL_FLASH_CACHE DEFAULT)
  TABLESPACE "SYSTEM"  ENABLE;
--------------------------------------------------------
--  Constraints for Table FEED
--------------------------------------------------------

  ALTER TABLE "FEED" MODIFY ("FEED_NO" NOT NULL ENABLE);
  ALTER TABLE "FEED" MODIFY ("USER_ID" NOT NULL ENABLE);
  ALTER TABLE "FEED" MODIFY ("FEED_CONT" NOT NULL ENABLE);
  ALTER TABLE "FEED" MODIFY ("FEED_DATE" NOT NULL ENABLE);
  ALTER TABLE "FEED" ADD CONSTRAINT "PK_FEED" PRIMARY KEY ("FEED_NO")
  USING INDEX PCTFREE 10 INITRANS 2 MAXTRANS 255 COMPUTE STATISTICS 
  STORAGE(INITIAL 65536 NEXT 1048576 MINEXTENTS 1 MAXEXTENTS 2147483645
  PCTINCREASE 0 FREELISTS 1 FREELIST GROUPS 1 BUFFER_POOL DEFAULT FLASH_CACHE DEFAULT CELL_FLASH_CACHE DEFAULT)
  TABLESPACE "SYSTEM"  ENABLE;
--------------------------------------------------------
--  Constraints for Table NOTICE_COMMENT
--------------------------------------------------------

  ALTER TABLE "NOTICE_COMMENT" MODIFY ("NOTICE_COM_NO" NOT NULL ENABLE);
  ALTER TABLE "NOTICE_COMMENT" MODIFY ("NOTICE_NO" NOT NULL ENABLE);
  ALTER TABLE "NOTICE_COMMENT" MODIFY ("USER_ID" NOT NULL ENABLE);
  ALTER TABLE "NOTICE_COMMENT" MODIFY ("NOTICE_COM_CONT" NOT NULL ENABLE);
  ALTER TABLE "NOTICE_COMMENT" MODIFY ("NOTICE_COM_DATE" NOT NULL ENABLE);
  ALTER TABLE "NOTICE_COMMENT" ADD CONSTRAINT "PK_NOTICE_COMMENT" PRIMARY KEY ("NOTICE_COM_NO")
  USING INDEX PCTFREE 10 INITRANS 2 MAXTRANS 255 COMPUTE STATISTICS 
  STORAGE(INITIAL 65536 NEXT 1048576 MINEXTENTS 1 MAXEXTENTS 2147483645
  PCTINCREASE 0 FREELISTS 1 FREELIST GROUPS 1 BUFFER_POOL DEFAULT FLASH_CACHE DEFAULT CELL_FLASH_CACHE DEFAULT)
  TABLESPACE "SYSTEM"  ENABLE;
--------------------------------------------------------
--  Constraints for Table LIKES_BACKUP
--------------------------------------------------------

  ALTER TABLE "LIKES_BACKUP" MODIFY ("LIKE_NO" NOT NULL ENABLE);
  ALTER TABLE "LIKES_BACKUP" MODIFY ("USER_ID" NOT NULL ENABLE);
  ALTER TABLE "LIKES_BACKUP" MODIFY ("FEED_NO" NOT NULL ENABLE);
--------------------------------------------------------
--  Constraints for Table NEWS
--------------------------------------------------------

  ALTER TABLE "NEWS" MODIFY ("NEWS_NO" NOT NULL ENABLE);
  ALTER TABLE "NEWS" MODIFY ("NEWS_TITLE" NOT NULL ENABLE);
  ALTER TABLE "NEWS" MODIFY ("NEWS_DATE" NOT NULL ENABLE);
  ALTER TABLE "NEWS" ADD CONSTRAINT "PK_TABLE" PRIMARY KEY ("NEWS_NO")
  USING INDEX PCTFREE 10 INITRANS 2 MAXTRANS 255 COMPUTE STATISTICS 
  STORAGE(INITIAL 65536 NEXT 1048576 MINEXTENTS 1 MAXEXTENTS 2147483645
  PCTINCREASE 0 FREELISTS 1 FREELIST GROUPS 1 BUFFER_POOL DEFAULT FLASH_CACHE DEFAULT CELL_FLASH_CACHE DEFAULT)
  TABLESPACE "SYSTEM"  ENABLE;
--------------------------------------------------------
--  Constraints for Table CLASS_MSG
--------------------------------------------------------

  ALTER TABLE "CLASS_MSG" MODIFY ("CMSG_NO" NOT NULL ENABLE);
  ALTER TABLE "CLASS_MSG" MODIFY ("CLASS_ID" NOT NULL ENABLE);
  ALTER TABLE "CLASS_MSG" MODIFY ("MSG_SENDER" NOT NULL ENABLE);
  ALTER TABLE "CLASS_MSG" MODIFY ("MSG_CONT" NOT NULL ENABLE);
  ALTER TABLE "CLASS_MSG" MODIFY ("MSG_SENDDATE" NOT NULL ENABLE);
  ALTER TABLE "CLASS_MSG" ADD CONSTRAINT "PK_CLASS_MSG" PRIMARY KEY ("CMSG_NO")
  USING INDEX PCTFREE 10 INITRANS 2 MAXTRANS 255 COMPUTE STATISTICS 
  STORAGE(INITIAL 65536 NEXT 1048576 MINEXTENTS 1 MAXEXTENTS 2147483645
  PCTINCREASE 0 FREELISTS 1 FREELIST GROUPS 1 BUFFER_POOL DEFAULT FLASH_CACHE DEFAULT CELL_FLASH_CACHE DEFAULT)
  TABLESPACE "SYSTEM"  ENABLE;
--------------------------------------------------------
--  Constraints for Table ALARM
--------------------------------------------------------

  ALTER TABLE "ALARM" MODIFY ("ALARM_NO" NOT NULL ENABLE);
  ALTER TABLE "ALARM" MODIFY ("USER_ID" NOT NULL ENABLE);
  ALTER TABLE "ALARM" MODIFY ("ALARM_CONT" NOT NULL ENABLE);
  ALTER TABLE "ALARM" MODIFY ("ALARM_TYPE" NOT NULL ENABLE);
  ALTER TABLE "ALARM" MODIFY ("ALARM_DATE" NOT NULL ENABLE);
  ALTER TABLE "ALARM" MODIFY ("SENDER_ID" NOT NULL ENABLE);
--------------------------------------------------------
--  Constraints for Table FOLLOW
--------------------------------------------------------

  ALTER TABLE "FOLLOW" MODIFY ("FOLLOW_NO" NOT NULL ENABLE);
  ALTER TABLE "FOLLOW" MODIFY ("FOLLOWER" NOT NULL ENABLE);
  ALTER TABLE "FOLLOW" MODIFY ("FOLLOWEE" NOT NULL ENABLE);
  ALTER TABLE "FOLLOW" ADD CONSTRAINT "PK_FOLLOW" PRIMARY KEY ("FOLLOW_NO")
  USING INDEX PCTFREE 10 INITRANS 2 MAXTRANS 255 COMPUTE STATISTICS 
  STORAGE(INITIAL 65536 NEXT 1048576 MINEXTENTS 1 MAXEXTENTS 2147483645
  PCTINCREASE 0 FREELISTS 1 FREELIST GROUPS 1 BUFFER_POOL DEFAULT FLASH_CACHE DEFAULT CELL_FLASH_CACHE DEFAULT)
  TABLESPACE "SYSTEM"  ENABLE;
--------------------------------------------------------
--  Constraints for Table MESSAGE
--------------------------------------------------------

  ALTER TABLE "MESSAGE" MODIFY ("MSG_NO" NOT NULL ENABLE);
  ALTER TABLE "MESSAGE" MODIFY ("MSG_TARGET_ID" NOT NULL ENABLE);
  ALTER TABLE "MESSAGE" MODIFY ("MSG_SENDER" NOT NULL ENABLE);
  ALTER TABLE "MESSAGE" MODIFY ("MSG_CONTENT" NOT NULL ENABLE);
  ALTER TABLE "MESSAGE" MODIFY ("MSG_SENDDATE" NOT NULL ENABLE);
  ALTER TABLE "MESSAGE" ADD CONSTRAINT "PK_MESSAGE" PRIMARY KEY ("MSG_NO")
  USING INDEX PCTFREE 10 INITRANS 2 MAXTRANS 255 COMPUTE STATISTICS 
  STORAGE(INITIAL 65536 NEXT 1048576 MINEXTENTS 1 MAXEXTENTS 2147483645
  PCTINCREASE 0 FREELISTS 1 FREELIST GROUPS 1 BUFFER_POOL DEFAULT FLASH_CACHE DEFAULT CELL_FLASH_CACHE DEFAULT)
  TABLESPACE "SYSTEM"  ENABLE;
--------------------------------------------------------
--  Constraints for Table FEED_COMMENT
--------------------------------------------------------

  ALTER TABLE "FEED_COMMENT" MODIFY ("FEED_COM_NO" NOT NULL ENABLE);
  ALTER TABLE "FEED_COMMENT" MODIFY ("FEED_NO" NOT NULL ENABLE);
  ALTER TABLE "FEED_COMMENT" MODIFY ("USER_ID" NOT NULL ENABLE);
  ALTER TABLE "FEED_COMMENT" MODIFY ("FEED_COM_CONT" NOT NULL ENABLE);
  ALTER TABLE "FEED_COMMENT" MODIFY ("FEED_COM_DATE" NOT NULL ENABLE);
  ALTER TABLE "FEED_COMMENT" ADD CONSTRAINT "PK_FEED_COMMENT" PRIMARY KEY ("FEED_COM_NO")
  USING INDEX PCTFREE 10 INITRANS 2 MAXTRANS 255 COMPUTE STATISTICS 
  STORAGE(INITIAL 65536 NEXT 1048576 MINEXTENTS 1 MAXEXTENTS 2147483645
  PCTINCREASE 0 FREELISTS 1 FREELIST GROUPS 1 BUFFER_POOL DEFAULT FLASH_CACHE DEFAULT CELL_FLASH_CACHE DEFAULT)
  TABLESPACE "SYSTEM"  ENABLE;
--------------------------------------------------------
--  Constraints for Table LIKES
--------------------------------------------------------

  ALTER TABLE "LIKES" MODIFY ("LIKE_NO" NOT NULL ENABLE);
  ALTER TABLE "LIKES" MODIFY ("USER_ID" NOT NULL ENABLE);
  ALTER TABLE "LIKES" MODIFY ("FEED_NO" NOT NULL ENABLE);
  ALTER TABLE "LIKES" ADD CONSTRAINT "PK_LIKES" PRIMARY KEY ("LIKE_NO")
  USING INDEX PCTFREE 10 INITRANS 2 MAXTRANS 255 COMPUTE STATISTICS 
  STORAGE(INITIAL 65536 NEXT 1048576 MINEXTENTS 1 MAXEXTENTS 2147483645
  PCTINCREASE 0 FREELISTS 1 FREELIST GROUPS 1 BUFFER_POOL DEFAULT FLASH_CACHE DEFAULT CELL_FLASH_CACHE DEFAULT)
  TABLESPACE "SYSTEM"  ENABLE;
--------------------------------------------------------
--  Constraints for Table CLASS
--------------------------------------------------------

  ALTER TABLE "CLASS" MODIFY ("CLASS_ID" NOT NULL ENABLE);
  ALTER TABLE "CLASS" MODIFY ("CLASS_START" NOT NULL ENABLE);
  ALTER TABLE "CLASS" MODIFY ("CLASS_END" NOT NULL ENABLE);
  ALTER TABLE "CLASS" MODIFY ("CLASS_TITLE" NOT NULL ENABLE);
  ALTER TABLE "CLASS" MODIFY ("CLASS_NUM" NOT NULL ENABLE);
  ALTER TABLE "CLASS" MODIFY ("CLASS_ROOM" NOT NULL ENABLE);
  ALTER TABLE "CLASS" ADD CONSTRAINT "PK_CLASS" PRIMARY KEY ("CLASS_ID")
  USING INDEX PCTFREE 10 INITRANS 2 MAXTRANS 255 COMPUTE STATISTICS 
  STORAGE(INITIAL 65536 NEXT 1048576 MINEXTENTS 1 MAXEXTENTS 2147483645
  PCTINCREASE 0 FREELISTS 1 FREELIST GROUPS 1 BUFFER_POOL DEFAULT FLASH_CACHE DEFAULT CELL_FLASH_CACHE DEFAULT)
  TABLESPACE "SYSTEM"  ENABLE;
--------------------------------------------------------
--  Constraints for Table NOTICE
--------------------------------------------------------

  ALTER TABLE "NOTICE" MODIFY ("NOTICE_NO" NOT NULL ENABLE);
  ALTER TABLE "NOTICE" MODIFY ("USER_ID" NOT NULL ENABLE);
  ALTER TABLE "NOTICE" MODIFY ("NOTICE_CONT" NOT NULL ENABLE);
  ALTER TABLE "NOTICE" MODIFY ("NOTICE_DATE" NOT NULL ENABLE);
  ALTER TABLE "NOTICE" ADD CONSTRAINT "PK_NOTICE" PRIMARY KEY ("NOTICE_NO")
  USING INDEX PCTFREE 10 INITRANS 2 MAXTRANS 255 COMPUTE STATISTICS 
  STORAGE(INITIAL 65536 NEXT 1048576 MINEXTENTS 1 MAXEXTENTS 2147483645
  PCTINCREASE 0 FREELISTS 1 FREELIST GROUPS 1 BUFFER_POOL DEFAULT FLASH_CACHE DEFAULT CELL_FLASH_CACHE DEFAULT)
  TABLESPACE "SYSTEM"  ENABLE;
--------------------------------------------------------
--  Constraints for Table USERS
--------------------------------------------------------

  ALTER TABLE "USERS" MODIFY ("USER_ID" NOT NULL ENABLE);
  ALTER TABLE "USERS" MODIFY ("CLASS_ID" NOT NULL ENABLE);
  ALTER TABLE "USERS" MODIFY ("USER_NICKNAME" NOT NULL ENABLE);
  ALTER TABLE "USERS" MODIFY ("USER_PASSWORD" NOT NULL ENABLE);
  ALTER TABLE "USERS" MODIFY ("USER_SIGN_DATE" NOT NULL ENABLE);
  ALTER TABLE "USERS" ADD CONSTRAINT "PK_USERS" PRIMARY KEY ("USER_ID")
  USING INDEX PCTFREE 10 INITRANS 2 MAXTRANS 255 COMPUTE STATISTICS 
  STORAGE(INITIAL 65536 NEXT 1048576 MINEXTENTS 1 MAXEXTENTS 2147483645
  PCTINCREASE 0 FREELISTS 1 FREELIST GROUPS 1 BUFFER_POOL DEFAULT FLASH_CACHE DEFAULT CELL_FLASH_CACHE DEFAULT)
  TABLESPACE "SYSTEM"  ENABLE;
--------------------------------------------------------
--  Ref Constraints for Table ALARM
--------------------------------------------------------

  ALTER TABLE "ALARM" ADD CONSTRAINT "FK_USERS_TO_ALARM" FOREIGN KEY ("USER_ID")
	  REFERENCES "USERS" ("USER_ID") ENABLE;
--------------------------------------------------------
--  Ref Constraints for Table BLAME
--------------------------------------------------------

  ALTER TABLE "BLAME" ADD CONSTRAINT "FK_FEED_TO_BLAME" FOREIGN KEY ("FEED_NO")
	  REFERENCES "FEED" ("FEED_NO") ON DELETE CASCADE ENABLE;
  ALTER TABLE "BLAME" ADD CONSTRAINT "FK_USERS_TO_BLAME" FOREIGN KEY ("USER_ID")
	  REFERENCES "USERS" ("USER_ID") ENABLE;
  ALTER TABLE "BLAME" ADD CONSTRAINT "FK_USERS_TO_BLAME2" FOREIGN KEY ("TARGET_ID")
	  REFERENCES "USERS" ("USER_ID") ENABLE;
--------------------------------------------------------
--  Ref Constraints for Table CLASS_MSG
--------------------------------------------------------

  ALTER TABLE "CLASS_MSG" ADD CONSTRAINT "FK_CLASS_TO_CLASS_MSG" FOREIGN KEY ("CLASS_ID")
	  REFERENCES "CLASS" ("CLASS_ID") ENABLE;
  ALTER TABLE "CLASS_MSG" ADD CONSTRAINT "FK_USERS_TO_CLASS_MSG" FOREIGN KEY ("MSG_SENDER")
	  REFERENCES "USERS" ("USER_ID") ENABLE;
--------------------------------------------------------
--  Ref Constraints for Table FEED
--------------------------------------------------------

  ALTER TABLE "FEED" ADD CONSTRAINT "FK_USERS_TO_FEED" FOREIGN KEY ("USER_ID")
	  REFERENCES "USERS" ("USER_ID") ON DELETE CASCADE ENABLE;
--------------------------------------------------------
--  Ref Constraints for Table FEED_COMMENT
--------------------------------------------------------

  ALTER TABLE "FEED_COMMENT" ADD CONSTRAINT "FK_FEED_TO_FEED_COMMENT" FOREIGN KEY ("FEED_NO")
	  REFERENCES "FEED" ("FEED_NO") ON DELETE CASCADE ENABLE;
  ALTER TABLE "FEED_COMMENT" ADD CONSTRAINT "FK_USERS_TO_FEED_COMMENT" FOREIGN KEY ("USER_ID")
	  REFERENCES "USERS" ("USER_ID") ON DELETE CASCADE ENABLE;
--------------------------------------------------------
--  Ref Constraints for Table FEED_COM_RE
--------------------------------------------------------

  ALTER TABLE "FEED_COM_RE" ADD CONSTRAINT "FK_FEED_COMMENT_TO_FEED_COM_RE" FOREIGN KEY ("FEED_COM_NO")
	  REFERENCES "FEED_COMMENT" ("FEED_COM_NO") ON DELETE CASCADE ENABLE;
  ALTER TABLE "FEED_COM_RE" ADD CONSTRAINT "FK_USERS_TO_FEED_COM_RE" FOREIGN KEY ("USER_ID")
	  REFERENCES "USERS" ("USER_ID") ON DELETE CASCADE ENABLE;
--------------------------------------------------------
--  Ref Constraints for Table FOLLOW
--------------------------------------------------------

  ALTER TABLE "FOLLOW" ADD CONSTRAINT "FK_USERS_TO_FOLLOW" FOREIGN KEY ("FOLLOWER")
	  REFERENCES "USERS" ("USER_ID") ENABLE;
  ALTER TABLE "FOLLOW" ADD CONSTRAINT "FK_USERS_TO_FOLLOW2" FOREIGN KEY ("FOLLOWEE")
	  REFERENCES "USERS" ("USER_ID") ENABLE;
--------------------------------------------------------
--  Ref Constraints for Table LIKES
--------------------------------------------------------

  ALTER TABLE "LIKES" ADD CONSTRAINT "FK_FEED_TO_LIKES" FOREIGN KEY ("FEED_NO")
	  REFERENCES "FEED" ("FEED_NO") ON DELETE CASCADE ENABLE;
  ALTER TABLE "LIKES" ADD CONSTRAINT "FK_USERS_TO_LIKES" FOREIGN KEY ("USER_ID")
	  REFERENCES "USERS" ("USER_ID") ON DELETE CASCADE ENABLE;
--------------------------------------------------------
--  Ref Constraints for Table MESSAGE
--------------------------------------------------------

  ALTER TABLE "MESSAGE" ADD CONSTRAINT "FK_USERS_TO_MESSAGE" FOREIGN KEY ("MSG_TARGET_ID")
	  REFERENCES "USERS" ("USER_ID") ENABLE;
  ALTER TABLE "MESSAGE" ADD CONSTRAINT "FK_USERS_TO_MESSAGE2" FOREIGN KEY ("MSG_SENDER")
	  REFERENCES "USERS" ("USER_ID") ENABLE;
--------------------------------------------------------
--  Ref Constraints for Table NOTICE
--------------------------------------------------------

  ALTER TABLE "NOTICE" ADD CONSTRAINT "FK_USERS_TO_NOTICE" FOREIGN KEY ("USER_ID")
	  REFERENCES "USERS" ("USER_ID") ENABLE;
--------------------------------------------------------
--  Ref Constraints for Table NOTICE_COMMENT
--------------------------------------------------------

  ALTER TABLE "NOTICE_COMMENT" ADD CONSTRAINT "FK_NOTICE_TO_NOTICE_COMMENT" FOREIGN KEY ("NOTICE_NO")
	  REFERENCES "NOTICE" ("NOTICE_NO") ENABLE;
  ALTER TABLE "NOTICE_COMMENT" ADD CONSTRAINT "FK_USERS_TO_NOTICE_COMMENT" FOREIGN KEY ("USER_ID")
	  REFERENCES "USERS" ("USER_ID") ENABLE;
--------------------------------------------------------
--  Ref Constraints for Table TERMS_HIS
--------------------------------------------------------

  ALTER TABLE "TERMS_HIS" ADD CONSTRAINT "FK_TERMS_TO_TERMS_HIS" FOREIGN KEY ("TERMS_NO")
	  REFERENCES "TERMS" ("TERMS_NO") ENABLE;
  ALTER TABLE "TERMS_HIS" ADD CONSTRAINT "FK_USERS_TO_TERMS_HIS" FOREIGN KEY ("USER_ID")
	  REFERENCES "USERS" ("USER_ID") ENABLE;
--------------------------------------------------------
--  Ref Constraints for Table USERS
--------------------------------------------------------

  ALTER TABLE "USERS" ADD CONSTRAINT "FK_CLASS_TO_USERS" FOREIGN KEY ("CLASS_ID")
	  REFERENCES "CLASS" ("CLASS_ID") ENABLE;
