--------------------------------------------------------
--  파일이 생성됨 - 토요일-3월-06-2021   
--------------------------------------------------------
--------------------------------------------------------
--  DDL for Table ALARM
--------------------------------------------------------

  CREATE TABLE "ALARM" 
   (	"ALARM_NO" NUMBER, 
	"USER_ID" VARCHAR2(200 BYTE), 
	"ALARM_CONT" VARCHAR2(200 BYTE), 
	"ALARM_TYPE" NUMBER, 
	"ALARM_DATE" DATE, 
	"ALARM_CHK" NUMBER, 
	"ALARM_CHK_DATE" DATE
   ) SEGMENT CREATION IMMEDIATE 
  PCTFREE 10 PCTUSED 40 INITRANS 1 MAXTRANS 255 NOCOMPRESS LOGGING
  STORAGE(INITIAL 65536 NEXT 1048576 MINEXTENTS 1 MAXEXTENTS 2147483645
  PCTINCREASE 0 FREELISTS 1 FREELIST GROUPS 1 BUFFER_POOL DEFAULT FLASH_CACHE DEFAULT CELL_FLASH_CACHE DEFAULT)
  TABLESPACE "TS_202011M" ;

   COMMENT ON COLUMN "ALARM"."ALARM_NO" IS '알림번호';
   COMMENT ON COLUMN "ALARM"."USER_ID" IS '이메일아이디';
   COMMENT ON COLUMN "ALARM"."ALARM_CONT" IS '알림내용';
   COMMENT ON COLUMN "ALARM"."ALARM_TYPE" IS '알림유형';
   COMMENT ON COLUMN "ALARM"."ALARM_DATE" IS '알림시간';
   COMMENT ON COLUMN "ALARM"."ALARM_CHK" IS '알림확인여부';
   COMMENT ON COLUMN "ALARM"."ALARM_CHK_DATE" IS '알림확인시간';
   COMMENT ON TABLE "ALARM"  IS '알림';
--------------------------------------------------------
--  DDL for Table BLAME
--------------------------------------------------------

  CREATE TABLE "BLAME" 
   (	"BLAME_NO" NUMBER, 
	"USER_ID" VARCHAR2(200 BYTE), 
	"TARGET_ID" VARCHAR2(200 BYTE), 
	"FEED_NO" NUMBER, 
	"TARGET_TYPE" NUMBER, 
	"BLAME_DATE" DATE
   ) SEGMENT CREATION IMMEDIATE 
  PCTFREE 10 PCTUSED 40 INITRANS 1 MAXTRANS 255 NOCOMPRESS LOGGING
  STORAGE(INITIAL 65536 NEXT 1048576 MINEXTENTS 1 MAXEXTENTS 2147483645
  PCTINCREASE 0 FREELISTS 1 FREELIST GROUPS 1 BUFFER_POOL DEFAULT FLASH_CACHE DEFAULT CELL_FLASH_CACHE DEFAULT)
  TABLESPACE "TS_202011M" ;

   COMMENT ON COLUMN "BLAME"."BLAME_NO" IS '신고번호';
   COMMENT ON COLUMN "BLAME"."USER_ID" IS '신고한 회원';
   COMMENT ON COLUMN "BLAME"."TARGET_ID" IS '신고당한회원';
   COMMENT ON COLUMN "BLAME"."FEED_NO" IS '피드번호';
   COMMENT ON COLUMN "BLAME"."TARGET_TYPE" IS '신고종류';
   COMMENT ON COLUMN "BLAME"."BLAME_DATE" IS '신고일시';
   COMMENT ON TABLE "BLAME"  IS '신고피드';
--------------------------------------------------------
--  DDL for Table CLASS
--------------------------------------------------------

  CREATE TABLE "CLASS" 
   (	"CLASS_ID" VARCHAR2(200 BYTE), 
	"CLASS_START" DATE, 
	"CLASS_END" DATE, 
	"CLASS_TITLE" VARCHAR2(200 BYTE), 
	"CLASS_NUM" VARCHAR2(100 BYTE), 
	"CLASS_ROOM" VARCHAR2(100 BYTE)
   ) SEGMENT CREATION IMMEDIATE 
  PCTFREE 10 PCTUSED 40 INITRANS 1 MAXTRANS 255 NOCOMPRESS LOGGING
  STORAGE(INITIAL 65536 NEXT 1048576 MINEXTENTS 1 MAXEXTENTS 2147483645
  PCTINCREASE 0 FREELISTS 1 FREELIST GROUPS 1 BUFFER_POOL DEFAULT FLASH_CACHE DEFAULT CELL_FLASH_CACHE DEFAULT)
  TABLESPACE "TS_202011M" ;

   COMMENT ON COLUMN "CLASS"."CLASS_ID" IS '학급번호';
   COMMENT ON COLUMN "CLASS"."CLASS_START" IS '학급시작일';
   COMMENT ON COLUMN "CLASS"."CLASS_END" IS '학급종료일';
   COMMENT ON COLUMN "CLASS"."CLASS_TITLE" IS '학급강좌명';
   COMMENT ON COLUMN "CLASS"."CLASS_NUM" IS '학급기수';
   COMMENT ON COLUMN "CLASS"."CLASS_ROOM" IS '학급강의실';
   COMMENT ON TABLE "CLASS"  IS '학급';
--------------------------------------------------------
--  DDL for Table CLASS_MSG
--------------------------------------------------------

  CREATE TABLE "CLASS_MSG" 
   (	"CMSG_NO" NUMBER, 
	"CLASS_ID" VARCHAR2(200 BYTE), 
	"MSG_SENDER" VARCHAR2(200 BYTE), 
	"MSG_CONT" VARCHAR2(2000 BYTE), 
	"MSG_SENDDATE" DATE
   ) SEGMENT CREATION IMMEDIATE 
  PCTFREE 10 PCTUSED 40 INITRANS 1 MAXTRANS 255 NOCOMPRESS LOGGING
  STORAGE(INITIAL 65536 NEXT 1048576 MINEXTENTS 1 MAXEXTENTS 2147483645
  PCTINCREASE 0 FREELISTS 1 FREELIST GROUPS 1 BUFFER_POOL DEFAULT FLASH_CACHE DEFAULT CELL_FLASH_CACHE DEFAULT)
  TABLESPACE "TS_202011M" ;

   COMMENT ON COLUMN "CLASS_MSG"."CMSG_NO" IS '메시지번호';
   COMMENT ON COLUMN "CLASS_MSG"."CLASS_ID" IS '학급번호';
   COMMENT ON COLUMN "CLASS_MSG"."MSG_SENDER" IS '발신자';
   COMMENT ON COLUMN "CLASS_MSG"."MSG_CONT" IS '메시지내용';
   COMMENT ON COLUMN "CLASS_MSG"."MSG_SENDDATE" IS '발송일자';
   COMMENT ON TABLE "CLASS_MSG"  IS '클래스메시지';
--------------------------------------------------------
--  DDL for Table EMAIL_CHECK
--------------------------------------------------------

  CREATE TABLE "EMAIL_CHECK" 
   (	"EMAIL_CHK_NO" NUMBER, 
	"EMAIL_CHK_DATE" DATE, 
	"EMAIL_CHK_CONT" VARCHAR2(200 BYTE), 
	"EMAIL_CHK_ADDR" VARCHAR2(200 BYTE)
   ) SEGMENT CREATION IMMEDIATE 
  PCTFREE 10 PCTUSED 40 INITRANS 1 MAXTRANS 255 NOCOMPRESS LOGGING
  STORAGE(INITIAL 65536 NEXT 1048576 MINEXTENTS 1 MAXEXTENTS 2147483645
  PCTINCREASE 0 FREELISTS 1 FREELIST GROUPS 1 BUFFER_POOL DEFAULT FLASH_CACHE DEFAULT CELL_FLASH_CACHE DEFAULT)
  TABLESPACE "TS_202011M" ;

   COMMENT ON COLUMN "EMAIL_CHECK"."EMAIL_CHK_NO" IS '이메일인증번호';
   COMMENT ON COLUMN "EMAIL_CHECK"."EMAIL_CHK_DATE" IS '인증번호발송시간';
   COMMENT ON COLUMN "EMAIL_CHECK"."EMAIL_CHK_CONT" IS '인증번호내용';
   COMMENT ON COLUMN "EMAIL_CHECK"."EMAIL_CHK_ADDR" IS '이메일주소';
   COMMENT ON TABLE "EMAIL_CHECK"  IS '이메일인증';
--------------------------------------------------------
--  DDL for Table FEED
--------------------------------------------------------

  CREATE TABLE "FEED" 
   (	"FEED_NO" NUMBER, 
	"USER_ID" VARCHAR2(200 BYTE), 
	"FEED_CONT" VARCHAR2(2000 BYTE), 
	"FEED_DATE" DATE, 
	"FEED_PIC" VARCHAR2(1000 BYTE)
   ) SEGMENT CREATION IMMEDIATE 
  PCTFREE 10 PCTUSED 40 INITRANS 1 MAXTRANS 255 NOCOMPRESS LOGGING
  STORAGE(INITIAL 65536 NEXT 1048576 MINEXTENTS 1 MAXEXTENTS 2147483645
  PCTINCREASE 0 FREELISTS 1 FREELIST GROUPS 1 BUFFER_POOL DEFAULT FLASH_CACHE DEFAULT CELL_FLASH_CACHE DEFAULT)
  TABLESPACE "TS_202011M" ;

   COMMENT ON COLUMN "FEED"."FEED_NO" IS '피드번호';
   COMMENT ON COLUMN "FEED"."USER_ID" IS '이메일아이디';
   COMMENT ON COLUMN "FEED"."FEED_CONT" IS '피드내용';
   COMMENT ON COLUMN "FEED"."FEED_DATE" IS '피드작성일';
   COMMENT ON TABLE "FEED"  IS '피드';
--------------------------------------------------------
--  DDL for Table FEED_COMMENT
--------------------------------------------------------

  CREATE TABLE "FEED_COMMENT" 
   (	"FEED_COM_NO" NUMBER, 
	"FEED_NO" NUMBER, 
	"USER_ID" VARCHAR2(200 BYTE), 
	"FEED_COM_CONT" VARCHAR2(1000 BYTE), 
	"FEED_COM_DATE" DATE
   ) SEGMENT CREATION IMMEDIATE 
  PCTFREE 10 PCTUSED 40 INITRANS 1 MAXTRANS 255 NOCOMPRESS LOGGING
  STORAGE(INITIAL 65536 NEXT 1048576 MINEXTENTS 1 MAXEXTENTS 2147483645
  PCTINCREASE 0 FREELISTS 1 FREELIST GROUPS 1 BUFFER_POOL DEFAULT FLASH_CACHE DEFAULT CELL_FLASH_CACHE DEFAULT)
  TABLESPACE "TS_202011M" ;

   COMMENT ON COLUMN "FEED_COMMENT"."FEED_COM_NO" IS '피드댓글번호';
   COMMENT ON COLUMN "FEED_COMMENT"."FEED_NO" IS '피드번호';
   COMMENT ON COLUMN "FEED_COMMENT"."USER_ID" IS '이메일아이디';
   COMMENT ON COLUMN "FEED_COMMENT"."FEED_COM_CONT" IS '피드댓글내용';
   COMMENT ON COLUMN "FEED_COMMENT"."FEED_COM_DATE" IS '피드댓글시간';
   COMMENT ON TABLE "FEED_COMMENT"  IS '피드 댓글';
--------------------------------------------------------
--  DDL for Table FEED_COM_RE
--------------------------------------------------------

  CREATE TABLE "FEED_COM_RE" 
   (	"F_COM_RE_NO" NUMBER, 
	"FEED_COM_NO" NUMBER, 
	"USER_ID" VARCHAR2(200 BYTE), 
	"F_COM_RE_CONT" VARCHAR2(1000 BYTE), 
	"F_COM_RE_DATE" DATE
   ) SEGMENT CREATION IMMEDIATE 
  PCTFREE 10 PCTUSED 40 INITRANS 1 MAXTRANS 255 NOCOMPRESS LOGGING
  STORAGE(INITIAL 65536 NEXT 1048576 MINEXTENTS 1 MAXEXTENTS 2147483645
  PCTINCREASE 0 FREELISTS 1 FREELIST GROUPS 1 BUFFER_POOL DEFAULT FLASH_CACHE DEFAULT CELL_FLASH_CACHE DEFAULT)
  TABLESPACE "TS_202011M" ;

   COMMENT ON COLUMN "FEED_COM_RE"."F_COM_RE_NO" IS '피드대댓글번호';
   COMMENT ON COLUMN "FEED_COM_RE"."FEED_COM_NO" IS '피드댓글번호';
   COMMENT ON COLUMN "FEED_COM_RE"."USER_ID" IS '이메일아이디';
   COMMENT ON COLUMN "FEED_COM_RE"."F_COM_RE_CONT" IS '피드대댓글내용';
   COMMENT ON COLUMN "FEED_COM_RE"."F_COM_RE_DATE" IS '피드대댓글시간';
   COMMENT ON TABLE "FEED_COM_RE"  IS '피드대댓글';
--------------------------------------------------------
--  DDL for Table FOLLOW
--------------------------------------------------------

  CREATE TABLE "FOLLOW" 
   (	"FOLLOW_NO" NUMBER, 
	"FOLLOWER" VARCHAR2(200 BYTE), 
	"FOLLOWEE" VARCHAR2(200 BYTE)
   ) SEGMENT CREATION IMMEDIATE 
  PCTFREE 10 PCTUSED 40 INITRANS 1 MAXTRANS 255 NOCOMPRESS LOGGING
  STORAGE(INITIAL 65536 NEXT 1048576 MINEXTENTS 1 MAXEXTENTS 2147483645
  PCTINCREASE 0 FREELISTS 1 FREELIST GROUPS 1 BUFFER_POOL DEFAULT FLASH_CACHE DEFAULT CELL_FLASH_CACHE DEFAULT)
  TABLESPACE "TS_202011M" ;

   COMMENT ON COLUMN "FOLLOW"."FOLLOW_NO" IS '팔로우번호';
   COMMENT ON COLUMN "FOLLOW"."FOLLOWER" IS '팔로워';
   COMMENT ON COLUMN "FOLLOW"."FOLLOWEE" IS '팔로위';
   COMMENT ON TABLE "FOLLOW"  IS '팔로우';
--------------------------------------------------------
--  DDL for Table LIKES
--------------------------------------------------------

  CREATE TABLE "LIKES" 
   (	"LIKE_NO" NUMBER, 
	"USER_ID" VARCHAR2(200 BYTE), 
	"FEED_NO" NUMBER
   ) SEGMENT CREATION IMMEDIATE 
  PCTFREE 10 PCTUSED 40 INITRANS 1 MAXTRANS 255 NOCOMPRESS LOGGING
  STORAGE(INITIAL 65536 NEXT 1048576 MINEXTENTS 1 MAXEXTENTS 2147483645
  PCTINCREASE 0 FREELISTS 1 FREELIST GROUPS 1 BUFFER_POOL DEFAULT FLASH_CACHE DEFAULT CELL_FLASH_CACHE DEFAULT)
  TABLESPACE "TS_202011M" ;

   COMMENT ON COLUMN "LIKES"."LIKE_NO" IS '좋아요번호';
   COMMENT ON COLUMN "LIKES"."USER_ID" IS '이메일아이디';
   COMMENT ON COLUMN "LIKES"."FEED_NO" IS '피드번호';
   COMMENT ON TABLE "LIKES"  IS '좋아요';
--------------------------------------------------------
--  DDL for Table LIKES_BACKUP
--------------------------------------------------------

  CREATE TABLE "LIKES_BACKUP" 
   (	"LIKE_NO" NUMBER, 
	"USER_ID" VARCHAR2(200 BYTE), 
	"FEED_NO" NUMBER
   ) SEGMENT CREATION IMMEDIATE 
  PCTFREE 10 PCTUSED 40 INITRANS 1 MAXTRANS 255 NOCOMPRESS LOGGING
  STORAGE(INITIAL 65536 NEXT 1048576 MINEXTENTS 1 MAXEXTENTS 2147483645
  PCTINCREASE 0 FREELISTS 1 FREELIST GROUPS 1 BUFFER_POOL DEFAULT FLASH_CACHE DEFAULT CELL_FLASH_CACHE DEFAULT)
  TABLESPACE "TS_202011M" ;
--------------------------------------------------------
--  DDL for Table MESSAGE
--------------------------------------------------------

  CREATE TABLE "MESSAGE" 
   (	"MSG_NO" NUMBER, 
	"MSG_TARGET_ID" VARCHAR2(200 BYTE), 
	"MSG_SENDER" VARCHAR2(200 BYTE), 
	"MSG_CONTENT" VARCHAR2(2000 BYTE), 
	"MSG_SENDDATE" DATE, 
	"MSG_OPENDATE" DATE
   ) SEGMENT CREATION IMMEDIATE 
  PCTFREE 10 PCTUSED 40 INITRANS 1 MAXTRANS 255 NOCOMPRESS LOGGING
  STORAGE(INITIAL 65536 NEXT 1048576 MINEXTENTS 1 MAXEXTENTS 2147483645
  PCTINCREASE 0 FREELISTS 1 FREELIST GROUPS 1 BUFFER_POOL DEFAULT FLASH_CACHE DEFAULT CELL_FLASH_CACHE DEFAULT)
  TABLESPACE "TS_202011M" ;

   COMMENT ON COLUMN "MESSAGE"."MSG_NO" IS '메시지번호';
   COMMENT ON COLUMN "MESSAGE"."MSG_TARGET_ID" IS '수신자';
   COMMENT ON COLUMN "MESSAGE"."MSG_SENDER" IS '발신자';
   COMMENT ON COLUMN "MESSAGE"."MSG_CONTENT" IS '메시지내용';
   COMMENT ON COLUMN "MESSAGE"."MSG_SENDDATE" IS '발송일자';
   COMMENT ON COLUMN "MESSAGE"."MSG_OPENDATE" IS '열람일자';
   COMMENT ON TABLE "MESSAGE"  IS '메시지';
--------------------------------------------------------
--  DDL for Table NEWS
--------------------------------------------------------

  CREATE TABLE "NEWS" 
   (	"NEWS_NO" NUMBER, 
	"NEWS_TITLE" VARCHAR2(1000 BYTE), 
	"NEWS_CONT" CLOB, 
	"NEWS_DATE" DATE, 
	"NEWS_PIC" VARCHAR2(1000 BYTE)
   ) SEGMENT CREATION IMMEDIATE 
  PCTFREE 10 PCTUSED 40 INITRANS 1 MAXTRANS 255 NOCOMPRESS LOGGING
  STORAGE(INITIAL 65536 NEXT 1048576 MINEXTENTS 1 MAXEXTENTS 2147483645
  PCTINCREASE 0 FREELISTS 1 FREELIST GROUPS 1 BUFFER_POOL DEFAULT FLASH_CACHE DEFAULT CELL_FLASH_CACHE DEFAULT)
  TABLESPACE "TS_202011M" 
 LOB ("NEWS_CONT") STORE AS BASICFILE (
  TABLESPACE "TS_202011M" ENABLE STORAGE IN ROW CHUNK 8192 RETENTION 
  NOCACHE LOGGING 
  STORAGE(INITIAL 65536 NEXT 1048576 MINEXTENTS 1 MAXEXTENTS 2147483645
  PCTINCREASE 0 FREELISTS 1 FREELIST GROUPS 1 BUFFER_POOL DEFAULT FLASH_CACHE DEFAULT CELL_FLASH_CACHE DEFAULT)) ;
--------------------------------------------------------
--  DDL for Table NOTICE
--------------------------------------------------------

  CREATE TABLE "NOTICE" 
   (	"NOTICE_NO" NUMBER, 
	"USER_ID" VARCHAR2(200 BYTE), 
	"NOTICE_CONT" VARCHAR2(2000 BYTE), 
	"NOTICE_DATE" DATE, 
	"NOTICE_PIC" VARCHAR2(1000 BYTE)
   ) SEGMENT CREATION IMMEDIATE 
  PCTFREE 10 PCTUSED 40 INITRANS 1 MAXTRANS 255 NOCOMPRESS LOGGING
  STORAGE(INITIAL 65536 NEXT 1048576 MINEXTENTS 1 MAXEXTENTS 2147483645
  PCTINCREASE 0 FREELISTS 1 FREELIST GROUPS 1 BUFFER_POOL DEFAULT FLASH_CACHE DEFAULT CELL_FLASH_CACHE DEFAULT)
  TABLESPACE "TS_202011M" ;

   COMMENT ON COLUMN "NOTICE"."NOTICE_NO" IS '공지사항번호';
   COMMENT ON COLUMN "NOTICE"."USER_ID" IS '이메일아이디';
   COMMENT ON COLUMN "NOTICE"."NOTICE_CONT" IS '공지사항내용';
   COMMENT ON COLUMN "NOTICE"."NOTICE_DATE" IS '공지사항작성일';
   COMMENT ON TABLE "NOTICE"  IS '공지사항';
--------------------------------------------------------
--  DDL for Table NOTICE_COMMENT
--------------------------------------------------------

  CREATE TABLE "NOTICE_COMMENT" 
   (	"NOTICE_COM_NO" NUMBER, 
	"NOTICE_NO" NUMBER, 
	"USER_ID" VARCHAR2(200 BYTE), 
	"NOTICE_COM_CONT" VARCHAR2(1000 BYTE), 
	"NOTICE_COM_DATE" DATE
   ) SEGMENT CREATION IMMEDIATE 
  PCTFREE 10 PCTUSED 40 INITRANS 1 MAXTRANS 255 NOCOMPRESS LOGGING
  STORAGE(INITIAL 65536 NEXT 1048576 MINEXTENTS 1 MAXEXTENTS 2147483645
  PCTINCREASE 0 FREELISTS 1 FREELIST GROUPS 1 BUFFER_POOL DEFAULT FLASH_CACHE DEFAULT CELL_FLASH_CACHE DEFAULT)
  TABLESPACE "TS_202011M" ;

   COMMENT ON COLUMN "NOTICE_COMMENT"."NOTICE_COM_NO" IS '공지사항댓글번호';
   COMMENT ON COLUMN "NOTICE_COMMENT"."NOTICE_NO" IS '공지사항번호';
   COMMENT ON COLUMN "NOTICE_COMMENT"."USER_ID" IS '이메일아이디';
   COMMENT ON COLUMN "NOTICE_COMMENT"."NOTICE_COM_CONT" IS '공지사항댓글내용';
   COMMENT ON COLUMN "NOTICE_COMMENT"."NOTICE_COM_DATE" IS '공지사항댓글시간';
   COMMENT ON TABLE "NOTICE_COMMENT"  IS '공지사항댓글';
--------------------------------------------------------
--  DDL for Table TERMS
--------------------------------------------------------

  CREATE TABLE "TERMS" 
   (	"TERMS_NO" NUMBER, 
	"TERMS_TITLE" VARCHAR2(100 BYTE) DEFAULT 'DEFAULT', 
	"TERMS_CONT" CLOB DEFAULT 'DEFAULT', 
	"TERMS_ESSEN" NUMBER DEFAULT 0, 
	"TERMS_SEQ" NUMBER DEFAULT 0, 
	"TERMS_USE" NUMBER DEFAULT 0
   ) SEGMENT CREATION IMMEDIATE 
  PCTFREE 10 PCTUSED 40 INITRANS 1 MAXTRANS 255 NOCOMPRESS LOGGING
  STORAGE(INITIAL 65536 NEXT 1048576 MINEXTENTS 1 MAXEXTENTS 2147483645
  PCTINCREASE 0 FREELISTS 1 FREELIST GROUPS 1 BUFFER_POOL DEFAULT FLASH_CACHE DEFAULT CELL_FLASH_CACHE DEFAULT)
  TABLESPACE "TS_202011M" 
 LOB ("TERMS_CONT") STORE AS BASICFILE (
  TABLESPACE "TS_202011M" ENABLE STORAGE IN ROW CHUNK 8192 RETENTION 
  NOCACHE LOGGING 
  STORAGE(INITIAL 65536 NEXT 1048576 MINEXTENTS 1 MAXEXTENTS 2147483645
  PCTINCREASE 0 FREELISTS 1 FREELIST GROUPS 1 BUFFER_POOL DEFAULT FLASH_CACHE DEFAULT CELL_FLASH_CACHE DEFAULT)) ;

   COMMENT ON COLUMN "TERMS"."TERMS_NO" IS '약관번호';
   COMMENT ON COLUMN "TERMS"."TERMS_TITLE" IS '약관이름';
   COMMENT ON COLUMN "TERMS"."TERMS_CONT" IS '약관내용';
   COMMENT ON COLUMN "TERMS"."TERMS_ESSEN" IS '필수여부';
   COMMENT ON COLUMN "TERMS"."TERMS_SEQ" IS '약관순서';
   COMMENT ON COLUMN "TERMS"."TERMS_USE" IS '약관사용여부';
   COMMENT ON TABLE "TERMS"  IS '회원약관';
--------------------------------------------------------
--  DDL for Table TERMS_HIS
--------------------------------------------------------

  CREATE TABLE "TERMS_HIS" 
   (	"TERMS_NO" NUMBER, 
	"USER_ID" VARCHAR2(200 BYTE), 
	"TERMS_AGREE" NUMBER
   ) SEGMENT CREATION IMMEDIATE 
  PCTFREE 10 PCTUSED 40 INITRANS 1 MAXTRANS 255 NOCOMPRESS LOGGING
  STORAGE(INITIAL 65536 NEXT 1048576 MINEXTENTS 1 MAXEXTENTS 2147483645
  PCTINCREASE 0 FREELISTS 1 FREELIST GROUPS 1 BUFFER_POOL DEFAULT FLASH_CACHE DEFAULT CELL_FLASH_CACHE DEFAULT)
  TABLESPACE "TS_202011M" ;

   COMMENT ON COLUMN "TERMS_HIS"."TERMS_NO" IS '약관번호';
   COMMENT ON COLUMN "TERMS_HIS"."USER_ID" IS '이메일아이디';
   COMMENT ON COLUMN "TERMS_HIS"."TERMS_AGREE" IS '동의여부';
   COMMENT ON TABLE "TERMS_HIS"  IS '약관동의이력';
--------------------------------------------------------
--  DDL for Table USERS
--------------------------------------------------------

  CREATE TABLE "USERS" 
   (	"USER_ID" VARCHAR2(200 BYTE), 
	"CLASS_ID" VARCHAR2(200 BYTE) DEFAULT 'C000', 
	"USER_NICKNAME" VARCHAR2(100 BYTE), 
	"USER_PASSWORD" VARCHAR2(100 BYTE), 
	"USER_NAME" VARCHAR2(100 BYTE), 
	"USER_TEL" VARCHAR2(100 BYTE), 
	"USER_BIRTH" VARCHAR2(100 BYTE), 
	"USER_RATING" NUMBER DEFAULT 0, 
	"USER_THEME" NUMBER DEFAULT 0, 
	"USER_SIGN_DATE" DATE, 
	"USER_BIO" VARCHAR2(1000 BYTE) DEFAULT '자기소개가 없습니다.', 
	"USER_PIC" VARCHAR2(1000 BYTE)
   ) SEGMENT CREATION IMMEDIATE 
  PCTFREE 10 PCTUSED 40 INITRANS 1 MAXTRANS 255 NOCOMPRESS LOGGING
  STORAGE(INITIAL 65536 NEXT 1048576 MINEXTENTS 1 MAXEXTENTS 2147483645
  PCTINCREASE 0 FREELISTS 1 FREELIST GROUPS 1 BUFFER_POOL DEFAULT FLASH_CACHE DEFAULT CELL_FLASH_CACHE DEFAULT)
  TABLESPACE "TS_202011M" ;

   COMMENT ON COLUMN "USERS"."USER_ID" IS '이메일아이디';
   COMMENT ON COLUMN "USERS"."CLASS_ID" IS '학급번호';
   COMMENT ON COLUMN "USERS"."USER_NICKNAME" IS '닉네임';
   COMMENT ON COLUMN "USERS"."USER_PASSWORD" IS '비밀번호';
   COMMENT ON COLUMN "USERS"."USER_NAME" IS '이름';
   COMMENT ON COLUMN "USERS"."USER_TEL" IS '전화번호';
   COMMENT ON COLUMN "USERS"."USER_BIRTH" IS '생일';
   COMMENT ON COLUMN "USERS"."USER_RATING" IS '등급';
   COMMENT ON COLUMN "USERS"."USER_THEME" IS '테마';
   COMMENT ON COLUMN "USERS"."USER_SIGN_DATE" IS '가입일자';
   COMMENT ON COLUMN "USERS"."USER_BIO" IS '회원자기소개';
   COMMENT ON TABLE "USERS"  IS '회원';
REM INSERTING into ALARM
SET DEFINE OFF;
Insert into ALARM (ALARM_NO,USER_ID,ALARM_CONT,ALARM_TYPE,ALARM_DATE,ALARM_CHK,ALARM_CHK_DATE) values (1,'psh40963@naver.com','써머',11,to_date('2021/02/25','RRRR/MM/DD'),1,to_date('2021/02/25','RRRR/MM/DD'));
Insert into ALARM (ALARM_NO,USER_ID,ALARM_CONT,ALARM_TYPE,ALARM_DATE,ALARM_CHK,ALARM_CHK_DATE) values (2,'psh40963@naver.com','테스터스칼릿',12,to_date('2021/02/25','RRRR/MM/DD'),0,null);
Insert into ALARM (ALARM_NO,USER_ID,ALARM_CONT,ALARM_TYPE,ALARM_DATE,ALARM_CHK,ALARM_CHK_DATE) values (3,'psh40963@naver.com','조씨',21,to_date('2021/02/25','RRRR/MM/DD'),0,null);
Insert into ALARM (ALARM_NO,USER_ID,ALARM_CONT,ALARM_TYPE,ALARM_DATE,ALARM_CHK,ALARM_CHK_DATE) values (142,'psh40963@naver.com','조씨',11,to_date('2021/03/03','RRRR/MM/DD'),0,null);
Insert into ALARM (ALARM_NO,USER_ID,ALARM_CONT,ALARM_TYPE,ALARM_DATE,ALARM_CHK,ALARM_CHK_DATE) values (21,'psh40963@naver.com','6기 - 302호',31,to_date('2021/02/25','RRRR/MM/DD'),0,null);
Insert into ALARM (ALARM_NO,USER_ID,ALARM_CONT,ALARM_TYPE,ALARM_DATE,ALARM_CHK,ALARM_CHK_DATE) values (242,'bomik0614@gmail.com','조씨',12,to_date('2021/03/05','RRRR/MM/DD'),0,null);
Insert into ALARM (ALARM_NO,USER_ID,ALARM_CONT,ALARM_TYPE,ALARM_DATE,ALARM_CHK,ALARM_CHK_DATE) values (102,'psh40963@naver.com','썸머',12,to_date('2021/03/03','RRRR/MM/DD'),0,null);
Insert into ALARM (ALARM_NO,USER_ID,ALARM_CONT,ALARM_TYPE,ALARM_DATE,ALARM_CHK,ALARM_CHK_DATE) values (121,'psh40963@naver.com','조씨',12,to_date('2021/03/03','RRRR/MM/DD'),0,null);
Insert into ALARM (ALARM_NO,USER_ID,ALARM_CONT,ALARM_TYPE,ALARM_DATE,ALARM_CHK,ALARM_CHK_DATE) values (301,'expedition1205@gmail.com','테스터쉐인',11,to_date('2021/03/06','RRRR/MM/DD'),0,null);
Insert into ALARM (ALARM_NO,USER_ID,ALARM_CONT,ALARM_TYPE,ALARM_DATE,ALARM_CHK,ALARM_CHK_DATE) values (22,'psh40963@naver.com','조씨',22,to_date('2021/02/25','RRRR/MM/DD'),0,to_date('2021/02/25','RRRR/MM/DD'));
Insert into ALARM (ALARM_NO,USER_ID,ALARM_CONT,ALARM_TYPE,ALARM_DATE,ALARM_CHK,ALARM_CHK_DATE) values (5,'chdnjs7610@gmail.com','테스터스칼릿',12,to_date('2021/02/25','RRRR/MM/DD'),0,null);
Insert into ALARM (ALARM_NO,USER_ID,ALARM_CONT,ALARM_TYPE,ALARM_DATE,ALARM_CHK,ALARM_CHK_DATE) values (6,'chdnjs7610@gmail.com','조씨',21,to_date('2021/02/25','RRRR/MM/DD'),0,null);
Insert into ALARM (ALARM_NO,USER_ID,ALARM_CONT,ALARM_TYPE,ALARM_DATE,ALARM_CHK,ALARM_CHK_DATE) values (7,'chdnjs7610@gmail.com','6기 - 302호',31,to_date('2021/02/25','RRRR/MM/DD'),0,null);
Insert into ALARM (ALARM_NO,USER_ID,ALARM_CONT,ALARM_TYPE,ALARM_DATE,ALARM_CHK,ALARM_CHK_DATE) values (8,'chdnjs7610@gmail.com','조씨',22,to_date('2021/02/25','RRRR/MM/DD'),0,to_date('2021/02/25','RRRR/MM/DD'));
Insert into ALARM (ALARM_NO,USER_ID,ALARM_CONT,ALARM_TYPE,ALARM_DATE,ALARM_CHK,ALARM_CHK_DATE) values (9,'expedition1205@gmail.com','써머',11,to_date('2021/02/25','RRRR/MM/DD'),1,to_date('2021/02/25','RRRR/MM/DD'));
Insert into ALARM (ALARM_NO,USER_ID,ALARM_CONT,ALARM_TYPE,ALARM_DATE,ALARM_CHK,ALARM_CHK_DATE) values (10,'expedition1205@gmail.com','테스터스칼릿',12,to_date('2021/02/25','RRRR/MM/DD'),0,null);
Insert into ALARM (ALARM_NO,USER_ID,ALARM_CONT,ALARM_TYPE,ALARM_DATE,ALARM_CHK,ALARM_CHK_DATE) values (11,'expedition1205@gmail.com','조씨',21,to_date('2021/02/25','RRRR/MM/DD'),0,null);
Insert into ALARM (ALARM_NO,USER_ID,ALARM_CONT,ALARM_TYPE,ALARM_DATE,ALARM_CHK,ALARM_CHK_DATE) values (12,'expedition1205@gmail.com','6기 - 302호',31,to_date('2021/02/25','RRRR/MM/DD'),0,null);
Insert into ALARM (ALARM_NO,USER_ID,ALARM_CONT,ALARM_TYPE,ALARM_DATE,ALARM_CHK,ALARM_CHK_DATE) values (13,'expedition1205@gmail.com','조씨',22,to_date('2021/02/25','RRRR/MM/DD'),0,to_date('2021/02/25','RRRR/MM/DD'));
Insert into ALARM (ALARM_NO,USER_ID,ALARM_CONT,ALARM_TYPE,ALARM_DATE,ALARM_CHK,ALARM_CHK_DATE) values (15,'bomik0614@gmail.com','테스터스칼릿',12,to_date('2021/02/25','RRRR/MM/DD'),0,null);
Insert into ALARM (ALARM_NO,USER_ID,ALARM_CONT,ALARM_TYPE,ALARM_DATE,ALARM_CHK,ALARM_CHK_DATE) values (16,'bomik0614@gmail.com','조씨',21,to_date('2021/02/25','RRRR/MM/DD'),0,null);
Insert into ALARM (ALARM_NO,USER_ID,ALARM_CONT,ALARM_TYPE,ALARM_DATE,ALARM_CHK,ALARM_CHK_DATE) values (17,'bomik0614@gmail.com','6기 - 302호',31,to_date('2021/02/25','RRRR/MM/DD'),0,null);
Insert into ALARM (ALARM_NO,USER_ID,ALARM_CONT,ALARM_TYPE,ALARM_DATE,ALARM_CHK,ALARM_CHK_DATE) values (18,'bomik0614@gmail.com','조씨',22,to_date('2021/02/25','RRRR/MM/DD'),0,to_date('2021/02/25','RRRR/MM/DD'));
Insert into ALARM (ALARM_NO,USER_ID,ALARM_CONT,ALARM_TYPE,ALARM_DATE,ALARM_CHK,ALARM_CHK_DATE) values (241,'expedition1205@gmail.com','썸머',12,to_date('2021/03/05','RRRR/MM/DD'),0,null);
Insert into ALARM (ALARM_NO,USER_ID,ALARM_CONT,ALARM_TYPE,ALARM_DATE,ALARM_CHK,ALARM_CHK_DATE) values (286,'chdnjs7610@gmail.com','테스터쉐인',11,to_date('2021/03/06','RRRR/MM/DD'),0,null);
Insert into ALARM (ALARM_NO,USER_ID,ALARM_CONT,ALARM_TYPE,ALARM_DATE,ALARM_CHK,ALARM_CHK_DATE) values (181,'bomik0614@gmail.com','테스터스칼릿',11,to_date('2021/03/04','RRRR/MM/DD'),0,null);
Insert into ALARM (ALARM_NO,USER_ID,ALARM_CONT,ALARM_TYPE,ALARM_DATE,ALARM_CHK,ALARM_CHK_DATE) values (287,'bomik0614@gmail.com','테스터쉐인',11,to_date('2021/03/06','RRRR/MM/DD'),0,null);
Insert into ALARM (ALARM_NO,USER_ID,ALARM_CONT,ALARM_TYPE,ALARM_DATE,ALARM_CHK,ALARM_CHK_DATE) values (67,'expedition1205@gmail.com','테스터쉐인',12,to_date('2021/02/27','RRRR/MM/DD'),0,null);
Insert into ALARM (ALARM_NO,USER_ID,ALARM_CONT,ALARM_TYPE,ALARM_DATE,ALARM_CHK,ALARM_CHK_DATE) values (65,'psh40963@naver.com','스칼렛',12,to_date('2021/02/27','RRRR/MM/DD'),0,null);
REM INSERTING into BLAME
SET DEFINE OFF;
REM INSERTING into CLASS
SET DEFINE OFF;
Insert into CLASS (CLASS_ID,CLASS_START,CLASS_END,CLASS_TITLE,CLASS_NUM,CLASS_ROOM) values ('C202011302',to_date('2020/11/16','RRRR/MM/DD'),to_date('2021/06/29','RRRR/MM/DD'),'풀-스택 개발자 양성과정','6기','302호');
Insert into CLASS (CLASS_ID,CLASS_START,CLASS_END,CLASS_TITLE,CLASS_NUM,CLASS_ROOM) values ('C000',to_date('2020/11/11','RRRR/MM/DD'),to_date('2021/12/12','RRRR/MM/DD'),'소속학급없음','　','　');
Insert into CLASS (CLASS_ID,CLASS_START,CLASS_END,CLASS_TITLE,CLASS_NUM,CLASS_ROOM) values ('C202006203',to_date('2020/06/23','RRRR/MM/DD'),to_date('2021/02/15','RRRR/MM/DD'),'풀-스택 개발자 양성과정','2기','203호');
Insert into CLASS (CLASS_ID,CLASS_START,CLASS_END,CLASS_TITLE,CLASS_NUM,CLASS_ROOM) values ('C202007205',to_date('2020/07/20','RRRR/MM/DD'),to_date('2021/03/15','RRRR/MM/DD'),'풀-스택 개발자 양성과정','3기','405호');
Insert into CLASS (CLASS_ID,CLASS_START,CLASS_END,CLASS_TITLE,CLASS_NUM,CLASS_ROOM) values ('C202008402',to_date('2020/08/31','RRRR/MM/DD'),to_date('2021/04/15','RRRR/MM/DD'),'풀-스택 개발자 양성과정','4기','402호');
Insert into CLASS (CLASS_ID,CLASS_START,CLASS_END,CLASS_TITLE,CLASS_NUM,CLASS_ROOM) values ('C202010301',to_date('2020/10/05','RRRR/MM/DD'),to_date('2021/05/18','RRRR/MM/DD'),'풀-스택 개발자 양성과정','5기','301호');
Insert into CLASS (CLASS_ID,CLASS_START,CLASS_END,CLASS_TITLE,CLASS_NUM,CLASS_ROOM) values ('C202012401',to_date('2020/12/16','RRRR/MM/DD'),to_date('2021/08/04','RRRR/MM/DD'),'AI 소프트웨어 엔지니어링 과정','1기','406호');
Insert into CLASS (CLASS_ID,CLASS_START,CLASS_END,CLASS_TITLE,CLASS_NUM,CLASS_ROOM) values ('C202101403',to_date('2021/01/11','RRRR/MM/DD'),to_date('2021/08/24','RRRR/MM/DD'),'풀-스택 개발자 양성과정','7기','403호');
Insert into CLASS (CLASS_ID,CLASS_START,CLASS_END,CLASS_TITLE,CLASS_NUM,CLASS_ROOM) values ('C202102404',to_date('2021/02/17','RRRR/MM/DD'),to_date('2021/10/01','RRRR/MM/DD'),'풀-스택 개발자 양성과정','8기','404호');
Insert into CLASS (CLASS_ID,CLASS_START,CLASS_END,CLASS_TITLE,CLASS_NUM,CLASS_ROOM) values ('C202103402',to_date('2021/03/10','RRRR/MM/DD'),to_date('2021/10/21','RRRR/MM/DD'),'풀-스택 개발자 양성과정','9기','402호');
REM INSERTING into CLASS_MSG
SET DEFINE OFF;
Insert into CLASS_MSG (CMSG_NO,CLASS_ID,MSG_SENDER,MSG_CONT,MSG_SENDDATE) values (25,'C202011302','psh40963@naver.com','이번엔 service에서 보내보는 테스트 입니다.',to_date('2021/02/27','RRRR/MM/DD'));
Insert into CLASS_MSG (CMSG_NO,CLASS_ID,MSG_SENDER,MSG_CONT,MSG_SENDDATE) values (26,'C202011302','psh40963@naver.com','이번에는 mesageTest.html에서 전송해보기!!',to_date('2021/02/27','RRRR/MM/DD'));
Insert into CLASS_MSG (CMSG_NO,CLASS_ID,MSG_SENDER,MSG_CONT,MSG_SENDDATE) values (27,'C202011302','psh40963@naver.com','단체 메시지 기능 구현 끝~',to_date('2021/02/27','RRRR/MM/DD'));
Insert into CLASS_MSG (CMSG_NO,CLASS_ID,MSG_SENDER,MSG_CONT,MSG_SENDDATE) values (1,'C202011302','psh40963@naver.com','메시지내용(클래스단체메시지테스트)입니다.',to_date('2021/02/26','RRRR/MM/DD'));
Insert into CLASS_MSG (CMSG_NO,CLASS_ID,MSG_SENDER,MSG_CONT,MSG_SENDDATE) values (23,'C202011302','psh40963@naver.com','학급에 메시지 보내는 쿼리테스트.',to_date('2021/02/27','RRRR/MM/DD'));
Insert into CLASS_MSG (CMSG_NO,CLASS_ID,MSG_SENDER,MSG_CONT,MSG_SENDDATE) values (62,'C202011302','expedition1205@gmail.com','빨리 만들어주세요 스칼렛',to_date('2021/03/05','RRRR/MM/DD'));
Insert into CLASS_MSG (CMSG_NO,CLASS_ID,MSG_SENDER,MSG_CONT,MSG_SENDDATE) values (41,'C202011302','expedition1205@gmail.com','조씨 입니다 . 단체메시지 테스트중입니다. :)',to_date('2021/02/27','RRRR/MM/DD'));
Insert into CLASS_MSG (CMSG_NO,CLASS_ID,MSG_SENDER,MSG_CONT,MSG_SENDDATE) values (2,'C202011302','psh40963@naver.com','테스트 2번. 리스트인지 확인',to_date('2021/02/26','RRRR/MM/DD'));
Insert into CLASS_MSG (CMSG_NO,CLASS_ID,MSG_SENDER,MSG_CONT,MSG_SENDDATE) values (24,'C202011302','psh40963@naver.com','이번엔 다오에서 보내보는 테스트 입니다.',to_date('2021/02/27','RRRR/MM/DD'));
Insert into CLASS_MSG (CMSG_NO,CLASS_ID,MSG_SENDER,MSG_CONT,MSG_SENDDATE) values (61,'C202011302','bomik0614@gmail.com','썸머입니다 ㅎ',to_date('2021/03/05','RRRR/MM/DD'));
REM INSERTING into EMAIL_CHECK
SET DEFINE OFF;
Insert into EMAIL_CHECK (EMAIL_CHK_NO,EMAIL_CHK_DATE,EMAIL_CHK_CONT,EMAIL_CHK_ADDR) values (361,to_date('2021/03/04','RRRR/MM/DD'),'UEBIMWIJFZ','chdnjs7610@nate.com');
Insert into EMAIL_CHECK (EMAIL_CHK_NO,EMAIL_CHK_DATE,EMAIL_CHK_CONT,EMAIL_CHK_ADDR) values (366,to_date('2021/03/04','RRRR/MM/DD'),'SIWYMIKGWL','vhvhglgl@naver.com');
Insert into EMAIL_CHECK (EMAIL_CHK_NO,EMAIL_CHK_DATE,EMAIL_CHK_CONT,EMAIL_CHK_ADDR) values (367,to_date('2021/03/04','RRRR/MM/DD'),'NCUAGUAHQL','vhvhglgl@naver.com');
Insert into EMAIL_CHECK (EMAIL_CHK_NO,EMAIL_CHK_DATE,EMAIL_CHK_CONT,EMAIL_CHK_ADDR) values (347,to_date('2021/03/04','RRRR/MM/DD'),'ARBAOUJOAC','vhvhglgl@naver.com');
Insert into EMAIL_CHECK (EMAIL_CHK_NO,EMAIL_CHK_DATE,EMAIL_CHK_CONT,EMAIL_CHK_ADDR) values (354,to_date('2021/03/04','RRRR/MM/DD'),'XNFEPXJZFS','vhvhglgl@naver.com');
Insert into EMAIL_CHECK (EMAIL_CHK_NO,EMAIL_CHK_DATE,EMAIL_CHK_CONT,EMAIL_CHK_ADDR) values (369,to_date('2021/03/04','RRRR/MM/DD'),'DMXTWEOOIB','vhvhglgl@naver.com');
Insert into EMAIL_CHECK (EMAIL_CHK_NO,EMAIL_CHK_DATE,EMAIL_CHK_CONT,EMAIL_CHK_ADDR) values (388,to_date('2021/03/04','RRRR/MM/DD'),'SWHCFOPXIK','vhvhglgl@naver.com');
Insert into EMAIL_CHECK (EMAIL_CHK_NO,EMAIL_CHK_DATE,EMAIL_CHK_CONT,EMAIL_CHK_ADDR) values (389,to_date('2021/03/04','RRRR/MM/DD'),'HUGPBXYNQU','vhvhglgl@naver.com');
Insert into EMAIL_CHECK (EMAIL_CHK_NO,EMAIL_CHK_DATE,EMAIL_CHK_CONT,EMAIL_CHK_ADDR) values (392,to_date('2021/03/04','RRRR/MM/DD'),'LZTGQCANBT','vhvhglgl@naver.com');
Insert into EMAIL_CHECK (EMAIL_CHK_NO,EMAIL_CHK_DATE,EMAIL_CHK_CONT,EMAIL_CHK_ADDR) values (393,to_date('2021/03/04','RRRR/MM/DD'),'ACWZLAIRTD','vhvhglgl@naver.com');
Insert into EMAIL_CHECK (EMAIL_CHK_NO,EMAIL_CHK_DATE,EMAIL_CHK_CONT,EMAIL_CHK_ADDR) values (394,to_date('2021/03/04','RRRR/MM/DD'),'JHNFADTNMN','vhvhglgl@naver.com');
Insert into EMAIL_CHECK (EMAIL_CHK_NO,EMAIL_CHK_DATE,EMAIL_CHK_CONT,EMAIL_CHK_ADDR) values (395,to_date('2021/03/04','RRRR/MM/DD'),'SFQSPZCQMQ','vhvhglgl@naver.com');
Insert into EMAIL_CHECK (EMAIL_CHK_NO,EMAIL_CHK_DATE,EMAIL_CHK_CONT,EMAIL_CHK_ADDR) values (396,to_date('2021/03/04','RRRR/MM/DD'),'ASYCIAEEAP','vhvhglgl@naver.com');
Insert into EMAIL_CHECK (EMAIL_CHK_NO,EMAIL_CHK_DATE,EMAIL_CHK_CONT,EMAIL_CHK_ADDR) values (444,to_date('2021/03/05','RRRR/MM/DD'),'DOWURTJKKH','vhvhglgl@naver.com');
Insert into EMAIL_CHECK (EMAIL_CHK_NO,EMAIL_CHK_DATE,EMAIL_CHK_CONT,EMAIL_CHK_ADDR) values (501,to_date('2021/03/06','RRRR/MM/DD'),'XJVIYRXISZ','vhvhglgl@naver.com');
Insert into EMAIL_CHECK (EMAIL_CHK_NO,EMAIL_CHK_DATE,EMAIL_CHK_CONT,EMAIL_CHK_ADDR) values (1,to_date('2021/02/25','RRRR/MM/DD'),'seq test 입니다.','expedition1205@gmail.com');
Insert into EMAIL_CHECK (EMAIL_CHK_NO,EMAIL_CHK_DATE,EMAIL_CHK_CONT,EMAIL_CHK_ADDR) values (2,to_date('2021/02/25','RRRR/MM/DD'),'seq test 입니다2.','psh40963@naver.com');
Insert into EMAIL_CHECK (EMAIL_CHK_NO,EMAIL_CHK_DATE,EMAIL_CHK_CONT,EMAIL_CHK_ADDR) values (522,to_date('2021/03/06','RRRR/MM/DD'),'EWGWLLCIVW','kkobuk@hotmail.co.kr');
Insert into EMAIL_CHECK (EMAIL_CHK_NO,EMAIL_CHK_DATE,EMAIL_CHK_CONT,EMAIL_CHK_ADDR) values (362,to_date('2021/03/04','RRRR/MM/DD'),'OOZBVOIDST','chdnjs7610@nate.com');
Insert into EMAIL_CHECK (EMAIL_CHK_NO,EMAIL_CHK_DATE,EMAIL_CHK_CONT,EMAIL_CHK_ADDR) values (445,to_date('2021/03/05','RRRR/MM/DD'),'LMWBCYDWDK','dnjs0318@naver.com');
Insert into EMAIL_CHECK (EMAIL_CHK_NO,EMAIL_CHK_DATE,EMAIL_CHK_CONT,EMAIL_CHK_ADDR) values (349,to_date('2021/03/04','RRRR/MM/DD'),'WIILPYEOOC','vhvhglgl@naver.com');
Insert into EMAIL_CHECK (EMAIL_CHK_NO,EMAIL_CHK_DATE,EMAIL_CHK_CONT,EMAIL_CHK_ADDR) values (351,to_date('2021/03/04','RRRR/MM/DD'),'YQJRMIGLDX','vhvhglgl@naver.com');
Insert into EMAIL_CHECK (EMAIL_CHK_NO,EMAIL_CHK_DATE,EMAIL_CHK_CONT,EMAIL_CHK_ADDR) values (355,to_date('2021/03/04','RRRR/MM/DD'),'YHPQYGBAHO','postyco@daum.net');
Insert into EMAIL_CHECK (EMAIL_CHK_NO,EMAIL_CHK_DATE,EMAIL_CHK_CONT,EMAIL_CHK_ADDR) values (356,to_date('2021/03/04','RRRR/MM/DD'),'TWQYGGGDOV','chdnjs7610@naver.com');
Insert into EMAIL_CHECK (EMAIL_CHK_NO,EMAIL_CHK_DATE,EMAIL_CHK_CONT,EMAIL_CHK_ADDR) values (359,to_date('2021/03/04','RRRR/MM/DD'),'YDOZLESIHU','chdnjs7610@nate.com');
Insert into EMAIL_CHECK (EMAIL_CHK_NO,EMAIL_CHK_DATE,EMAIL_CHK_CONT,EMAIL_CHK_ADDR) values (398,to_date('2021/03/04','RRRR/MM/DD'),'GVZFFFFPEK','vhvhglgl@naver.com');
Insert into EMAIL_CHECK (EMAIL_CHK_NO,EMAIL_CHK_DATE,EMAIL_CHK_CONT,EMAIL_CHK_ADDR) values (399,to_date('2021/03/04','RRRR/MM/DD'),'UOVPTSJDLC','vhvhglgl@naver.com');
Insert into EMAIL_CHECK (EMAIL_CHK_NO,EMAIL_CHK_DATE,EMAIL_CHK_CONT,EMAIL_CHK_ADDR) values (400,to_date('2021/03/04','RRRR/MM/DD'),'KKNBVRTJLU','vhvhglgl@naver.com');
Insert into EMAIL_CHECK (EMAIL_CHK_NO,EMAIL_CHK_DATE,EMAIL_CHK_CONT,EMAIL_CHK_ADDR) values (401,to_date('2021/03/04','RRRR/MM/DD'),'WPGNUERQPH','vhvhglgl@naver.com');
Insert into EMAIL_CHECK (EMAIL_CHK_NO,EMAIL_CHK_DATE,EMAIL_CHK_CONT,EMAIL_CHK_ADDR) values (402,to_date('2021/03/04','RRRR/MM/DD'),'RIJJSAITTE','vhvhglgl@naver.com');
Insert into EMAIL_CHECK (EMAIL_CHK_NO,EMAIL_CHK_DATE,EMAIL_CHK_CONT,EMAIL_CHK_ADDR) values (343,to_date('2021/03/04','RRRR/MM/DD'),'WLAZLUGUCF','vhvhglgl@naver.com');
Insert into EMAIL_CHECK (EMAIL_CHK_NO,EMAIL_CHK_DATE,EMAIL_CHK_CONT,EMAIL_CHK_ADDR) values (345,to_date('2021/03/04','RRRR/MM/DD'),'EPZIKLYJTW','vhvhglgl@naver.com');
Insert into EMAIL_CHECK (EMAIL_CHK_NO,EMAIL_CHK_DATE,EMAIL_CHK_CONT,EMAIL_CHK_ADDR) values (403,to_date('2021/03/04','RRRR/MM/DD'),'XYKKZZTMXI','vhvhglgl@naver.com');
Insert into EMAIL_CHECK (EMAIL_CHK_NO,EMAIL_CHK_DATE,EMAIL_CHK_CONT,EMAIL_CHK_ADDR) values (404,to_date('2021/03/04','RRRR/MM/DD'),'GGITPQYQJE','vhvhglgl@naver.com');
Insert into EMAIL_CHECK (EMAIL_CHK_NO,EMAIL_CHK_DATE,EMAIL_CHK_CONT,EMAIL_CHK_ADDR) values (405,to_date('2021/03/04','RRRR/MM/DD'),'NHLDAVXTLD','vhvhglgl@naver.com');
Insert into EMAIL_CHECK (EMAIL_CHK_NO,EMAIL_CHK_DATE,EMAIL_CHK_CONT,EMAIL_CHK_ADDR) values (421,to_date('2021/03/04','RRRR/MM/DD'),'ZURJHABCHB','a@a.net');
Insert into EMAIL_CHECK (EMAIL_CHK_NO,EMAIL_CHK_DATE,EMAIL_CHK_CONT,EMAIL_CHK_ADDR) values (424,to_date('2021/03/04','RRRR/MM/DD'),'TPCRDMMLUQ','kkobuk@hotmail.co.kr');
Insert into EMAIL_CHECK (EMAIL_CHK_NO,EMAIL_CHK_DATE,EMAIL_CHK_CONT,EMAIL_CHK_ADDR) values (441,to_date('2021/03/05','RRRR/MM/DD'),'WRWMBVUYGP','vhvhglgl@naver.com');
Insert into EMAIL_CHECK (EMAIL_CHK_NO,EMAIL_CHK_DATE,EMAIL_CHK_CONT,EMAIL_CHK_ADDR) values (442,to_date('2021/03/05','RRRR/MM/DD'),'IRRPZBGUQN','vhvhglgl@naver.com');
Insert into EMAIL_CHECK (EMAIL_CHK_NO,EMAIL_CHK_DATE,EMAIL_CHK_CONT,EMAIL_CHK_ADDR) values (446,to_date('2021/03/05','RRRR/MM/DD'),'KPKQOQOBTP','chdnjs7610@naver.com');
Insert into EMAIL_CHECK (EMAIL_CHK_NO,EMAIL_CHK_DATE,EMAIL_CHK_CONT,EMAIL_CHK_ADDR) values (521,to_date('2021/03/06','RRRR/MM/DD'),'DGMDLBGRSW','vhvhglgl@naver.com');
Insert into EMAIL_CHECK (EMAIL_CHK_NO,EMAIL_CHK_DATE,EMAIL_CHK_CONT,EMAIL_CHK_ADDR) values (352,to_date('2021/03/04','RRRR/MM/DD'),'ICSAVPTVSW','vhvhglgl@naver.com');
Insert into EMAIL_CHECK (EMAIL_CHK_NO,EMAIL_CHK_DATE,EMAIL_CHK_CONT,EMAIL_CHK_ADDR) values (357,to_date('2021/03/04','RRRR/MM/DD'),'ENTCCIXRNA','chdnjs7610@naver.com');
Insert into EMAIL_CHECK (EMAIL_CHK_NO,EMAIL_CHK_DATE,EMAIL_CHK_CONT,EMAIL_CHK_ADDR) values (358,to_date('2021/03/04','RRRR/MM/DD'),'ACMIOZQIKK','chdnjs7610@naver.com');
Insert into EMAIL_CHECK (EMAIL_CHK_NO,EMAIL_CHK_DATE,EMAIL_CHK_CONT,EMAIL_CHK_ADDR) values (360,to_date('2021/03/04','RRRR/MM/DD'),'JXCTRKGCCY','chdnjs7610@nate.com');
Insert into EMAIL_CHECK (EMAIL_CHK_NO,EMAIL_CHK_DATE,EMAIL_CHK_CONT,EMAIL_CHK_ADDR) values (363,to_date('2021/03/04','RRRR/MM/DD'),'OLRFIPPXZE','vhvhglgl@naver.com');
Insert into EMAIL_CHECK (EMAIL_CHK_NO,EMAIL_CHK_DATE,EMAIL_CHK_CONT,EMAIL_CHK_ADDR) values (342,to_date('2021/03/04','RRRR/MM/DD'),'VZTGEGTTXN','vhvhglgl@naver.com');
Insert into EMAIL_CHECK (EMAIL_CHK_NO,EMAIL_CHK_DATE,EMAIL_CHK_CONT,EMAIL_CHK_ADDR) values (344,to_date('2021/03/04','RRRR/MM/DD'),'AUTCLBVFGD','vhvhglgl@naver.com');
Insert into EMAIL_CHECK (EMAIL_CHK_NO,EMAIL_CHK_DATE,EMAIL_CHK_CONT,EMAIL_CHK_ADDR) values (364,to_date('2021/03/04','RRRR/MM/DD'),'RIGNLUEMYM','vhvhglgl@naver.com');
Insert into EMAIL_CHECK (EMAIL_CHK_NO,EMAIL_CHK_DATE,EMAIL_CHK_CONT,EMAIL_CHK_ADDR) values (365,to_date('2021/03/04','RRRR/MM/DD'),'TFAMBNSWAM','vhvhglgl@naver.com');
Insert into EMAIL_CHECK (EMAIL_CHK_NO,EMAIL_CHK_DATE,EMAIL_CHK_CONT,EMAIL_CHK_ADDR) values (368,to_date('2021/03/04','RRRR/MM/DD'),'WGHQABCZMZ','vhvhglgl@naver.com');
Insert into EMAIL_CHECK (EMAIL_CHK_NO,EMAIL_CHK_DATE,EMAIL_CHK_CONT,EMAIL_CHK_ADDR) values (370,to_date('2021/03/04','RRRR/MM/DD'),'XRMQCJBVRM','vhvhglgl@naver.com');
Insert into EMAIL_CHECK (EMAIL_CHK_NO,EMAIL_CHK_DATE,EMAIL_CHK_CONT,EMAIL_CHK_ADDR) values (371,to_date('2021/03/04','RRRR/MM/DD'),'RMCFVWDVDC','vhvhglgl@naver.com');
Insert into EMAIL_CHECK (EMAIL_CHK_NO,EMAIL_CHK_DATE,EMAIL_CHK_CONT,EMAIL_CHK_ADDR) values (381,to_date('2021/03/04','RRRR/MM/DD'),'MOXTEIXOEJ','vhvhglgl@naver.com');
Insert into EMAIL_CHECK (EMAIL_CHK_NO,EMAIL_CHK_DATE,EMAIL_CHK_CONT,EMAIL_CHK_ADDR) values (382,to_date('2021/03/04','RRRR/MM/DD'),'EYDZKDGVIS','ggg@naver.com');
Insert into EMAIL_CHECK (EMAIL_CHK_NO,EMAIL_CHK_DATE,EMAIL_CHK_CONT,EMAIL_CHK_ADDR) values (383,to_date('2021/03/04','RRRR/MM/DD'),'SWBAOYAKCL','ggg@naver.com');
Insert into EMAIL_CHECK (EMAIL_CHK_NO,EMAIL_CHK_DATE,EMAIL_CHK_CONT,EMAIL_CHK_ADDR) values (384,to_date('2021/03/04','RRRR/MM/DD'),'QZPQQAERAA','ggg@naver.com');
Insert into EMAIL_CHECK (EMAIL_CHK_NO,EMAIL_CHK_DATE,EMAIL_CHK_CONT,EMAIL_CHK_ADDR) values (385,to_date('2021/03/04','RRRR/MM/DD'),'EBOPFKJOKQ','ggg@naver.com');
Insert into EMAIL_CHECK (EMAIL_CHK_NO,EMAIL_CHK_DATE,EMAIL_CHK_CONT,EMAIL_CHK_ADDR) values (386,to_date('2021/03/04','RRRR/MM/DD'),'RSWOKKTFXH','ggg@naver.com');
Insert into EMAIL_CHECK (EMAIL_CHK_NO,EMAIL_CHK_DATE,EMAIL_CHK_CONT,EMAIL_CHK_ADDR) values (387,to_date('2021/03/04','RRRR/MM/DD'),'ZINUCWOBLF','ggg@naver.com');
Insert into EMAIL_CHECK (EMAIL_CHK_NO,EMAIL_CHK_DATE,EMAIL_CHK_CONT,EMAIL_CHK_ADDR) values (447,to_date('2021/03/05','RRRR/MM/DD'),'JMPHLBSPRD','ggg@naver.com');
Insert into EMAIL_CHECK (EMAIL_CHK_NO,EMAIL_CHK_DATE,EMAIL_CHK_CONT,EMAIL_CHK_ADDR) values (461,to_date('2021/03/05','RRRR/MM/DD'),'JHYOTSXAEK','vhvhglgl@naver.com');
Insert into EMAIL_CHECK (EMAIL_CHK_NO,EMAIL_CHK_DATE,EMAIL_CHK_CONT,EMAIL_CHK_ADDR) values (462,to_date('2021/03/05','RRRR/MM/DD'),'RRPXNFFLUJ','vhvhglgl@naver.com');
Insert into EMAIL_CHECK (EMAIL_CHK_NO,EMAIL_CHK_DATE,EMAIL_CHK_CONT,EMAIL_CHK_ADDR) values (463,to_date('2021/03/05','RRRR/MM/DD'),'ISPWNNBEYW','vhvhglgl@naver.com');
Insert into EMAIL_CHECK (EMAIL_CHK_NO,EMAIL_CHK_DATE,EMAIL_CHK_CONT,EMAIL_CHK_ADDR) values (464,to_date('2021/03/05','RRRR/MM/DD'),'KNUJCNXBUJ','vhvhglgl@naver.com');
Insert into EMAIL_CHECK (EMAIL_CHK_NO,EMAIL_CHK_DATE,EMAIL_CHK_CONT,EMAIL_CHK_ADDR) values (465,to_date('2021/03/05','RRRR/MM/DD'),'HCGOPOZFVY','vhvhglgl@naver.com');
Insert into EMAIL_CHECK (EMAIL_CHK_NO,EMAIL_CHK_DATE,EMAIL_CHK_CONT,EMAIL_CHK_ADDR) values (466,to_date('2021/03/05','RRRR/MM/DD'),'VRCWLOOSIK','vhvhglgl@naver.com');
Insert into EMAIL_CHECK (EMAIL_CHK_NO,EMAIL_CHK_DATE,EMAIL_CHK_CONT,EMAIL_CHK_ADDR) values (467,to_date('2021/03/05','RRRR/MM/DD'),'TSLZVDJYXY','vhvhglgl@naver.com');
Insert into EMAIL_CHECK (EMAIL_CHK_NO,EMAIL_CHK_DATE,EMAIL_CHK_CONT,EMAIL_CHK_ADDR) values (468,to_date('2021/03/05','RRRR/MM/DD'),'XLKMNDPZQA','vhvhglgl@naver.com');
Insert into EMAIL_CHECK (EMAIL_CHK_NO,EMAIL_CHK_DATE,EMAIL_CHK_CONT,EMAIL_CHK_ADDR) values (481,to_date('2021/03/05','RRRR/MM/DD'),'CMESFTIFHQ','kkobuk@hotmail.co.kr');
Insert into EMAIL_CHECK (EMAIL_CHK_NO,EMAIL_CHK_DATE,EMAIL_CHK_CONT,EMAIL_CHK_ADDR) values (350,to_date('2021/03/04','RRRR/MM/DD'),'ICIIBUKLEM','vhvhglgl@naver.com');
Insert into EMAIL_CHECK (EMAIL_CHK_NO,EMAIL_CHK_DATE,EMAIL_CHK_CONT,EMAIL_CHK_ADDR) values (346,to_date('2021/03/04','RRRR/MM/DD'),'ZXSMUUZXBY','vhvhglgl@naver.com');
Insert into EMAIL_CHECK (EMAIL_CHK_NO,EMAIL_CHK_DATE,EMAIL_CHK_CONT,EMAIL_CHK_ADDR) values (348,to_date('2021/03/04','RRRR/MM/DD'),'FZEDGDBCLX','vhvhglgl@naver.com');
Insert into EMAIL_CHECK (EMAIL_CHK_NO,EMAIL_CHK_DATE,EMAIL_CHK_CONT,EMAIL_CHK_ADDR) values (353,to_date('2021/03/04','RRRR/MM/DD'),'NJNAZKWFKX','vhvhglgl@naver.com');
Insert into EMAIL_CHECK (EMAIL_CHK_NO,EMAIL_CHK_DATE,EMAIL_CHK_CONT,EMAIL_CHK_ADDR) values (390,to_date('2021/03/04','RRRR/MM/DD'),'XQPXUSKKYW','vhvhglgl@naver.com');
Insert into EMAIL_CHECK (EMAIL_CHK_NO,EMAIL_CHK_DATE,EMAIL_CHK_CONT,EMAIL_CHK_ADDR) values (391,to_date('2021/03/04','RRRR/MM/DD'),'AHBUBXLTOL','vhvhglgl@naver.com');
Insert into EMAIL_CHECK (EMAIL_CHK_NO,EMAIL_CHK_DATE,EMAIL_CHK_CONT,EMAIL_CHK_ADDR) values (397,to_date('2021/03/04','RRRR/MM/DD'),'RTEXOPMTNN','vhvhglgl@naver.com');
Insert into EMAIL_CHECK (EMAIL_CHK_NO,EMAIL_CHK_DATE,EMAIL_CHK_CONT,EMAIL_CHK_ADDR) values (422,to_date('2021/03/04','RRRR/MM/DD'),'MQZKUNKRES','a@a.net');
Insert into EMAIL_CHECK (EMAIL_CHK_NO,EMAIL_CHK_DATE,EMAIL_CHK_CONT,EMAIL_CHK_ADDR) values (423,to_date('2021/03/04','RRRR/MM/DD'),'WASAOBZSUD','kkobuk@hotmail.co.kr');
Insert into EMAIL_CHECK (EMAIL_CHK_NO,EMAIL_CHK_DATE,EMAIL_CHK_CONT,EMAIL_CHK_ADDR) values (425,to_date('2021/03/04','RRRR/MM/DD'),'XYWNCFXCDK','kkobuk@hotmail.co.kr');
Insert into EMAIL_CHECK (EMAIL_CHK_NO,EMAIL_CHK_DATE,EMAIL_CHK_CONT,EMAIL_CHK_ADDR) values (426,to_date('2021/03/04','RRRR/MM/DD'),'DXABTNCBSU','kkobuk@hotmail.co.kr');
Insert into EMAIL_CHECK (EMAIL_CHK_NO,EMAIL_CHK_DATE,EMAIL_CHK_CONT,EMAIL_CHK_ADDR) values (443,to_date('2021/03/05','RRRR/MM/DD'),'XYXSONGNQY','vhvhglgl@naver.com');
REM INSERTING into FEED
SET DEFINE OFF;
Insert into FEED (FEED_NO,USER_ID,FEED_CONT,FEED_DATE,FEED_PIC) values (384,'expedition1205@gmail.com','123123123',to_date('2021/03/06','RRRR/MM/DD'),null);
Insert into FEED (FEED_NO,USER_ID,FEED_CONT,FEED_DATE,FEED_PIC) values (9,'psh40963@naver.com','"피드사진',to_date('2021/03/05','RRRR/MM/DD'),'scarlett.jpg,scarlett.jpg,scarlett.jpg,scarlett.jpg');
Insert into FEED (FEED_NO,USER_ID,FEED_CONT,FEED_DATE,FEED_PIC) values (7,'psh40963@naver.com','"피드사진',to_date('2021/03/05','RRRR/MM/DD'),'50.png,50.png');
Insert into FEED (FEED_NO,USER_ID,FEED_CONT,FEED_DATE,FEED_PIC) values (6,'psh40963@naver.com','"피드사진',to_date('2021/03/05','RRRR/MM/DD'),'shkim.jpg,scarlett.jpg');
Insert into FEED (FEED_NO,USER_ID,FEED_CONT,FEED_DATE,FEED_PIC) values (5,'psh40963@naver.com','"피드사진',to_date('2021/03/05','RRRR/MM/DD'),'5_1.jpg,5_2.jpg');
Insert into FEED (FEED_NO,USER_ID,FEED_CONT,FEED_DATE,FEED_PIC) values (4,'psh40963@naver.com','"피드사진',to_date('2021/03/05','RRRR/MM/DD'),'4.jpg');
Insert into FEED (FEED_NO,USER_ID,FEED_CONT,FEED_DATE,FEED_PIC) values (3,'psh40963@naver.com','"피드사진',to_date('2021/03/05','RRRR/MM/DD'),'3.jpg');
Insert into FEED (FEED_NO,USER_ID,FEED_CONT,FEED_DATE,FEED_PIC) values (2,'psh40963@naver.com','"피드사진',to_date('2021/03/05','RRRR/MM/DD'),'2.jpg');
Insert into FEED (FEED_NO,USER_ID,FEED_CONT,FEED_DATE,FEED_PIC) values (1,'psh40963@naver.com','"피드사진',to_date('2021/03/05','RRRR/MM/DD'),'1_1.jpg,1_2.jpg');
Insert into FEED (FEED_NO,USER_ID,FEED_CONT,FEED_DATE,FEED_PIC) values (335,'expedition1205@gmail.com','오후 9:28

피드 수정중',to_date('2021/03/05','RRRR/MM/DD'),null);
Insert into FEED (FEED_NO,USER_ID,FEED_CONT,FEED_DATE,FEED_PIC) values (386,'expedition1205@gmail.com','2222',to_date('2021/03/06','RRRR/MM/DD'),null);
Insert into FEED (FEED_NO,USER_ID,FEED_CONT,FEED_DATE,FEED_PIC) values (270,'expedition1205@gmail.com','"피드사진',to_date('2021/03/05','RRRR/MM/DD'),null);
Insert into FEED (FEED_NO,USER_ID,FEED_CONT,FEED_DATE,FEED_PIC) values (389,'expedition1205@gmail.com','피드내용입니다.',to_date('2021/03/06','RRRR/MM/DD'),'389.jpg');
Insert into FEED (FEED_NO,USER_ID,FEED_CONT,FEED_DATE,FEED_PIC) values (390,'expedition1205@gmail.com','피드내용 여러줄
피드내용 여러줄
피드내용 여러줄
피드내용 여러줄
피드내용 여러줄
',to_date('2021/03/06','RRRR/MM/DD'),'390.jpg');
Insert into FEED (FEED_NO,USER_ID,FEED_CONT,FEED_DATE,FEED_PIC) values (295,'expedition1205@gmail.com','textarea',to_date('2021/03/05','RRRR/MM/DD'),'shkim.jpg,scarlett.jpg');
Insert into FEED (FEED_NO,USER_ID,FEED_CONT,FEED_DATE,FEED_PIC) values (370,'expedition1205@gmail.com','피드 내용',to_date('2021/03/06','RRRR/MM/DD'),null);
REM INSERTING into FEED_COMMENT
SET DEFINE OFF;
Insert into FEED_COMMENT (FEED_COM_NO,FEED_NO,USER_ID,FEED_COM_CONT,FEED_COM_DATE) values (117,7,'psh40963@naver.com','ddd',to_date('2021/03/05','RRRR/MM/DD'));
Insert into FEED_COMMENT (FEED_COM_NO,FEED_NO,USER_ID,FEED_COM_CONT,FEED_COM_DATE) values (205,390,'psh40963@naver.com','<img style="width:23px; height:23px" src="images/emoji/1f639.png"><img style="width:23px; height:23px" src="images/emoji/1f639.png"><img style="width:23px; height:23px" src="images/emoji/1f639.png"><img style="width:23px; height:23px" src="images/emoji/1f639.png">',to_date('2021/03/06','RRRR/MM/DD'));
Insert into FEED_COMMENT (FEED_COM_NO,FEED_NO,USER_ID,FEED_COM_CONT,FEED_COM_DATE) values (112,7,'psh40963@naver.com','휴',to_date('2021/03/05','RRRR/MM/DD'));
Insert into FEED_COMMENT (FEED_COM_NO,FEED_NO,USER_ID,FEED_COM_CONT,FEED_COM_DATE) values (221,389,'bomik0614@gmail.com','<img style="width:23px; height:23px" src="images/emoji/1f628.png"><img style="width:23px; height:23px" src="images/emoji/1f628.png"><img style="width:23px; height:23px" src="images/emoji/1f628.png"><img style="width:23px; height:23px" src="images/emoji/1f628.png">',to_date('2021/03/06','RRRR/MM/DD'));
Insert into FEED_COMMENT (FEED_COM_NO,FEED_NO,USER_ID,FEED_COM_CONT,FEED_COM_DATE) values (206,295,'psh40963@naver.com','초상화 잘 보고 갑니다',to_date('2021/03/06','RRRR/MM/DD'));
Insert into FEED_COMMENT (FEED_COM_NO,FEED_NO,USER_ID,FEED_COM_CONT,FEED_COM_DATE) values (241,390,'bomik0614@gmail.com','<img style="width:23px; height:23px" src="images/emoji/1f602.png"><img style="width:23px; height:23px" src="images/emoji/1f602.png"><img style="width:23px; height:23px" src="images/emoji/1f602.png">',to_date('2021/03/06','RRRR/MM/DD'));
Insert into FEED_COMMENT (FEED_COM_NO,FEED_NO,USER_ID,FEED_COM_CONT,FEED_COM_DATE) values (110,7,'psh40963@naver.com','123',to_date('2021/03/05','RRRR/MM/DD'));
Insert into FEED_COMMENT (FEED_COM_NO,FEED_NO,USER_ID,FEED_COM_CONT,FEED_COM_DATE) values (116,7,'psh40963@naver.com','성공~',to_date('2021/03/05','RRRR/MM/DD'));
Insert into FEED_COMMENT (FEED_COM_NO,FEED_NO,USER_ID,FEED_COM_CONT,FEED_COM_DATE) values (201,1,'psh40963@naver.com','이사진 쫌 화질이 별로네요',to_date('2021/03/06','RRRR/MM/DD'));
Insert into FEED_COMMENT (FEED_COM_NO,FEED_NO,USER_ID,FEED_COM_CONT,FEED_COM_DATE) values (181,390,'expedition1205@gmail.com','사진이 올라가다니....또르르<img style="width:23px; height:23px" src="images/emoji/1f639.png"><img style="width:23px; height:23px" src="images/emoji/1f639.png"><img style="width:23px; height:23px" src="images/emoji/1f639.png"><img style="width:23px; height:23px" src="images/emoji/1f639.png"><img style="width:23px; height:23px" src="images/emoji/1f639.png">',to_date('2021/03/06','RRRR/MM/DD'));
Insert into FEED_COMMENT (FEED_COM_NO,FEED_NO,USER_ID,FEED_COM_CONT,FEED_COM_DATE) values (115,7,'psh40963@naver.com','테스트테스트!',to_date('2021/03/05','RRRR/MM/DD'));
Insert into FEED_COMMENT (FEED_COM_NO,FEED_NO,USER_ID,FEED_COM_CONT,FEED_COM_DATE) values (202,1,'psh40963@naver.com','ㅇㅇㅇ',to_date('2021/03/06','RRRR/MM/DD'));
Insert into FEED_COMMENT (FEED_COM_NO,FEED_NO,USER_ID,FEED_COM_CONT,FEED_COM_DATE) values (182,390,'expedition1205@gmail.com','아 ?나',to_date('2021/03/06','RRRR/MM/DD'));
Insert into FEED_COMMENT (FEED_COM_NO,FEED_NO,USER_ID,FEED_COM_CONT,FEED_COM_DATE) values (242,390,'expedition1205@gmail.com','<img style="width:23px; height:23px" src="images/emoji/1f608.png">!!',to_date('2021/03/06','RRRR/MM/DD'));
REM INSERTING into FEED_COM_RE
SET DEFINE OFF;
Insert into FEED_COM_RE (F_COM_RE_NO,FEED_COM_NO,USER_ID,F_COM_RE_CONT,F_COM_RE_DATE) values (81,181,'expedition1205@gmail.com','@조씨 대댓글이 된다니!!!!!<img style="width:23px; height:23px" src="images/emoji/1f633.png"><img style="width:23px; height:23px" src="images/emoji/1f632.png"><img style="width:23px; height:23px" src="images/emoji/1f631.png">',to_date('2021/03/06','RRRR/MM/DD'));
Insert into FEED_COM_RE (F_COM_RE_NO,FEED_COM_NO,USER_ID,F_COM_RE_CONT,F_COM_RE_DATE) values (101,201,'psh40963@naver.com','@테스터쉐인&nbsp;<img style="width:23px; height:23px" src="images/emoji/1f620.png">',to_date('2021/03/06','RRRR/MM/DD'));
Insert into FEED_COM_RE (F_COM_RE_NO,FEED_COM_NO,USER_ID,F_COM_RE_CONT,F_COM_RE_DATE) values (103,202,'psh40963@naver.com','@테스터쉐인 ??',to_date('2021/03/06','RRRR/MM/DD'));
Insert into FEED_COM_RE (F_COM_RE_NO,FEED_COM_NO,USER_ID,F_COM_RE_CONT,F_COM_RE_DATE) values (121,241,'expedition1205@gmail.com','@썸머 안녕!',to_date('2021/03/06','RRRR/MM/DD'));
REM INSERTING into FOLLOW
SET DEFINE OFF;
Insert into FOLLOW (FOLLOW_NO,FOLLOWER,FOLLOWEE) values (4,'expedition1205@gmail.com','bomik0614@gmail.com');
Insert into FOLLOW (FOLLOW_NO,FOLLOWER,FOLLOWEE) values (152,'expedition1205@gmail.com','psh40963@naver.com');
Insert into FOLLOW (FOLLOW_NO,FOLLOWER,FOLLOWEE) values (10,'chdnjs7610@gmail.com','expedition1205@gmail.com');
Insert into FOLLOW (FOLLOW_NO,FOLLOWER,FOLLOWEE) values (11,'bomik0614@gmail.com','psh40963@naver.com');
Insert into FOLLOW (FOLLOW_NO,FOLLOWER,FOLLOWEE) values (71,'bomik0614@gmail.com','chdnjs7610@gmail.com');
Insert into FOLLOW (FOLLOW_NO,FOLLOWER,FOLLOWEE) values (190,'chdnjs7610@gmail.com','bomik0614@gmail.com');
Insert into FOLLOW (FOLLOW_NO,FOLLOWER,FOLLOWEE) values (290,'psh40963@naver.com','expedition1205@gmail.com');
Insert into FOLLOW (FOLLOW_NO,FOLLOWER,FOLLOWEE) values (1,'chdnjs7610@gmail.com','psh40963@naver.com');
Insert into FOLLOW (FOLLOW_NO,FOLLOWER,FOLLOWEE) values (275,'psh40963@naver.com','chdnjs7610@gmail.com');
Insert into FOLLOW (FOLLOW_NO,FOLLOWER,FOLLOWEE) values (276,'psh40963@naver.com','bomik0614@gmail.com');
REM INSERTING into LIKES
SET DEFINE OFF;
Insert into LIKES (LIKE_NO,USER_ID,FEED_NO) values (223,'psh40963@naver.com',390);
Insert into LIKES (LIKE_NO,USER_ID,FEED_NO) values (225,'psh40963@naver.com',295);
Insert into LIKES (LIKE_NO,USER_ID,FEED_NO) values (227,'psh40963@naver.com',4);
Insert into LIKES (LIKE_NO,USER_ID,FEED_NO) values (222,'psh40963@naver.com',1);
Insert into LIKES (LIKE_NO,USER_ID,FEED_NO) values (142,'psh40963@naver.com',7);
Insert into LIKES (LIKE_NO,USER_ID,FEED_NO) values (224,'psh40963@naver.com',389);
Insert into LIKES (LIKE_NO,USER_ID,FEED_NO) values (221,'psh40963@naver.com',9);
Insert into LIKES (LIKE_NO,USER_ID,FEED_NO) values (226,'psh40963@naver.com',5);
Insert into LIKES (LIKE_NO,USER_ID,FEED_NO) values (241,'bomik0614@gmail.com',389);
Insert into LIKES (LIKE_NO,USER_ID,FEED_NO) values (261,'expedition1205@gmail.com',390);
Insert into LIKES (LIKE_NO,USER_ID,FEED_NO) values (181,'psh40963@naver.com',270);
REM INSERTING into LIKES_BACKUP
SET DEFINE OFF;
Insert into LIKES_BACKUP (LIKE_NO,USER_ID,FEED_NO) values (2,'psh40963@naver.com',1);
Insert into LIKES_BACKUP (LIKE_NO,USER_ID,FEED_NO) values (3,'psh40963@naver.com',2);
Insert into LIKES_BACKUP (LIKE_NO,USER_ID,FEED_NO) values (126,'chdnjs7610@gmail.com',150);
Insert into LIKES_BACKUP (LIKE_NO,USER_ID,FEED_NO) values (128,'chdnjs7610@gmail.com',150);
Insert into LIKES_BACKUP (LIKE_NO,USER_ID,FEED_NO) values (123,'expedition1205@gmail.com',10);
Insert into LIKES_BACKUP (LIKE_NO,USER_ID,FEED_NO) values (42,'chdnjs7610@gmail.com',1);
Insert into LIKES_BACKUP (LIKE_NO,USER_ID,FEED_NO) values (120,'expedition1205@gmail.com',94);
Insert into LIKES_BACKUP (LIKE_NO,USER_ID,FEED_NO) values (127,'chdnjs7610@gmail.com',150);
Insert into LIKES_BACKUP (LIKE_NO,USER_ID,FEED_NO) values (129,'chdnjs7610@gmail.com',150);
Insert into LIKES_BACKUP (LIKE_NO,USER_ID,FEED_NO) values (62,'chdnjs7610@gmail.com',90);
Insert into LIKES_BACKUP (LIKE_NO,USER_ID,FEED_NO) values (122,'expedition1205@gmail.com',50);
Insert into LIKES_BACKUP (LIKE_NO,USER_ID,FEED_NO) values (121,'expedition1205@gmail.com',93);
Insert into LIKES_BACKUP (LIKE_NO,USER_ID,FEED_NO) values (142,'expedition1205@gmail.com',152);
REM INSERTING into MESSAGE
SET DEFINE OFF;
Insert into MESSAGE (MSG_NO,MSG_TARGET_ID,MSG_SENDER,MSG_CONTENT,MSG_SENDDATE,MSG_OPENDATE) values (1,'psh40963@naver.com','expedition1205@gmail.com','첫번째 메시지입니다.',to_date('2021/02/25','RRRR/MM/DD'),null);
Insert into MESSAGE (MSG_NO,MSG_TARGET_ID,MSG_SENDER,MSG_CONTENT,MSG_SENDDATE,MSG_OPENDATE) values (2,'psh40963@naver.com','chdnjs7610@gmail.com','두번째 메시지입니다.',to_date('2021/02/25','RRRR/MM/DD'),null);
Insert into MESSAGE (MSG_NO,MSG_TARGET_ID,MSG_SENDER,MSG_CONTENT,MSG_SENDDATE,MSG_OPENDATE) values (3,'expedition1205@gmail.com','psh40963@naver.com','세번째 메시지입니다.',to_date('2021/02/25','RRRR/MM/DD'),null);
Insert into MESSAGE (MSG_NO,MSG_TARGET_ID,MSG_SENDER,MSG_CONTENT,MSG_SENDDATE,MSG_OPENDATE) values (34,'expedition1205@gmail.com','psh40963@naver.com','이건 직접 웹에서 보내보는 거에요!',to_date('2021/02/26','RRRR/MM/DD'),null);
Insert into MESSAGE (MSG_NO,MSG_TARGET_ID,MSG_SENDER,MSG_CONTENT,MSG_SENDDATE,MSG_OPENDATE) values (40,'bomik0614@gmail.com','chdnjs7610@gmail.com','테스트용 메시지입니다.',to_date('2021/02/26','RRRR/MM/DD'),null);
Insert into MESSAGE (MSG_NO,MSG_TARGET_ID,MSG_SENDER,MSG_CONTENT,MSG_SENDDATE,MSG_OPENDATE) values (5,'psh40963@naver.com','bomik0614@gmail.com','첫 메세지',to_date('2021/02/26','RRRR/MM/DD'),null);
Insert into MESSAGE (MSG_NO,MSG_TARGET_ID,MSG_SENDER,MSG_CONTENT,MSG_SENDDATE,MSG_OPENDATE) values (52,'psh40963@naver.com','bomik0614@gmail.com','신기해요',to_date('2021/02/26','RRRR/MM/DD'),null);
Insert into MESSAGE (MSG_NO,MSG_TARGET_ID,MSG_SENDER,MSG_CONTENT,MSG_SENDDATE,MSG_OPENDATE) values (10,'psh40963@naver.com','expedition1205@gmail.com','메시지입니다.',to_date('2021/02/25','RRRR/MM/DD'),null);
Insert into MESSAGE (MSG_NO,MSG_TARGET_ID,MSG_SENDER,MSG_CONTENT,MSG_SENDDATE,MSG_OPENDATE) values (11,'psh40963@naver.com','expedition1205@gmail.com','seq테스트입니다.',to_date('2021/02/25','RRRR/MM/DD'),null);
Insert into MESSAGE (MSG_NO,MSG_TARGET_ID,MSG_SENDER,MSG_CONTENT,MSG_SENDDATE,MSG_OPENDATE) values (150,'psh40963@naver.com','expedition1205@gmail.com','test test test',to_date('2021/03/03','RRRR/MM/DD'),null);
Insert into MESSAGE (MSG_NO,MSG_TARGET_ID,MSG_SENDER,MSG_CONTENT,MSG_SENDDATE,MSG_OPENDATE) values (151,'psh40963@naver.com','bomik0614@gmail.com','testtest',to_date('2021/03/03','RRRR/MM/DD'),null);
Insert into MESSAGE (MSG_NO,MSG_TARGET_ID,MSG_SENDER,MSG_CONTENT,MSG_SENDDATE,MSG_OPENDATE) values (170,'psh40963@naver.com','expedition1205@gmail.com','테스트 한번 더',to_date('2021/03/03','RRRR/MM/DD'),null);
Insert into MESSAGE (MSG_NO,MSG_TARGET_ID,MSG_SENDER,MSG_CONTENT,MSG_SENDDATE,MSG_OPENDATE) values (4,'expedition1205@gmail.com','chdnjs7610@gmail.com','scarlett to josh new message',to_date('2021/02/25','RRRR/MM/DD'),null);
Insert into MESSAGE (MSG_NO,MSG_TARGET_ID,MSG_SENDER,MSG_CONTENT,MSG_SENDDATE,MSG_OPENDATE) values (111,'expedition1205@gmail.com','psh40963@naver.com','메시지를 한번 더 보내면 기존 알림이 제거 되고 갱신되는지 확인하는 테스트 입니다.',to_date('2021/02/27','RRRR/MM/DD'),null);
Insert into MESSAGE (MSG_NO,MSG_TARGET_ID,MSG_SENDER,MSG_CONTENT,MSG_SENDDATE,MSG_OPENDATE) values (112,'psh40963@naver.com','bomik0614@gmail.com','알림 잘 보내지는지 테스트 1 ',to_date('2021/02/27','RRRR/MM/DD'),null);
Insert into MESSAGE (MSG_NO,MSG_TARGET_ID,MSG_SENDER,MSG_CONTENT,MSG_SENDDATE,MSG_OPENDATE) values (190,'expedition1205@gmail.com','bomik0614@gmail.com','조씨..',to_date('2021/03/05','RRRR/MM/DD'),null);
Insert into MESSAGE (MSG_NO,MSG_TARGET_ID,MSG_SENDER,MSG_CONTENT,MSG_SENDDATE,MSG_OPENDATE) values (191,'bomik0614@gmail.com','expedition1205@gmail.com','네....',to_date('2021/03/05','RRRR/MM/DD'),null);
Insert into MESSAGE (MSG_NO,MSG_TARGET_ID,MSG_SENDER,MSG_CONTENT,MSG_SENDDATE,MSG_OPENDATE) values (35,'expedition1205@gmail.com','psh40963@naver.com','웹에서 보내기 2',to_date('2021/02/26','RRRR/MM/DD'),null);
Insert into MESSAGE (MSG_NO,MSG_TARGET_ID,MSG_SENDER,MSG_CONTENT,MSG_SENDDATE,MSG_OPENDATE) values (36,'expedition1205@gmail.com','psh40963@naver.com','잘 되는 것 같네요?',to_date('2021/02/26','RRRR/MM/DD'),null);
Insert into MESSAGE (MSG_NO,MSG_TARGET_ID,MSG_SENDER,MSG_CONTENT,MSG_SENDDATE,MSG_OPENDATE) values (39,'expedition1205@gmail.com','psh40963@naver.com','그렇게 말 하지 마세요',to_date('2021/02/26','RRRR/MM/DD'),null);
Insert into MESSAGE (MSG_NO,MSG_TARGET_ID,MSG_SENDER,MSG_CONTENT,MSG_SENDDATE,MSG_OPENDATE) values (41,'expedition1205@gmail.com','psh40963@naver.com','테스트 잘 받았습니다!!!',to_date('2021/02/26','RRRR/MM/DD'),null);
Insert into MESSAGE (MSG_NO,MSG_TARGET_ID,MSG_SENDER,MSG_CONTENT,MSG_SENDDATE,MSG_OPENDATE) values (42,'expedition1205@gmail.com','psh40963@naver.com','저도 텍스트 하나 보낼게요',to_date('2021/02/26','RRRR/MM/DD'),null);
Insert into MESSAGE (MSG_NO,MSG_TARGET_ID,MSG_SENDER,MSG_CONTENT,MSG_SENDDATE,MSG_OPENDATE) values (43,'chdnjs7610@gmail.com','psh40963@naver.com','메시지 하나 보내둘게요~~~',to_date('2021/02/26','RRRR/MM/DD'),null);
Insert into MESSAGE (MSG_NO,MSG_TARGET_ID,MSG_SENDER,MSG_CONTENT,MSG_SENDDATE,MSG_OPENDATE) values (50,'bomik0614@gmail.com','psh40963@naver.com','메시지 한번 보내봅니다',to_date('2021/02/26','RRRR/MM/DD'),null);
Insert into MESSAGE (MSG_NO,MSG_TARGET_ID,MSG_SENDER,MSG_CONTENT,MSG_SENDDATE,MSG_OPENDATE) values (51,'bomik0614@gmail.com','psh40963@naver.com','메시지 저한테 보내보세요',to_date('2021/02/26','RRRR/MM/DD'),null);
Insert into MESSAGE (MSG_NO,MSG_TARGET_ID,MSG_SENDER,MSG_CONTENT,MSG_SENDDATE,MSG_OPENDATE) values (70,'bomik0614@gmail.com','psh40963@naver.com','세션에서 아이디값 받아와서 메시지 보내는 테스트',to_date('2021/02/27','RRRR/MM/DD'),null);
Insert into MESSAGE (MSG_NO,MSG_TARGET_ID,MSG_SENDER,MSG_CONTENT,MSG_SENDDATE,MSG_OPENDATE) values (90,'psh40963@naver.com','expedition1205@gmail.com','헬로쉐인! 개인 메시지 전송 테스트입니다. ',to_date('2021/02/27','RRRR/MM/DD'),null);
Insert into MESSAGE (MSG_NO,MSG_TARGET_ID,MSG_SENDER,MSG_CONTENT,MSG_SENDDATE,MSG_OPENDATE) values (91,'chdnjs7610@gmail.com','expedition1205@gmail.com','헬로스칼릿! 개인메시지 테스트입니다!',to_date('2021/02/27','RRRR/MM/DD'),null);
Insert into MESSAGE (MSG_NO,MSG_TARGET_ID,MSG_SENDER,MSG_CONTENT,MSG_SENDDATE,MSG_OPENDATE) values (92,'bomik0614@gmail.com','expedition1205@gmail.com','헬로 써머! 개인메시지 테스트입니다.!',to_date('2021/02/27','RRRR/MM/DD'),null);
Insert into MESSAGE (MSG_NO,MSG_TARGET_ID,MSG_SENDER,MSG_CONTENT,MSG_SENDDATE,MSG_OPENDATE) values (31,'expedition1205@gmail.com','bomik0614@gmail.com','입력 테스트',to_date('2021/02/26','RRRR/MM/DD'),null);
Insert into MESSAGE (MSG_NO,MSG_TARGET_ID,MSG_SENDER,MSG_CONTENT,MSG_SENDDATE,MSG_OPENDATE) values (32,'expedition1205@gmail.com','psh40963@naver.com','다오에서 보내보는 테스트 입니다.',to_date('2021/02/26','RRRR/MM/DD'),null);
Insert into MESSAGE (MSG_NO,MSG_TARGET_ID,MSG_SENDER,MSG_CONTENT,MSG_SENDDATE,MSG_OPENDATE) values (33,'expedition1205@gmail.com','psh40963@naver.com','서비스에서 보내보는 테스트 입니다.',to_date('2021/02/26','RRRR/MM/DD'),null);
Insert into MESSAGE (MSG_NO,MSG_TARGET_ID,MSG_SENDER,MSG_CONTENT,MSG_SENDDATE,MSG_OPENDATE) values (37,'psh40963@naver.com','expedition1205@gmail.com','과연 그럴까?',to_date('2021/02/26','RRRR/MM/DD'),null);
Insert into MESSAGE (MSG_NO,MSG_TARGET_ID,MSG_SENDER,MSG_CONTENT,MSG_SENDDATE,MSG_OPENDATE) values (38,'psh40963@naver.com','expedition1205@gmail.com','과연 그럴까?',to_date('2021/02/26','RRRR/MM/DD'),null);
Insert into MESSAGE (MSG_NO,MSG_TARGET_ID,MSG_SENDER,MSG_CONTENT,MSG_SENDDATE,MSG_OPENDATE) values (110,'expedition1205@gmail.com','psh40963@naver.com','hi josh ! 메시지 보낼때 알림이 가는지 확인해보는 테스트 입니다.',to_date('2021/02/27','RRRR/MM/DD'),null);
Insert into MESSAGE (MSG_NO,MSG_TARGET_ID,MSG_SENDER,MSG_CONTENT,MSG_SENDDATE,MSG_OPENDATE) values (113,'psh40963@naver.com','bomik0614@gmail.com','알림 잘 보내지는지 테스트2 ',to_date('2021/02/27','RRRR/MM/DD'),null);
Insert into MESSAGE (MSG_NO,MSG_TARGET_ID,MSG_SENDER,MSG_CONTENT,MSG_SENDDATE,MSG_OPENDATE) values (130,'psh40963@naver.com','bomik0614@gmail.com','테스트 ㄴㄴ',to_date('2021/03/01','RRRR/MM/DD'),null);
REM INSERTING into NEWS
SET DEFINE OFF;
Insert into NEWS (NEWS_NO,NEWS_TITLE,NEWS_DATE,NEWS_PIC) values (2,'두번째 게시글',to_date('2021/03/05','RRRR/MM/DD'),'news1.jpg');
Insert into NEWS (NEWS_NO,NEWS_TITLE,NEWS_DATE,NEWS_PIC) values (1,'안녕하세요',to_date('2021/03/05','RRRR/MM/DD'),'feed3.jpg');
Insert into NEWS (NEWS_NO,NEWS_TITLE,NEWS_DATE,NEWS_PIC) values (21,'[2020.11.16]전자정부 표준 프레임워크 기반 풀-스택 개발자 양성과정 오리엔테이션(통합 6기_20년11월)',to_date('2021/03/05','RRRR/MM/DD'),'news2.jpg');
REM INSERTING into NOTICE
SET DEFINE OFF;
Insert into NOTICE (NOTICE_NO,USER_ID,NOTICE_CONT,NOTICE_DATE,NOTICE_PIC) values (1,'psh40963@naver.com','첫번째 seq 테스트 공지사항입니다.',to_date('2021/02/26','RRRR/MM/DD'),null);
Insert into NOTICE (NOTICE_NO,USER_ID,NOTICE_CONT,NOTICE_DATE,NOTICE_PIC) values (2,'expedition1205@gmail.com','두번째 seq 테스트 공지사항입니다.',to_date('2021/02/26','RRRR/MM/DD'),null);
REM INSERTING into NOTICE_COMMENT
SET DEFINE OFF;
Insert into NOTICE_COMMENT (NOTICE_COM_NO,NOTICE_NO,USER_ID,NOTICE_COM_CONT,NOTICE_COM_DATE) values (1,1,'expedition1205@gmail.com','첫번째 seq테스트 공지댓글입니다.',to_date('2021/02/26','RRRR/MM/DD'));
Insert into NOTICE_COMMENT (NOTICE_COM_NO,NOTICE_NO,USER_ID,NOTICE_COM_CONT,NOTICE_COM_DATE) values (2,2,'psh40963@naver.com','두번째 seq테스트 공지댓글입니다.',to_date('2021/02/26','RRRR/MM/DD'));
REM INSERTING into TERMS
SET DEFINE OFF;
Insert into TERMS (TERMS_NO,TERMS_TITLE,TERMS_ESSEN,TERMS_SEQ,TERMS_USE) values (1,'서비스 이용약관',0,1,1);
Insert into TERMS (TERMS_NO,TERMS_TITLE,TERMS_ESSEN,TERMS_SEQ,TERMS_USE) values (2,'개인정보 수집 및 이용동의',0,2,1);
Insert into TERMS (TERMS_NO,TERMS_TITLE,TERMS_ESSEN,TERMS_SEQ,TERMS_USE) values (3,'개인정보의 제3자 제공 동의',0,3,1);
Insert into TERMS (TERMS_NO,TERMS_TITLE,TERMS_ESSEN,TERMS_SEQ,TERMS_USE) values (5,'선택적인 수집/이용 동의',1,5,1);
Insert into TERMS (TERMS_NO,TERMS_TITLE,TERMS_ESSEN,TERMS_SEQ,TERMS_USE) values (6,'프로모션 등 정보 이메일 수신 동의',1,6,1);
Insert into TERMS (TERMS_NO,TERMS_TITLE,TERMS_ESSEN,TERMS_SEQ,TERMS_USE) values (4,'위치기반서비스 이용약관 동의',1,4,1);
REM INSERTING into TERMS_HIS
SET DEFINE OFF;
Insert into TERMS_HIS (TERMS_NO,USER_ID,TERMS_AGREE) values (4,'chdnjs7610@naver.com',1);
Insert into TERMS_HIS (TERMS_NO,USER_ID,TERMS_AGREE) values (6,'kkobuk@hotmail.co.kr',1);
Insert into TERMS_HIS (TERMS_NO,USER_ID,TERMS_AGREE) values (5,'kkobuk@hotmail.co.kr',1);
Insert into TERMS_HIS (TERMS_NO,USER_ID,TERMS_AGREE) values (1,'expedition1205@gmail.com',1);
Insert into TERMS_HIS (TERMS_NO,USER_ID,TERMS_AGREE) values (2,'expedition1205@gmail.com',1);
Insert into TERMS_HIS (TERMS_NO,USER_ID,TERMS_AGREE) values (3,'expedition1205@gmail.com',1);
Insert into TERMS_HIS (TERMS_NO,USER_ID,TERMS_AGREE) values (4,'expedition1205@gmail.com',1);
Insert into TERMS_HIS (TERMS_NO,USER_ID,TERMS_AGREE) values (5,'expedition1205@gmail.com',1);
Insert into TERMS_HIS (TERMS_NO,USER_ID,TERMS_AGREE) values (6,'expedition1205@gmail.com',1);
Insert into TERMS_HIS (TERMS_NO,USER_ID,TERMS_AGREE) values (6,'chdnjs7610@naver.com',1);
Insert into TERMS_HIS (TERMS_NO,USER_ID,TERMS_AGREE) values (4,'kkobuk@hotmail.co.kr',1);
REM INSERTING into USERS
SET DEFINE OFF;
Insert into USERS (USER_ID,CLASS_ID,USER_NICKNAME,USER_PASSWORD,USER_NAME,USER_TEL,USER_BIRTH,USER_RATING,USER_THEME,USER_SIGN_DATE,USER_BIO,USER_PIC) values ('psh40963@naver.com','C202011302','테스터쉐인','7mofKfVgkpHr4bWRXQs8IA==','박세현','1234',null,1,0,to_date('2021/02/16','RRRR/MM/DD'),'자기 소개 입니다 !! 세줄 까지 됩니다 !!! ㅎㅎ','psh40963@naver.com.png');
Insert into USERS (USER_ID,CLASS_ID,USER_NICKNAME,USER_PASSWORD,USER_NAME,USER_TEL,USER_BIRTH,USER_RATING,USER_THEME,USER_SIGN_DATE,USER_BIO,USER_PIC) values ('chdnjs7610@gmail.com','C202011302','테스터스칼릿','V2BcE1TZ8jLxHoddtXZFyw==','박초원','1234',null,0,0,to_date('2021/02/16','RRRR/MM/DD'),'스칼릿의 자기소개 페이지 입니다!! 자기 소개를 뭐라도 써봐야 읽어오니깐 써봤습니다','chdnjs7610@gmail.com.jpg');
Insert into USERS (USER_ID,CLASS_ID,USER_NICKNAME,USER_PASSWORD,USER_NAME,USER_TEL,USER_BIRTH,USER_RATING,USER_THEME,USER_SIGN_DATE,USER_BIO,USER_PIC) values ('a001','C000','지존쉐인','sa/6l8wdhncpYzkFD168Yw==','shane','010-1234-1234',null,0,0,to_date('2021/02/16','RRRR/MM/DD'),null,null);
Insert into USERS (USER_ID,CLASS_ID,USER_NICKNAME,USER_PASSWORD,USER_NAME,USER_TEL,USER_BIRTH,USER_RATING,USER_THEME,USER_SIGN_DATE,USER_BIO,USER_PIC) values ('a002','C000','나는써머','1234','summer','010-1111-1111',null,0,0,to_date('2021/02/16','RRRR/MM/DD'),null,null);
Insert into USERS (USER_ID,CLASS_ID,USER_NICKNAME,USER_PASSWORD,USER_NAME,USER_TEL,USER_BIRTH,USER_RATING,USER_THEME,USER_SIGN_DATE,USER_BIO,USER_PIC) values ('a003','C000','최강스칼릿','1234','scarlett','010-2222-2222',null,0,0,to_date('2021/02/16','RRRR/MM/DD'),null,null);
Insert into USERS (USER_ID,CLASS_ID,USER_NICKNAME,USER_PASSWORD,USER_NAME,USER_TEL,USER_BIRTH,USER_RATING,USER_THEME,USER_SIGN_DATE,USER_BIO,USER_PIC) values ('expedition1205@gmail.com','C202011302','조씨','2i9CW58j7X7N5Fk3vna6Jg==','원정훈','1234',null,0,0,to_date('2021/02/16','RRRR/MM/DD'),'뭐라도 써야되는데[ 3줄 써야되니까 길게 씁니다 아아아하하하하ㅏ가가가가가','expedition1205@gmail.com.jpg');
Insert into USERS (USER_ID,CLASS_ID,USER_NICKNAME,USER_PASSWORD,USER_NAME,USER_TEL,USER_BIRTH,USER_RATING,USER_THEME,USER_SIGN_DATE,USER_BIO,USER_PIC) values ('dnjs0318@naver.com','C000','두번째조씨','tggmUhl2yVnveT5WiNKMrA==','내이름조씨','0100000000',null,0,0,to_date('2021/03/05','RRRR/MM/DD'),'자기소개가 없습니다.',null);
Insert into USERS (USER_ID,CLASS_ID,USER_NICKNAME,USER_PASSWORD,USER_NAME,USER_TEL,USER_BIRTH,USER_RATING,USER_THEME,USER_SIGN_DATE,USER_BIO,USER_PIC) values ('kkobuk@hotmail.co.kr','C000','하하호호','RuSsOprRfWCD4xtnGY7IlA==','박세현부캐','1231231231','2000-11-11',0,0,to_date('2021/03/06','RRRR/MM/DD'),'자기소개가 없습니다.',null);
Insert into USERS (USER_ID,CLASS_ID,USER_NICKNAME,USER_PASSWORD,USER_NAME,USER_TEL,USER_BIRTH,USER_RATING,USER_THEME,USER_SIGN_DATE,USER_BIO,USER_PIC) values ('aa','C000','dddd','dd','test','ddd',null,0,0,to_date('2021/03/04','RRRR/MM/DD'),'자기소개가 없습니다.',null);
Insert into USERS (USER_ID,CLASS_ID,USER_NICKNAME,USER_PASSWORD,USER_NAME,USER_TEL,USER_BIRTH,USER_RATING,USER_THEME,USER_SIGN_DATE,USER_BIO,USER_PIC) values ('chdnjs7610@naver.com','C000','스칼렛부캐','MhNxz0ZPTjpUfhEo6nCi7g==',null,null,null,0,0,to_date('2021/03/05','RRRR/MM/DD'),'자기소개가 없습니다.',null);
Insert into USERS (USER_ID,CLASS_ID,USER_NICKNAME,USER_PASSWORD,USER_NAME,USER_TEL,USER_BIRTH,USER_RATING,USER_THEME,USER_SIGN_DATE,USER_BIO,USER_PIC) values ('bomik0614@gmail.com','C202011302','썸머','HluiWkLOzoNKZT+GCCyZWQ==',null,null,null,0,0,to_date('2021/02/26','RRRR/MM/DD'),'자기소개가 없습니다.','bomik0614@gmail.com.jpg');
--------------------------------------------------------
--  DDL for Index PK_FEED_COM_RE
--------------------------------------------------------

  CREATE UNIQUE INDEX "PK_FEED_COM_RE" ON "FEED_COM_RE" ("F_COM_RE_NO") 
  PCTFREE 10 INITRANS 2 MAXTRANS 255 COMPUTE STATISTICS 
  STORAGE(INITIAL 65536 NEXT 1048576 MINEXTENTS 1 MAXEXTENTS 2147483645
  PCTINCREASE 0 FREELISTS 1 FREELIST GROUPS 1 BUFFER_POOL DEFAULT FLASH_CACHE DEFAULT CELL_FLASH_CACHE DEFAULT)
  TABLESPACE "TS_202011M" ;
--------------------------------------------------------
--  DDL for Index PK_USERS
--------------------------------------------------------

  CREATE UNIQUE INDEX "PK_USERS" ON "USERS" ("USER_ID") 
  PCTFREE 10 INITRANS 2 MAXTRANS 255 COMPUTE STATISTICS 
  STORAGE(INITIAL 65536 NEXT 1048576 MINEXTENTS 1 MAXEXTENTS 2147483645
  PCTINCREASE 0 FREELISTS 1 FREELIST GROUPS 1 BUFFER_POOL DEFAULT FLASH_CACHE DEFAULT CELL_FLASH_CACHE DEFAULT)
  TABLESPACE "TS_202011M" ;
--------------------------------------------------------
--  DDL for Index PK_MESSAGE
--------------------------------------------------------

  CREATE UNIQUE INDEX "PK_MESSAGE" ON "MESSAGE" ("MSG_NO") 
  PCTFREE 10 INITRANS 2 MAXTRANS 255 COMPUTE STATISTICS 
  STORAGE(INITIAL 65536 NEXT 1048576 MINEXTENTS 1 MAXEXTENTS 2147483645
  PCTINCREASE 0 FREELISTS 1 FREELIST GROUPS 1 BUFFER_POOL DEFAULT FLASH_CACHE DEFAULT CELL_FLASH_CACHE DEFAULT)
  TABLESPACE "TS_202011M" ;
--------------------------------------------------------
--  DDL for Index PK_EMAIL_CHECK
--------------------------------------------------------

  CREATE UNIQUE INDEX "PK_EMAIL_CHECK" ON "EMAIL_CHECK" ("EMAIL_CHK_NO") 
  PCTFREE 10 INITRANS 2 MAXTRANS 255 COMPUTE STATISTICS 
  STORAGE(INITIAL 65536 NEXT 1048576 MINEXTENTS 1 MAXEXTENTS 2147483645
  PCTINCREASE 0 FREELISTS 1 FREELIST GROUPS 1 BUFFER_POOL DEFAULT FLASH_CACHE DEFAULT CELL_FLASH_CACHE DEFAULT)
  TABLESPACE "TS_202011M" ;
--------------------------------------------------------
--  DDL for Index PK_CLASS
--------------------------------------------------------

  CREATE UNIQUE INDEX "PK_CLASS" ON "CLASS" ("CLASS_ID") 
  PCTFREE 10 INITRANS 2 MAXTRANS 255 COMPUTE STATISTICS 
  STORAGE(INITIAL 65536 NEXT 1048576 MINEXTENTS 1 MAXEXTENTS 2147483645
  PCTINCREASE 0 FREELISTS 1 FREELIST GROUPS 1 BUFFER_POOL DEFAULT FLASH_CACHE DEFAULT CELL_FLASH_CACHE DEFAULT)
  TABLESPACE "TS_202011M" ;
--------------------------------------------------------
--  DDL for Index PK_FEED_COMMENT
--------------------------------------------------------

  CREATE UNIQUE INDEX "PK_FEED_COMMENT" ON "FEED_COMMENT" ("FEED_COM_NO") 
  PCTFREE 10 INITRANS 2 MAXTRANS 255 COMPUTE STATISTICS 
  STORAGE(INITIAL 65536 NEXT 1048576 MINEXTENTS 1 MAXEXTENTS 2147483645
  PCTINCREASE 0 FREELISTS 1 FREELIST GROUPS 1 BUFFER_POOL DEFAULT FLASH_CACHE DEFAULT CELL_FLASH_CACHE DEFAULT)
  TABLESPACE "TS_202011M" ;
--------------------------------------------------------
--  DDL for Index PK_FOLLOW
--------------------------------------------------------

  CREATE UNIQUE INDEX "PK_FOLLOW" ON "FOLLOW" ("FOLLOW_NO") 
  PCTFREE 10 INITRANS 2 MAXTRANS 255 COMPUTE STATISTICS 
  STORAGE(INITIAL 65536 NEXT 1048576 MINEXTENTS 1 MAXEXTENTS 2147483645
  PCTINCREASE 0 FREELISTS 1 FREELIST GROUPS 1 BUFFER_POOL DEFAULT FLASH_CACHE DEFAULT CELL_FLASH_CACHE DEFAULT)
  TABLESPACE "TS_202011M" ;
--------------------------------------------------------
--  DDL for Index PK_ALARM
--------------------------------------------------------

  CREATE UNIQUE INDEX "PK_ALARM" ON "ALARM" ("ALARM_NO") 
  PCTFREE 10 INITRANS 2 MAXTRANS 255 COMPUTE STATISTICS 
  STORAGE(INITIAL 65536 NEXT 1048576 MINEXTENTS 1 MAXEXTENTS 2147483645
  PCTINCREASE 0 FREELISTS 1 FREELIST GROUPS 1 BUFFER_POOL DEFAULT FLASH_CACHE DEFAULT CELL_FLASH_CACHE DEFAULT)
  TABLESPACE "TS_202011M" ;
--------------------------------------------------------
--  DDL for Index PK_LIKES
--------------------------------------------------------

  CREATE UNIQUE INDEX "PK_LIKES" ON "LIKES" ("LIKE_NO") 
  PCTFREE 10 INITRANS 2 MAXTRANS 255 COMPUTE STATISTICS 
  STORAGE(INITIAL 65536 NEXT 1048576 MINEXTENTS 1 MAXEXTENTS 2147483645
  PCTINCREASE 0 FREELISTS 1 FREELIST GROUPS 1 BUFFER_POOL DEFAULT FLASH_CACHE DEFAULT CELL_FLASH_CACHE DEFAULT)
  TABLESPACE "TS_202011M" ;
--------------------------------------------------------
--  DDL for Index PK_CLASS_MSG
--------------------------------------------------------

  CREATE UNIQUE INDEX "PK_CLASS_MSG" ON "CLASS_MSG" ("CMSG_NO") 
  PCTFREE 10 INITRANS 2 MAXTRANS 255 COMPUTE STATISTICS 
  STORAGE(INITIAL 65536 NEXT 1048576 MINEXTENTS 1 MAXEXTENTS 2147483645
  PCTINCREASE 0 FREELISTS 1 FREELIST GROUPS 1 BUFFER_POOL DEFAULT FLASH_CACHE DEFAULT CELL_FLASH_CACHE DEFAULT)
  TABLESPACE "TS_202011M" ;
--------------------------------------------------------
--  DDL for Index PK_NOTICE
--------------------------------------------------------

  CREATE UNIQUE INDEX "PK_NOTICE" ON "NOTICE" ("NOTICE_NO") 
  PCTFREE 10 INITRANS 2 MAXTRANS 255 COMPUTE STATISTICS 
  STORAGE(INITIAL 65536 NEXT 1048576 MINEXTENTS 1 MAXEXTENTS 2147483645
  PCTINCREASE 0 FREELISTS 1 FREELIST GROUPS 1 BUFFER_POOL DEFAULT FLASH_CACHE DEFAULT CELL_FLASH_CACHE DEFAULT)
  TABLESPACE "TS_202011M" ;
--------------------------------------------------------
--  DDL for Index PK_NOTICE_COMMENT
--------------------------------------------------------

  CREATE UNIQUE INDEX "PK_NOTICE_COMMENT" ON "NOTICE_COMMENT" ("NOTICE_COM_NO") 
  PCTFREE 10 INITRANS 2 MAXTRANS 255 COMPUTE STATISTICS 
  STORAGE(INITIAL 65536 NEXT 1048576 MINEXTENTS 1 MAXEXTENTS 2147483645
  PCTINCREASE 0 FREELISTS 1 FREELIST GROUPS 1 BUFFER_POOL DEFAULT FLASH_CACHE DEFAULT CELL_FLASH_CACHE DEFAULT)
  TABLESPACE "TS_202011M" ;
--------------------------------------------------------
--  DDL for Index TERMS_PK
--------------------------------------------------------

  CREATE UNIQUE INDEX "TERMS_PK" ON "TERMS" ("TERMS_NO") 
  PCTFREE 10 INITRANS 2 MAXTRANS 255 COMPUTE STATISTICS 
  STORAGE(INITIAL 65536 NEXT 1048576 MINEXTENTS 1 MAXEXTENTS 2147483645
  PCTINCREASE 0 FREELISTS 1 FREELIST GROUPS 1 BUFFER_POOL DEFAULT FLASH_CACHE DEFAULT CELL_FLASH_CACHE DEFAULT)
  TABLESPACE "TS_202011M" ;
--------------------------------------------------------
--  DDL for Index PK_FEED
--------------------------------------------------------

  CREATE UNIQUE INDEX "PK_FEED" ON "FEED" ("FEED_NO") 
  PCTFREE 10 INITRANS 2 MAXTRANS 255 COMPUTE STATISTICS 
  STORAGE(INITIAL 65536 NEXT 1048576 MINEXTENTS 1 MAXEXTENTS 2147483645
  PCTINCREASE 0 FREELISTS 1 FREELIST GROUPS 1 BUFFER_POOL DEFAULT FLASH_CACHE DEFAULT CELL_FLASH_CACHE DEFAULT)
  TABLESPACE "TS_202011M" ;
--------------------------------------------------------
--  DDL for Index PK_TABLE
--------------------------------------------------------

  CREATE UNIQUE INDEX "PK_TABLE" ON "NEWS" ("NEWS_NO") 
  PCTFREE 10 INITRANS 2 MAXTRANS 255 COMPUTE STATISTICS 
  STORAGE(INITIAL 65536 NEXT 1048576 MINEXTENTS 1 MAXEXTENTS 2147483645
  PCTINCREASE 0 FREELISTS 1 FREELIST GROUPS 1 BUFFER_POOL DEFAULT FLASH_CACHE DEFAULT CELL_FLASH_CACHE DEFAULT)
  TABLESPACE "TS_202011M" ;
--------------------------------------------------------
--  DDL for Index PK_BLAME
--------------------------------------------------------

  CREATE UNIQUE INDEX "PK_BLAME" ON "BLAME" ("BLAME_NO") 
  PCTFREE 10 INITRANS 2 MAXTRANS 255 COMPUTE STATISTICS 
  STORAGE(INITIAL 65536 NEXT 1048576 MINEXTENTS 1 MAXEXTENTS 2147483645
  PCTINCREASE 0 FREELISTS 1 FREELIST GROUPS 1 BUFFER_POOL DEFAULT FLASH_CACHE DEFAULT CELL_FLASH_CACHE DEFAULT)
  TABLESPACE "TS_202011M" ;
--------------------------------------------------------
--  Constraints for Table LIKES_BACKUP
--------------------------------------------------------

  ALTER TABLE "LIKES_BACKUP" MODIFY ("FEED_NO" NOT NULL ENABLE);
  ALTER TABLE "LIKES_BACKUP" MODIFY ("USER_ID" NOT NULL ENABLE);
  ALTER TABLE "LIKES_BACKUP" MODIFY ("LIKE_NO" NOT NULL ENABLE);
--------------------------------------------------------
--  Constraints for Table USERS
--------------------------------------------------------

  ALTER TABLE "USERS" ADD CONSTRAINT "PK_USERS" PRIMARY KEY ("USER_ID")
  USING INDEX PCTFREE 10 INITRANS 2 MAXTRANS 255 COMPUTE STATISTICS 
  STORAGE(INITIAL 65536 NEXT 1048576 MINEXTENTS 1 MAXEXTENTS 2147483645
  PCTINCREASE 0 FREELISTS 1 FREELIST GROUPS 1 BUFFER_POOL DEFAULT FLASH_CACHE DEFAULT CELL_FLASH_CACHE DEFAULT)
  TABLESPACE "TS_202011M"  ENABLE;
  ALTER TABLE "USERS" MODIFY ("USER_SIGN_DATE" NOT NULL ENABLE);
  ALTER TABLE "USERS" MODIFY ("USER_PASSWORD" NOT NULL ENABLE);
  ALTER TABLE "USERS" MODIFY ("USER_NICKNAME" NOT NULL ENABLE);
  ALTER TABLE "USERS" MODIFY ("CLASS_ID" NOT NULL ENABLE);
  ALTER TABLE "USERS" MODIFY ("USER_ID" NOT NULL ENABLE);
--------------------------------------------------------
--  Constraints for Table TERMS_HIS
--------------------------------------------------------

  ALTER TABLE "TERMS_HIS" MODIFY ("TERMS_AGREE" NOT NULL ENABLE);
  ALTER TABLE "TERMS_HIS" MODIFY ("USER_ID" NOT NULL ENABLE);
  ALTER TABLE "TERMS_HIS" MODIFY ("TERMS_NO" NOT NULL ENABLE);
--------------------------------------------------------
--  Constraints for Table TERMS
--------------------------------------------------------

  ALTER TABLE "TERMS" ADD CONSTRAINT "TERMS_PK" PRIMARY KEY ("TERMS_NO")
  USING INDEX PCTFREE 10 INITRANS 2 MAXTRANS 255 COMPUTE STATISTICS 
  STORAGE(INITIAL 65536 NEXT 1048576 MINEXTENTS 1 MAXEXTENTS 2147483645
  PCTINCREASE 0 FREELISTS 1 FREELIST GROUPS 1 BUFFER_POOL DEFAULT FLASH_CACHE DEFAULT CELL_FLASH_CACHE DEFAULT)
  TABLESPACE "TS_202011M"  ENABLE;
  ALTER TABLE "TERMS" MODIFY ("TERMS_NO" NOT NULL ENABLE);
--------------------------------------------------------
--  Constraints for Table LIKES
--------------------------------------------------------

  ALTER TABLE "LIKES" ADD CONSTRAINT "PK_LIKES" PRIMARY KEY ("LIKE_NO")
  USING INDEX PCTFREE 10 INITRANS 2 MAXTRANS 255 COMPUTE STATISTICS 
  STORAGE(INITIAL 65536 NEXT 1048576 MINEXTENTS 1 MAXEXTENTS 2147483645
  PCTINCREASE 0 FREELISTS 1 FREELIST GROUPS 1 BUFFER_POOL DEFAULT FLASH_CACHE DEFAULT CELL_FLASH_CACHE DEFAULT)
  TABLESPACE "TS_202011M"  ENABLE;
  ALTER TABLE "LIKES" MODIFY ("FEED_NO" NOT NULL ENABLE);
  ALTER TABLE "LIKES" MODIFY ("USER_ID" NOT NULL ENABLE);
  ALTER TABLE "LIKES" MODIFY ("LIKE_NO" NOT NULL ENABLE);
--------------------------------------------------------
--  Constraints for Table CLASS
--------------------------------------------------------

  ALTER TABLE "CLASS" ADD CONSTRAINT "PK_CLASS" PRIMARY KEY ("CLASS_ID")
  USING INDEX PCTFREE 10 INITRANS 2 MAXTRANS 255 COMPUTE STATISTICS 
  STORAGE(INITIAL 65536 NEXT 1048576 MINEXTENTS 1 MAXEXTENTS 2147483645
  PCTINCREASE 0 FREELISTS 1 FREELIST GROUPS 1 BUFFER_POOL DEFAULT FLASH_CACHE DEFAULT CELL_FLASH_CACHE DEFAULT)
  TABLESPACE "TS_202011M"  ENABLE;
  ALTER TABLE "CLASS" MODIFY ("CLASS_ROOM" NOT NULL ENABLE);
  ALTER TABLE "CLASS" MODIFY ("CLASS_NUM" NOT NULL ENABLE);
  ALTER TABLE "CLASS" MODIFY ("CLASS_TITLE" NOT NULL ENABLE);
  ALTER TABLE "CLASS" MODIFY ("CLASS_END" NOT NULL ENABLE);
  ALTER TABLE "CLASS" MODIFY ("CLASS_START" NOT NULL ENABLE);
  ALTER TABLE "CLASS" MODIFY ("CLASS_ID" NOT NULL ENABLE);
--------------------------------------------------------
--  Constraints for Table FOLLOW
--------------------------------------------------------

  ALTER TABLE "FOLLOW" ADD CONSTRAINT "PK_FOLLOW" PRIMARY KEY ("FOLLOW_NO")
  USING INDEX PCTFREE 10 INITRANS 2 MAXTRANS 255 COMPUTE STATISTICS 
  STORAGE(INITIAL 65536 NEXT 1048576 MINEXTENTS 1 MAXEXTENTS 2147483645
  PCTINCREASE 0 FREELISTS 1 FREELIST GROUPS 1 BUFFER_POOL DEFAULT FLASH_CACHE DEFAULT CELL_FLASH_CACHE DEFAULT)
  TABLESPACE "TS_202011M"  ENABLE;
  ALTER TABLE "FOLLOW" MODIFY ("FOLLOWEE" NOT NULL ENABLE);
  ALTER TABLE "FOLLOW" MODIFY ("FOLLOWER" NOT NULL ENABLE);
  ALTER TABLE "FOLLOW" MODIFY ("FOLLOW_NO" NOT NULL ENABLE);
--------------------------------------------------------
--  Constraints for Table FEED_COM_RE
--------------------------------------------------------

  ALTER TABLE "FEED_COM_RE" ADD CONSTRAINT "PK_FEED_COM_RE" PRIMARY KEY ("F_COM_RE_NO")
  USING INDEX PCTFREE 10 INITRANS 2 MAXTRANS 255 COMPUTE STATISTICS 
  STORAGE(INITIAL 65536 NEXT 1048576 MINEXTENTS 1 MAXEXTENTS 2147483645
  PCTINCREASE 0 FREELISTS 1 FREELIST GROUPS 1 BUFFER_POOL DEFAULT FLASH_CACHE DEFAULT CELL_FLASH_CACHE DEFAULT)
  TABLESPACE "TS_202011M"  ENABLE;
  ALTER TABLE "FEED_COM_RE" MODIFY ("F_COM_RE_DATE" NOT NULL ENABLE);
  ALTER TABLE "FEED_COM_RE" MODIFY ("F_COM_RE_CONT" NOT NULL ENABLE);
  ALTER TABLE "FEED_COM_RE" MODIFY ("USER_ID" NOT NULL ENABLE);
  ALTER TABLE "FEED_COM_RE" MODIFY ("FEED_COM_NO" NOT NULL ENABLE);
  ALTER TABLE "FEED_COM_RE" MODIFY ("F_COM_RE_NO" NOT NULL ENABLE);
--------------------------------------------------------
--  Constraints for Table FEED_COMMENT
--------------------------------------------------------

  ALTER TABLE "FEED_COMMENT" ADD CONSTRAINT "PK_FEED_COMMENT" PRIMARY KEY ("FEED_COM_NO")
  USING INDEX PCTFREE 10 INITRANS 2 MAXTRANS 255 COMPUTE STATISTICS 
  STORAGE(INITIAL 65536 NEXT 1048576 MINEXTENTS 1 MAXEXTENTS 2147483645
  PCTINCREASE 0 FREELISTS 1 FREELIST GROUPS 1 BUFFER_POOL DEFAULT FLASH_CACHE DEFAULT CELL_FLASH_CACHE DEFAULT)
  TABLESPACE "TS_202011M"  ENABLE;
  ALTER TABLE "FEED_COMMENT" MODIFY ("FEED_COM_DATE" NOT NULL ENABLE);
  ALTER TABLE "FEED_COMMENT" MODIFY ("FEED_COM_CONT" NOT NULL ENABLE);
  ALTER TABLE "FEED_COMMENT" MODIFY ("USER_ID" NOT NULL ENABLE);
  ALTER TABLE "FEED_COMMENT" MODIFY ("FEED_NO" NOT NULL ENABLE);
  ALTER TABLE "FEED_COMMENT" MODIFY ("FEED_COM_NO" NOT NULL ENABLE);
--------------------------------------------------------
--  Constraints for Table NEWS
--------------------------------------------------------

  ALTER TABLE "NEWS" ADD CONSTRAINT "PK_TABLE" PRIMARY KEY ("NEWS_NO")
  USING INDEX PCTFREE 10 INITRANS 2 MAXTRANS 255 COMPUTE STATISTICS 
  STORAGE(INITIAL 65536 NEXT 1048576 MINEXTENTS 1 MAXEXTENTS 2147483645
  PCTINCREASE 0 FREELISTS 1 FREELIST GROUPS 1 BUFFER_POOL DEFAULT FLASH_CACHE DEFAULT CELL_FLASH_CACHE DEFAULT)
  TABLESPACE "TS_202011M"  ENABLE;
  ALTER TABLE "NEWS" MODIFY ("NEWS_DATE" NOT NULL ENABLE);
  ALTER TABLE "NEWS" MODIFY ("NEWS_TITLE" NOT NULL ENABLE);
  ALTER TABLE "NEWS" MODIFY ("NEWS_NO" NOT NULL ENABLE);
--------------------------------------------------------
--  Constraints for Table EMAIL_CHECK
--------------------------------------------------------

  ALTER TABLE "EMAIL_CHECK" ADD CONSTRAINT "PK_EMAIL_CHECK" PRIMARY KEY ("EMAIL_CHK_NO")
  USING INDEX PCTFREE 10 INITRANS 2 MAXTRANS 255 COMPUTE STATISTICS 
  STORAGE(INITIAL 65536 NEXT 1048576 MINEXTENTS 1 MAXEXTENTS 2147483645
  PCTINCREASE 0 FREELISTS 1 FREELIST GROUPS 1 BUFFER_POOL DEFAULT FLASH_CACHE DEFAULT CELL_FLASH_CACHE DEFAULT)
  TABLESPACE "TS_202011M"  ENABLE;
  ALTER TABLE "EMAIL_CHECK" MODIFY ("EMAIL_CHK_ADDR" NOT NULL ENABLE);
  ALTER TABLE "EMAIL_CHECK" MODIFY ("EMAIL_CHK_CONT" NOT NULL ENABLE);
  ALTER TABLE "EMAIL_CHECK" MODIFY ("EMAIL_CHK_DATE" NOT NULL ENABLE);
  ALTER TABLE "EMAIL_CHECK" MODIFY ("EMAIL_CHK_NO" NOT NULL ENABLE);
--------------------------------------------------------
--  Constraints for Table CLASS_MSG
--------------------------------------------------------

  ALTER TABLE "CLASS_MSG" ADD CONSTRAINT "PK_CLASS_MSG" PRIMARY KEY ("CMSG_NO")
  USING INDEX PCTFREE 10 INITRANS 2 MAXTRANS 255 COMPUTE STATISTICS 
  STORAGE(INITIAL 65536 NEXT 1048576 MINEXTENTS 1 MAXEXTENTS 2147483645
  PCTINCREASE 0 FREELISTS 1 FREELIST GROUPS 1 BUFFER_POOL DEFAULT FLASH_CACHE DEFAULT CELL_FLASH_CACHE DEFAULT)
  TABLESPACE "TS_202011M"  ENABLE;
  ALTER TABLE "CLASS_MSG" MODIFY ("MSG_SENDDATE" NOT NULL ENABLE);
  ALTER TABLE "CLASS_MSG" MODIFY ("MSG_CONT" NOT NULL ENABLE);
  ALTER TABLE "CLASS_MSG" MODIFY ("MSG_SENDER" NOT NULL ENABLE);
  ALTER TABLE "CLASS_MSG" MODIFY ("CLASS_ID" NOT NULL ENABLE);
  ALTER TABLE "CLASS_MSG" MODIFY ("CMSG_NO" NOT NULL ENABLE);
--------------------------------------------------------
--  Constraints for Table MESSAGE
--------------------------------------------------------

  ALTER TABLE "MESSAGE" ADD CONSTRAINT "PK_MESSAGE" PRIMARY KEY ("MSG_NO")
  USING INDEX PCTFREE 10 INITRANS 2 MAXTRANS 255 COMPUTE STATISTICS 
  STORAGE(INITIAL 65536 NEXT 1048576 MINEXTENTS 1 MAXEXTENTS 2147483645
  PCTINCREASE 0 FREELISTS 1 FREELIST GROUPS 1 BUFFER_POOL DEFAULT FLASH_CACHE DEFAULT CELL_FLASH_CACHE DEFAULT)
  TABLESPACE "TS_202011M"  ENABLE;
  ALTER TABLE "MESSAGE" MODIFY ("MSG_SENDDATE" NOT NULL ENABLE);
  ALTER TABLE "MESSAGE" MODIFY ("MSG_CONTENT" NOT NULL ENABLE);
  ALTER TABLE "MESSAGE" MODIFY ("MSG_SENDER" NOT NULL ENABLE);
  ALTER TABLE "MESSAGE" MODIFY ("MSG_TARGET_ID" NOT NULL ENABLE);
  ALTER TABLE "MESSAGE" MODIFY ("MSG_NO" NOT NULL ENABLE);
--------------------------------------------------------
--  Constraints for Table NOTICE_COMMENT
--------------------------------------------------------

  ALTER TABLE "NOTICE_COMMENT" ADD CONSTRAINT "PK_NOTICE_COMMENT" PRIMARY KEY ("NOTICE_COM_NO")
  USING INDEX PCTFREE 10 INITRANS 2 MAXTRANS 255 COMPUTE STATISTICS 
  STORAGE(INITIAL 65536 NEXT 1048576 MINEXTENTS 1 MAXEXTENTS 2147483645
  PCTINCREASE 0 FREELISTS 1 FREELIST GROUPS 1 BUFFER_POOL DEFAULT FLASH_CACHE DEFAULT CELL_FLASH_CACHE DEFAULT)
  TABLESPACE "TS_202011M"  ENABLE;
  ALTER TABLE "NOTICE_COMMENT" MODIFY ("NOTICE_COM_DATE" NOT NULL ENABLE);
  ALTER TABLE "NOTICE_COMMENT" MODIFY ("NOTICE_COM_CONT" NOT NULL ENABLE);
  ALTER TABLE "NOTICE_COMMENT" MODIFY ("USER_ID" NOT NULL ENABLE);
  ALTER TABLE "NOTICE_COMMENT" MODIFY ("NOTICE_NO" NOT NULL ENABLE);
  ALTER TABLE "NOTICE_COMMENT" MODIFY ("NOTICE_COM_NO" NOT NULL ENABLE);
--------------------------------------------------------
--  Constraints for Table NOTICE
--------------------------------------------------------

  ALTER TABLE "NOTICE" ADD CONSTRAINT "PK_NOTICE" PRIMARY KEY ("NOTICE_NO")
  USING INDEX PCTFREE 10 INITRANS 2 MAXTRANS 255 COMPUTE STATISTICS 
  STORAGE(INITIAL 65536 NEXT 1048576 MINEXTENTS 1 MAXEXTENTS 2147483645
  PCTINCREASE 0 FREELISTS 1 FREELIST GROUPS 1 BUFFER_POOL DEFAULT FLASH_CACHE DEFAULT CELL_FLASH_CACHE DEFAULT)
  TABLESPACE "TS_202011M"  ENABLE;
  ALTER TABLE "NOTICE" MODIFY ("NOTICE_DATE" NOT NULL ENABLE);
  ALTER TABLE "NOTICE" MODIFY ("NOTICE_CONT" NOT NULL ENABLE);
  ALTER TABLE "NOTICE" MODIFY ("USER_ID" NOT NULL ENABLE);
  ALTER TABLE "NOTICE" MODIFY ("NOTICE_NO" NOT NULL ENABLE);
--------------------------------------------------------
--  Constraints for Table FEED
--------------------------------------------------------

  ALTER TABLE "FEED" ADD CONSTRAINT "PK_FEED" PRIMARY KEY ("FEED_NO")
  USING INDEX PCTFREE 10 INITRANS 2 MAXTRANS 255 COMPUTE STATISTICS 
  STORAGE(INITIAL 65536 NEXT 1048576 MINEXTENTS 1 MAXEXTENTS 2147483645
  PCTINCREASE 0 FREELISTS 1 FREELIST GROUPS 1 BUFFER_POOL DEFAULT FLASH_CACHE DEFAULT CELL_FLASH_CACHE DEFAULT)
  TABLESPACE "TS_202011M"  ENABLE;
  ALTER TABLE "FEED" MODIFY ("FEED_DATE" NOT NULL ENABLE);
  ALTER TABLE "FEED" MODIFY ("FEED_CONT" NOT NULL ENABLE);
  ALTER TABLE "FEED" MODIFY ("USER_ID" NOT NULL ENABLE);
  ALTER TABLE "FEED" MODIFY ("FEED_NO" NOT NULL ENABLE);
--------------------------------------------------------
--  Constraints for Table BLAME
--------------------------------------------------------

  ALTER TABLE "BLAME" ADD CONSTRAINT "PK_BLAME" PRIMARY KEY ("BLAME_NO")
  USING INDEX PCTFREE 10 INITRANS 2 MAXTRANS 255 COMPUTE STATISTICS 
  STORAGE(INITIAL 65536 NEXT 1048576 MINEXTENTS 1 MAXEXTENTS 2147483645
  PCTINCREASE 0 FREELISTS 1 FREELIST GROUPS 1 BUFFER_POOL DEFAULT FLASH_CACHE DEFAULT CELL_FLASH_CACHE DEFAULT)
  TABLESPACE "TS_202011M"  ENABLE;
  ALTER TABLE "BLAME" MODIFY ("BLAME_DATE" NOT NULL ENABLE);
  ALTER TABLE "BLAME" MODIFY ("FEED_NO" NOT NULL ENABLE);
  ALTER TABLE "BLAME" MODIFY ("TARGET_ID" NOT NULL ENABLE);
  ALTER TABLE "BLAME" MODIFY ("USER_ID" NOT NULL ENABLE);
  ALTER TABLE "BLAME" MODIFY ("BLAME_NO" NOT NULL ENABLE);
--------------------------------------------------------
--  Constraints for Table ALARM
--------------------------------------------------------

  ALTER TABLE "ALARM" ADD CONSTRAINT "PK_ALARM" PRIMARY KEY ("ALARM_NO")
  USING INDEX PCTFREE 10 INITRANS 2 MAXTRANS 255 COMPUTE STATISTICS 
  STORAGE(INITIAL 65536 NEXT 1048576 MINEXTENTS 1 MAXEXTENTS 2147483645
  PCTINCREASE 0 FREELISTS 1 FREELIST GROUPS 1 BUFFER_POOL DEFAULT FLASH_CACHE DEFAULT CELL_FLASH_CACHE DEFAULT)
  TABLESPACE "TS_202011M"  ENABLE;
  ALTER TABLE "ALARM" MODIFY ("ALARM_DATE" NOT NULL ENABLE);
  ALTER TABLE "ALARM" MODIFY ("ALARM_TYPE" NOT NULL ENABLE);
  ALTER TABLE "ALARM" MODIFY ("ALARM_CONT" NOT NULL ENABLE);
  ALTER TABLE "ALARM" MODIFY ("USER_ID" NOT NULL ENABLE);
  ALTER TABLE "ALARM" MODIFY ("ALARM_NO" NOT NULL ENABLE);
--------------------------------------------------------
--  Ref Constraints for Table ALARM
--------------------------------------------------------

  ALTER TABLE "ALARM" ADD CONSTRAINT "FK_USERS_TO_ALARM" FOREIGN KEY ("USER_ID")
	  REFERENCES "USERS" ("USER_ID") ENABLE;
--------------------------------------------------------
--  Ref Constraints for Table BLAME
--------------------------------------------------------

  ALTER TABLE "BLAME" ADD CONSTRAINT "FK_FEED_TO_BLAME" FOREIGN KEY ("FEED_NO")
	  REFERENCES "FEED" ("FEED_NO") ON DELETE CASCADE ENABLE;
  ALTER TABLE "BLAME" ADD CONSTRAINT "FK_USERS_TO_BLAME" FOREIGN KEY ("USER_ID")
	  REFERENCES "USERS" ("USER_ID") ENABLE;
  ALTER TABLE "BLAME" ADD CONSTRAINT "FK_USERS_TO_BLAME2" FOREIGN KEY ("TARGET_ID")
	  REFERENCES "USERS" ("USER_ID") ENABLE;
--------------------------------------------------------
--  Ref Constraints for Table CLASS_MSG
--------------------------------------------------------

  ALTER TABLE "CLASS_MSG" ADD CONSTRAINT "FK_CLASS_TO_CLASS_MSG" FOREIGN KEY ("CLASS_ID")
	  REFERENCES "CLASS" ("CLASS_ID") ENABLE;
  ALTER TABLE "CLASS_MSG" ADD CONSTRAINT "FK_USERS_TO_CLASS_MSG" FOREIGN KEY ("MSG_SENDER")
	  REFERENCES "USERS" ("USER_ID") ENABLE;
--------------------------------------------------------
--  Ref Constraints for Table FEED
--------------------------------------------------------

  ALTER TABLE "FEED" ADD CONSTRAINT "FK_USERS_TO_FEED" FOREIGN KEY ("USER_ID")
	  REFERENCES "USERS" ("USER_ID") ON DELETE CASCADE ENABLE;
--------------------------------------------------------
--  Ref Constraints for Table FEED_COMMENT
--------------------------------------------------------

  ALTER TABLE "FEED_COMMENT" ADD CONSTRAINT "FK_FEED_TO_FEED_COMMENT" FOREIGN KEY ("FEED_NO")
	  REFERENCES "FEED" ("FEED_NO") ON DELETE CASCADE ENABLE;
  ALTER TABLE "FEED_COMMENT" ADD CONSTRAINT "FK_USERS_TO_FEED_COMMENT" FOREIGN KEY ("USER_ID")
	  REFERENCES "USERS" ("USER_ID") ON DELETE CASCADE ENABLE;
--------------------------------------------------------
--  Ref Constraints for Table FEED_COM_RE
--------------------------------------------------------

  ALTER TABLE "FEED_COM_RE" ADD CONSTRAINT "FK_FEED_COMMENT_TO_FEED_COM_RE" FOREIGN KEY ("FEED_COM_NO")
	  REFERENCES "FEED_COMMENT" ("FEED_COM_NO") ON DELETE CASCADE ENABLE;
  ALTER TABLE "FEED_COM_RE" ADD CONSTRAINT "FK_USERS_TO_FEED_COM_RE" FOREIGN KEY ("USER_ID")
	  REFERENCES "USERS" ("USER_ID") ON DELETE CASCADE ENABLE;
--------------------------------------------------------
--  Ref Constraints for Table FOLLOW
--------------------------------------------------------

  ALTER TABLE "FOLLOW" ADD CONSTRAINT "FK_USERS_TO_FOLLOW" FOREIGN KEY ("FOLLOWER")
	  REFERENCES "USERS" ("USER_ID") ENABLE;
  ALTER TABLE "FOLLOW" ADD CONSTRAINT "FK_USERS_TO_FOLLOW2" FOREIGN KEY ("FOLLOWEE")
	  REFERENCES "USERS" ("USER_ID") ENABLE;
--------------------------------------------------------
--  Ref Constraints for Table LIKES
--------------------------------------------------------

  ALTER TABLE "LIKES" ADD CONSTRAINT "FK_FEED_TO_LIKES" FOREIGN KEY ("FEED_NO")
	  REFERENCES "FEED" ("FEED_NO") ON DELETE CASCADE ENABLE;
  ALTER TABLE "LIKES" ADD CONSTRAINT "FK_USERS_TO_LIKES" FOREIGN KEY ("USER_ID")
	  REFERENCES "USERS" ("USER_ID") ON DELETE CASCADE ENABLE;
--------------------------------------------------------
--  Ref Constraints for Table MESSAGE
--------------------------------------------------------

  ALTER TABLE "MESSAGE" ADD CONSTRAINT "FK_USERS_TO_MESSAGE" FOREIGN KEY ("MSG_TARGET_ID")
	  REFERENCES "USERS" ("USER_ID") ENABLE;
  ALTER TABLE "MESSAGE" ADD CONSTRAINT "FK_USERS_TO_MESSAGE2" FOREIGN KEY ("MSG_SENDER")
	  REFERENCES "USERS" ("USER_ID") ENABLE;
--------------------------------------------------------
--  Ref Constraints for Table NOTICE
--------------------------------------------------------

  ALTER TABLE "NOTICE" ADD CONSTRAINT "FK_USERS_TO_NOTICE" FOREIGN KEY ("USER_ID")
	  REFERENCES "USERS" ("USER_ID") ENABLE;
--------------------------------------------------------
--  Ref Constraints for Table NOTICE_COMMENT
--------------------------------------------------------

  ALTER TABLE "NOTICE_COMMENT" ADD CONSTRAINT "FK_NOTICE_TO_NOTICE_COMMENT" FOREIGN KEY ("NOTICE_NO")
	  REFERENCES "NOTICE" ("NOTICE_NO") ENABLE;
  ALTER TABLE "NOTICE_COMMENT" ADD CONSTRAINT "FK_USERS_TO_NOTICE_COMMENT" FOREIGN KEY ("USER_ID")
	  REFERENCES "USERS" ("USER_ID") ENABLE;
--------------------------------------------------------
--  Ref Constraints for Table TERMS_HIS
--------------------------------------------------------

  ALTER TABLE "TERMS_HIS" ADD CONSTRAINT "FK_TERMS_TO_TERMS_HIS" FOREIGN KEY ("TERMS_NO")
	  REFERENCES "TERMS" ("TERMS_NO") ENABLE;
  ALTER TABLE "TERMS_HIS" ADD CONSTRAINT "FK_USERS_TO_TERMS_HIS" FOREIGN KEY ("USER_ID")
	  REFERENCES "USERS" ("USER_ID") ENABLE;
--------------------------------------------------------
--  Ref Constraints for Table USERS
--------------------------------------------------------

  ALTER TABLE "USERS" ADD CONSTRAINT "FK_CLASS_TO_USERS" FOREIGN KEY ("CLASS_ID")
	  REFERENCES "CLASS" ("CLASS_ID") ENABLE;
