--------------------------------------------------------
--  파일이 생성됨 - 목요일-2월-25-2021   
--------------------------------------------------------
--------------------------------------------------------
--  DDL for Sequence ALARM_NO_SEQ
--------------------------------------------------------

   CREATE SEQUENCE  "ALARM_NO_SEQ"  MINVALUE 1 MAXVALUE 9999999999999999999999999999 INCREMENT BY 1 START WITH 41 CACHE 20 NOORDER  NOCYCLE ;
--------------------------------------------------------
--  DDL for Sequence BLAME_NO_SEQ
--------------------------------------------------------

   CREATE SEQUENCE  "BLAME_NO_SEQ"  MINVALUE 1 MAXVALUE 9999999999999999999999999999 INCREMENT BY 1 START WITH 21 CACHE 20 NOORDER  NOCYCLE ;
--------------------------------------------------------
--  DDL for Sequence EMAIL_CHK_NO_SEQ
--------------------------------------------------------

   CREATE SEQUENCE  "EMAIL_CHK_NO_SEQ"  MINVALUE 1 MAXVALUE 9999999999999999999999999999 INCREMENT BY 1 START WITH 21 CACHE 20 NOORDER  NOCYCLE ;
--------------------------------------------------------
--  DDL for Sequence FEED_COM_NO_SEQ
--------------------------------------------------------

   CREATE SEQUENCE  "FEED_COM_NO_SEQ"  MINVALUE 1 MAXVALUE 9999999999999999999999999999 INCREMENT BY 1 START WITH 21 CACHE 20 NOORDER  NOCYCLE ;
--------------------------------------------------------
--  DDL for Sequence FEED_NO_SEQ
--------------------------------------------------------

   CREATE SEQUENCE  "FEED_NO_SEQ"  MINVALUE 1 MAXVALUE 9999999999999999999999999999 INCREMENT BY 1 START WITH 30 CACHE 20 NOORDER  NOCYCLE ;
--------------------------------------------------------
--  DDL for Sequence FOLLOW_NO_SEQ
--------------------------------------------------------

   CREATE SEQUENCE  "FOLLOW_NO_SEQ"  MINVALUE 1 MAXVALUE 9999999999999999999999999999 INCREMENT BY 1 START WITH 30 CACHE 20 NOORDER  NOCYCLE ;
--------------------------------------------------------
--  DDL for Sequence LIKE_NO_SEQ
--------------------------------------------------------

   CREATE SEQUENCE  "LIKE_NO_SEQ"  MINVALUE 1 MAXVALUE 9999999999999999999999999999 INCREMENT BY 1 START WITH 41 CACHE 20 NOORDER  NOCYCLE ;
--------------------------------------------------------
--  DDL for Sequence MSG_NO_SEQ
--------------------------------------------------------

   CREATE SEQUENCE  "MSG_NO_SEQ"  MINVALUE 1 MAXVALUE 9999999999999999999999999999 INCREMENT BY 1 START WITH 30 CACHE 20 NOORDER  NOCYCLE ;
--------------------------------------------------------
--  DDL for Table ALARM
--------------------------------------------------------

  CREATE TABLE "ALARM" 
   (	"ALARM_NO" NUMBER, 
	"USER_ID" VARCHAR2(200 BYTE), 
	"ALARM_CONT" VARCHAR2(200 BYTE), 
	"ALARM_TYPE" NUMBER, 
	"ALARM_DATE" DATE, 
	"ALARM_CHK" NUMBER, 
	"ALARM_CHK_DATE" DATE
   ) SEGMENT CREATION IMMEDIATE 
  PCTFREE 10 PCTUSED 40 INITRANS 1 MAXTRANS 255 NOCOMPRESS LOGGING
  STORAGE(INITIAL 65536 NEXT 1048576 MINEXTENTS 1 MAXEXTENTS 2147483645
  PCTINCREASE 0 FREELISTS 1 FREELIST GROUPS 1 BUFFER_POOL DEFAULT FLASH_CACHE DEFAULT CELL_FLASH_CACHE DEFAULT)
  TABLESPACE "TS_202011M" ;

   COMMENT ON COLUMN "ALARM"."ALARM_NO" IS '알림번호';
   COMMENT ON COLUMN "ALARM"."USER_ID" IS '이메일아이디';
   COMMENT ON COLUMN "ALARM"."ALARM_CONT" IS '알림내용';
   COMMENT ON COLUMN "ALARM"."ALARM_TYPE" IS '알림유형';
   COMMENT ON COLUMN "ALARM"."ALARM_DATE" IS '알림시간';
   COMMENT ON COLUMN "ALARM"."ALARM_CHK" IS '알림확인여부';
   COMMENT ON COLUMN "ALARM"."ALARM_CHK_DATE" IS '알림확인시간';
   COMMENT ON TABLE "ALARM"  IS '알림';
--------------------------------------------------------
--  DDL for Table BLAME
--------------------------------------------------------

  CREATE TABLE "BLAME" 
   (	"BLAME_NO" NUMBER, 
	"USER_ID" VARCHAR2(200 BYTE), 
	"TARGET_ID" VARCHAR2(200 BYTE), 
	"FEED_NO" NUMBER, 
	"TARGET_TYPE" NUMBER, 
	"BLAME_DATE" DATE
   ) SEGMENT CREATION IMMEDIATE 
  PCTFREE 10 PCTUSED 40 INITRANS 1 MAXTRANS 255 NOCOMPRESS LOGGING
  STORAGE(INITIAL 65536 NEXT 1048576 MINEXTENTS 1 MAXEXTENTS 2147483645
  PCTINCREASE 0 FREELISTS 1 FREELIST GROUPS 1 BUFFER_POOL DEFAULT FLASH_CACHE DEFAULT CELL_FLASH_CACHE DEFAULT)
  TABLESPACE "TS_202011M" ;

   COMMENT ON COLUMN "BLAME"."BLAME_NO" IS '신고번호';
   COMMENT ON COLUMN "BLAME"."USER_ID" IS '신고한 회원';
   COMMENT ON COLUMN "BLAME"."TARGET_ID" IS '신고당한회원';
   COMMENT ON COLUMN "BLAME"."FEED_NO" IS '피드번호';
   COMMENT ON COLUMN "BLAME"."TARGET_TYPE" IS '신고종류';
   COMMENT ON COLUMN "BLAME"."BLAME_DATE" IS '신고일시';
   COMMENT ON TABLE "BLAME"  IS '신고피드';
--------------------------------------------------------
--  DDL for Table CLASS
--------------------------------------------------------

  CREATE TABLE "CLASS" 
   (	"CLASS_ID" VARCHAR2(200 BYTE), 
	"CLASS_START" DATE, 
	"CLASS_END" DATE, 
	"CLASS_TITLE" VARCHAR2(200 BYTE), 
	"CLASS_NUM" VARCHAR2(100 BYTE), 
	"CLASS_ROOM" VARCHAR2(100 BYTE)
   ) SEGMENT CREATION IMMEDIATE 
  PCTFREE 10 PCTUSED 40 INITRANS 1 MAXTRANS 255 NOCOMPRESS LOGGING
  STORAGE(INITIAL 65536 NEXT 1048576 MINEXTENTS 1 MAXEXTENTS 2147483645
  PCTINCREASE 0 FREELISTS 1 FREELIST GROUPS 1 BUFFER_POOL DEFAULT FLASH_CACHE DEFAULT CELL_FLASH_CACHE DEFAULT)
  TABLESPACE "TS_202011M" ;

   COMMENT ON COLUMN "CLASS"."CLASS_ID" IS '학급번호';
   COMMENT ON COLUMN "CLASS"."CLASS_START" IS '학급시작일';
   COMMENT ON COLUMN "CLASS"."CLASS_END" IS '학급종료일';
   COMMENT ON COLUMN "CLASS"."CLASS_TITLE" IS '학급강좌명';
   COMMENT ON COLUMN "CLASS"."CLASS_NUM" IS '학급기수';
   COMMENT ON COLUMN "CLASS"."CLASS_ROOM" IS '학급강의실';
   COMMENT ON TABLE "CLASS"  IS '학급';
--------------------------------------------------------
--  DDL for Table EMAIL_CHECK
--------------------------------------------------------

  CREATE TABLE "EMAIL_CHECK" 
   (	"EMAIL_CHK_NO" NUMBER, 
	"EMAIL_CHK_DATE" DATE, 
	"EMAIL_CHK_CONT" VARCHAR2(200 BYTE), 
	"EMAIL_CHK_ADDR" VARCHAR2(200 BYTE)
   ) SEGMENT CREATION IMMEDIATE 
  PCTFREE 10 PCTUSED 40 INITRANS 1 MAXTRANS 255 NOCOMPRESS LOGGING
  STORAGE(INITIAL 65536 NEXT 1048576 MINEXTENTS 1 MAXEXTENTS 2147483645
  PCTINCREASE 0 FREELISTS 1 FREELIST GROUPS 1 BUFFER_POOL DEFAULT FLASH_CACHE DEFAULT CELL_FLASH_CACHE DEFAULT)
  TABLESPACE "TS_202011M" ;

   COMMENT ON COLUMN "EMAIL_CHECK"."EMAIL_CHK_NO" IS '이메일인증번호';
   COMMENT ON COLUMN "EMAIL_CHECK"."EMAIL_CHK_DATE" IS '인증번호발송시간';
   COMMENT ON COLUMN "EMAIL_CHECK"."EMAIL_CHK_CONT" IS '인증번호내용';
   COMMENT ON COLUMN "EMAIL_CHECK"."EMAIL_CHK_ADDR" IS '이메일주소';
   COMMENT ON TABLE "EMAIL_CHECK"  IS '이메일인증';
--------------------------------------------------------
--  DDL for Table FEED
--------------------------------------------------------

  CREATE TABLE "FEED" 
   (	"FEED_NO" NUMBER, 
	"USER_ID" VARCHAR2(200 BYTE), 
	"FEED_CONT" VARCHAR2(2000 BYTE), 
	"FEED_DATE" DATE, 
	"FEED_PIC" VARCHAR2(1000 BYTE)
   ) SEGMENT CREATION IMMEDIATE 
  PCTFREE 10 PCTUSED 40 INITRANS 1 MAXTRANS 255 NOCOMPRESS LOGGING
  STORAGE(INITIAL 65536 NEXT 1048576 MINEXTENTS 1 MAXEXTENTS 2147483645
  PCTINCREASE 0 FREELISTS 1 FREELIST GROUPS 1 BUFFER_POOL DEFAULT FLASH_CACHE DEFAULT CELL_FLASH_CACHE DEFAULT)
  TABLESPACE "TS_202011M" ;

   COMMENT ON COLUMN "FEED"."FEED_NO" IS '피드번호';
   COMMENT ON COLUMN "FEED"."USER_ID" IS '이메일아이디';
   COMMENT ON COLUMN "FEED"."FEED_CONT" IS '피드내용';
   COMMENT ON COLUMN "FEED"."FEED_DATE" IS '피드작성일';
   COMMENT ON TABLE "FEED"  IS '피드';
--------------------------------------------------------
--  DDL for Table FEED_COMMENT
--------------------------------------------------------

  CREATE TABLE "FEED_COMMENT" 
   (	"FEED_COM_NO" NUMBER, 
	"FEED_NO" NUMBER, 
	"USER_ID" VARCHAR2(200 BYTE), 
	"FEED_COM_CONT" VARCHAR2(1000 BYTE), 
	"FEED_COM_DATE" DATE
   ) SEGMENT CREATION IMMEDIATE 
  PCTFREE 10 PCTUSED 40 INITRANS 1 MAXTRANS 255 NOCOMPRESS LOGGING
  STORAGE(INITIAL 65536 NEXT 1048576 MINEXTENTS 1 MAXEXTENTS 2147483645
  PCTINCREASE 0 FREELISTS 1 FREELIST GROUPS 1 BUFFER_POOL DEFAULT FLASH_CACHE DEFAULT CELL_FLASH_CACHE DEFAULT)
  TABLESPACE "TS_202011M" ;

   COMMENT ON COLUMN "FEED_COMMENT"."FEED_COM_NO" IS '피드댓글번호';
   COMMENT ON COLUMN "FEED_COMMENT"."FEED_NO" IS '피드번호';
   COMMENT ON COLUMN "FEED_COMMENT"."USER_ID" IS '이메일아이디';
   COMMENT ON COLUMN "FEED_COMMENT"."FEED_COM_CONT" IS '피드댓글내용';
   COMMENT ON COLUMN "FEED_COMMENT"."FEED_COM_DATE" IS '피드댓글시간';
   COMMENT ON TABLE "FEED_COMMENT"  IS '피드 댓글';
--------------------------------------------------------
--  DDL for Table FOLLOW
--------------------------------------------------------

  CREATE TABLE "FOLLOW" 
   (	"FOLLOW_NO" NUMBER, 
	"FOLLOWER" VARCHAR2(200 BYTE), 
	"FOLLOWEE" VARCHAR2(200 BYTE)
   ) SEGMENT CREATION IMMEDIATE 
  PCTFREE 10 PCTUSED 40 INITRANS 1 MAXTRANS 255 NOCOMPRESS LOGGING
  STORAGE(INITIAL 65536 NEXT 1048576 MINEXTENTS 1 MAXEXTENTS 2147483645
  PCTINCREASE 0 FREELISTS 1 FREELIST GROUPS 1 BUFFER_POOL DEFAULT FLASH_CACHE DEFAULT CELL_FLASH_CACHE DEFAULT)
  TABLESPACE "TS_202011M" ;

   COMMENT ON COLUMN "FOLLOW"."FOLLOW_NO" IS '팔로우번호';
   COMMENT ON COLUMN "FOLLOW"."FOLLOWER" IS '팔로워';
   COMMENT ON COLUMN "FOLLOW"."FOLLOWEE" IS '팔로위';
   COMMENT ON TABLE "FOLLOW"  IS '팔로우';
--------------------------------------------------------
--  DDL for Table LIKES
--------------------------------------------------------

  CREATE TABLE "LIKES" 
   (	"LIKE_NO" NUMBER, 
	"USER_ID" VARCHAR2(200 BYTE), 
	"FEED_NO" NUMBER
   ) SEGMENT CREATION IMMEDIATE 
  PCTFREE 10 PCTUSED 40 INITRANS 1 MAXTRANS 255 NOCOMPRESS LOGGING
  STORAGE(INITIAL 65536 NEXT 1048576 MINEXTENTS 1 MAXEXTENTS 2147483645
  PCTINCREASE 0 FREELISTS 1 FREELIST GROUPS 1 BUFFER_POOL DEFAULT FLASH_CACHE DEFAULT CELL_FLASH_CACHE DEFAULT)
  TABLESPACE "TS_202011M" ;

   COMMENT ON COLUMN "LIKES"."LIKE_NO" IS '좋아요번호';
   COMMENT ON COLUMN "LIKES"."USER_ID" IS '이메일아이디';
   COMMENT ON COLUMN "LIKES"."FEED_NO" IS '피드번호';
   COMMENT ON TABLE "LIKES"  IS '좋아요';
--------------------------------------------------------
--  DDL for Table MESSAGE
--------------------------------------------------------

  CREATE TABLE "MESSAGE" 
   (	"MSG_NO" NUMBER, 
	"MSG_TARGET_ID" VARCHAR2(200 BYTE), 
	"MSG_SENDER" VARCHAR2(200 BYTE), 
	"MSG_CONTENT" VARCHAR2(2000 BYTE), 
	"MSG_SENDDATE" DATE, 
	"MSG_OPENDATE" DATE
   ) SEGMENT CREATION IMMEDIATE 
  PCTFREE 10 PCTUSED 40 INITRANS 1 MAXTRANS 255 NOCOMPRESS LOGGING
  STORAGE(INITIAL 65536 NEXT 1048576 MINEXTENTS 1 MAXEXTENTS 2147483645
  PCTINCREASE 0 FREELISTS 1 FREELIST GROUPS 1 BUFFER_POOL DEFAULT FLASH_CACHE DEFAULT CELL_FLASH_CACHE DEFAULT)
  TABLESPACE "TS_202011M" ;

   COMMENT ON COLUMN "MESSAGE"."MSG_NO" IS '메시지번호';
   COMMENT ON COLUMN "MESSAGE"."MSG_TARGET_ID" IS '수신자';
   COMMENT ON COLUMN "MESSAGE"."MSG_SENDER" IS '발신자';
   COMMENT ON COLUMN "MESSAGE"."MSG_CONTENT" IS '메시지내용';
   COMMENT ON COLUMN "MESSAGE"."MSG_SENDDATE" IS '발송일자';
   COMMENT ON COLUMN "MESSAGE"."MSG_OPENDATE" IS '열람일자';
   COMMENT ON TABLE "MESSAGE"  IS '메시지';
--------------------------------------------------------
--  DDL for Table TERMS
--------------------------------------------------------

  CREATE TABLE "TERMS" 
   (	"TERMS_NO" NUMBER, 
	"TERMS_TITLE" VARCHAR2(100 BYTE) DEFAULT 'DEFAULT', 
	"TERMS_CONT" CLOB DEFAULT 'DEFAULT', 
	"TERMS_ESSEN" NUMBER DEFAULT 0, 
	"TERMS_SEQ" NUMBER DEFAULT 0, 
	"TERMS_USE" NUMBER DEFAULT 0
   ) SEGMENT CREATION IMMEDIATE 
  PCTFREE 10 PCTUSED 40 INITRANS 1 MAXTRANS 255 NOCOMPRESS LOGGING
  STORAGE(INITIAL 65536 NEXT 1048576 MINEXTENTS 1 MAXEXTENTS 2147483645
  PCTINCREASE 0 FREELISTS 1 FREELIST GROUPS 1 BUFFER_POOL DEFAULT FLASH_CACHE DEFAULT CELL_FLASH_CACHE DEFAULT)
  TABLESPACE "TS_202011M" 
 LOB ("TERMS_CONT") STORE AS BASICFILE (
  TABLESPACE "TS_202011M" ENABLE STORAGE IN ROW CHUNK 8192 RETENTION 
  NOCACHE LOGGING 
  STORAGE(INITIAL 65536 NEXT 1048576 MINEXTENTS 1 MAXEXTENTS 2147483645
  PCTINCREASE 0 FREELISTS 1 FREELIST GROUPS 1 BUFFER_POOL DEFAULT FLASH_CACHE DEFAULT CELL_FLASH_CACHE DEFAULT)) ;

   COMMENT ON COLUMN "TERMS"."TERMS_NO" IS '약관번호';
   COMMENT ON COLUMN "TERMS"."TERMS_TITLE" IS '약관이름';
   COMMENT ON COLUMN "TERMS"."TERMS_CONT" IS '약관내용';
   COMMENT ON COLUMN "TERMS"."TERMS_ESSEN" IS '필수여부';
   COMMENT ON COLUMN "TERMS"."TERMS_SEQ" IS '약관순서';
   COMMENT ON COLUMN "TERMS"."TERMS_USE" IS '약관사용여부';
   COMMENT ON TABLE "TERMS"  IS '회원약관';
--------------------------------------------------------
--  DDL for Table TERMS_HIS
--------------------------------------------------------

  CREATE TABLE "TERMS_HIS" 
   (	"TERMS_NO" NUMBER, 
	"USER_ID" VARCHAR2(200 BYTE), 
	"TERMS_AGREE" NUMBER
   ) SEGMENT CREATION IMMEDIATE 
  PCTFREE 10 PCTUSED 40 INITRANS 1 MAXTRANS 255 NOCOMPRESS LOGGING
  STORAGE(INITIAL 65536 NEXT 1048576 MINEXTENTS 1 MAXEXTENTS 2147483645
  PCTINCREASE 0 FREELISTS 1 FREELIST GROUPS 1 BUFFER_POOL DEFAULT FLASH_CACHE DEFAULT CELL_FLASH_CACHE DEFAULT)
  TABLESPACE "TS_202011M" ;

   COMMENT ON COLUMN "TERMS_HIS"."TERMS_NO" IS '약관번호';
   COMMENT ON COLUMN "TERMS_HIS"."USER_ID" IS '이메일아이디';
   COMMENT ON COLUMN "TERMS_HIS"."TERMS_AGREE" IS '동의여부';
   COMMENT ON TABLE "TERMS_HIS"  IS '약관동의이력';
--------------------------------------------------------
--  DDL for Table USERS
--------------------------------------------------------

  CREATE TABLE "USERS" 
   (	"USER_ID" VARCHAR2(200 BYTE), 
	"CLASS_ID" VARCHAR2(200 BYTE) DEFAULT 'DEFAULT', 
	"USER_NICKNAME" VARCHAR2(100 BYTE), 
	"USER_PASSWORD" VARCHAR2(100 BYTE), 
	"USER_NAME" VARCHAR2(100 BYTE), 
	"USER_TEL" VARCHAR2(100 BYTE), 
	"USER_BIRTH" DATE, 
	"USER_RATING" NUMBER DEFAULT 0, 
	"USER_THEME" NUMBER DEFAULT 0, 
	"USER_SIGN_DATE" DATE, 
	"USER_BIO" VARCHAR2(1000 BYTE) DEFAULT 'DEFAULT', 
	"USER_PIC" VARCHAR2(1000 BYTE)
   ) SEGMENT CREATION IMMEDIATE 
  PCTFREE 10 PCTUSED 40 INITRANS 1 MAXTRANS 255 NOCOMPRESS LOGGING
  STORAGE(INITIAL 65536 NEXT 1048576 MINEXTENTS 1 MAXEXTENTS 2147483645
  PCTINCREASE 0 FREELISTS 1 FREELIST GROUPS 1 BUFFER_POOL DEFAULT FLASH_CACHE DEFAULT CELL_FLASH_CACHE DEFAULT)
  TABLESPACE "TS_202011M" ;

   COMMENT ON COLUMN "USERS"."USER_ID" IS '이메일아이디';
   COMMENT ON COLUMN "USERS"."CLASS_ID" IS '학급번호';
   COMMENT ON COLUMN "USERS"."USER_NICKNAME" IS '닉네임';
   COMMENT ON COLUMN "USERS"."USER_PASSWORD" IS '비밀번호';
   COMMENT ON COLUMN "USERS"."USER_NAME" IS '이름';
   COMMENT ON COLUMN "USERS"."USER_TEL" IS '전화번호';
   COMMENT ON COLUMN "USERS"."USER_BIRTH" IS '생일';
   COMMENT ON COLUMN "USERS"."USER_RATING" IS '등급';
   COMMENT ON COLUMN "USERS"."USER_THEME" IS '테마';
   COMMENT ON COLUMN "USERS"."USER_SIGN_DATE" IS '가입일자';
   COMMENT ON COLUMN "USERS"."USER_BIO" IS '회원자기소개';
   COMMENT ON TABLE "USERS"  IS '회원';
REM INSERTING into ALARM
SET DEFINE OFF;
Insert into ALARM (ALARM_NO,USER_ID,ALARM_CONT,ALARM_TYPE,ALARM_DATE,ALARM_CHK,ALARM_CHK_DATE) values (1,'expedition1205@gmail.com','summer 가 새글을 등록했습니다.',1,to_date('2021/02/25','RRRR/MM/DD'),1,to_date('2021/02/25','RRRR/MM/DD'));
Insert into ALARM (ALARM_NO,USER_ID,ALARM_CONT,ALARM_TYPE,ALARM_DATE,ALARM_CHK,ALARM_CHK_DATE) values (2,'expedition1205@gmail.com','Scarlett(이)가 새글을 등록했습니다.',1,to_date('2021/02/25','RRRR/MM/DD'),0,null);
Insert into ALARM (ALARM_NO,USER_ID,ALARM_CONT,ALARM_TYPE,ALARM_DATE,ALARM_CHK,ALARM_CHK_DATE) values (3,'psh40963@naver.com','Scarlett(이)가 새로운 메시지를 보냈습니다.',1,to_date('2021/02/25','RRRR/MM/DD'),0,null);
Insert into ALARM (ALARM_NO,USER_ID,ALARM_CONT,ALARM_TYPE,ALARM_DATE,ALARM_CHK,ALARM_CHK_DATE) values (21,'psh40963@naver.com','seq test 입니다.',1,to_date('2021/02/25','RRRR/MM/DD'),0,null);
REM INSERTING into BLAME
SET DEFINE OFF;
REM INSERTING into CLASS
SET DEFINE OFF;
Insert into CLASS (CLASS_ID,CLASS_START,CLASS_END,CLASS_TITLE,CLASS_NUM,CLASS_ROOM) values ('DEFAULT',to_date('2020/11/11','RRRR/MM/DD'),to_date('2021/12/12','RRRR/MM/DD'),'소속학급없음',' ',' ');
Insert into CLASS (CLASS_ID,CLASS_START,CLASS_END,CLASS_TITLE,CLASS_NUM,CLASS_ROOM) values ('C202011302',to_date('2020/11/16','RRRR/MM/DD'),to_date('2021/06/29','RRRR/MM/DD'),'풀스택 개발자 양성과정','6기','302호');
REM INSERTING into EMAIL_CHECK
SET DEFINE OFF;
Insert into EMAIL_CHECK (EMAIL_CHK_NO,EMAIL_CHK_DATE,EMAIL_CHK_CONT,EMAIL_CHK_ADDR) values (1,to_date('2021/02/25','RRRR/MM/DD'),'seq test 입니다.','expedition1205@gmail.com');
Insert into EMAIL_CHECK (EMAIL_CHK_NO,EMAIL_CHK_DATE,EMAIL_CHK_CONT,EMAIL_CHK_ADDR) values (2,to_date('2021/02/25','RRRR/MM/DD'),'seq test 입니다2.','psh40963@naver.com');
REM INSERTING into FEED
SET DEFINE OFF;
Insert into FEED (FEED_NO,USER_ID,FEED_CONT,FEED_DATE,FEED_PIC) values (1,'psh40963@naver.com','즐거운 수업시간',to_date('2021/02/24','RRRR/MM/DD'),null);
Insert into FEED (FEED_NO,USER_ID,FEED_CONT,FEED_DATE,FEED_PIC) values (2,'a002','즐거운 점심 시간',to_date('2021/02/24','RRRR/MM/DD'),null);
Insert into FEED (FEED_NO,USER_ID,FEED_CONT,FEED_DATE,FEED_PIC) values (3,'a003','즐거운 야자 시간',to_date('2021/02/24','RRRR/MM/DD'),null);
Insert into FEED (FEED_NO,USER_ID,FEED_CONT,FEED_DATE,FEED_PIC) values (10,'expedition1205@gmail.com','seq 생성 후 데이터 넣어보기',to_date('2021/02/25','RRRR/MM/DD'),null);
REM INSERTING into FEED_COMMENT
SET DEFINE OFF;
Insert into FEED_COMMENT (FEED_COM_NO,FEED_NO,USER_ID,FEED_COM_CONT,FEED_COM_DATE) values (1,10,'psh40963@naver.com','seq 테스트 입니다.',to_date('2021/02/25','RRRR/MM/DD'));
Insert into FEED_COMMENT (FEED_COM_NO,FEED_NO,USER_ID,FEED_COM_CONT,FEED_COM_DATE) values (2,10,'expedition1205@gmail.com','seq 테스트 입니다2.',to_date('2021/02/25','RRRR/MM/DD'));
REM INSERTING into FOLLOW
SET DEFINE OFF;
Insert into FOLLOW (FOLLOW_NO,FOLLOWER,FOLLOWEE) values (4,'expedition1205@gmail.com','psh40963@naver.com');
Insert into FOLLOW (FOLLOW_NO,FOLLOWER,FOLLOWEE) values (5,'psh40963@naver.com','expedition1205@gmail.com');
Insert into FOLLOW (FOLLOW_NO,FOLLOWER,FOLLOWEE) values (10,'chdnjs7610@gmail.com','expedition1205@gmail.com');
Insert into FOLLOW (FOLLOW_NO,FOLLOWER,FOLLOWEE) values (1,'chdnjs7610@gmail.com','psh40963@naver.com');
Insert into FOLLOW (FOLLOW_NO,FOLLOWER,FOLLOWEE) values (2,'psh40963@naver.com','chdnjs7610@gmail.com');
Insert into FOLLOW (FOLLOW_NO,FOLLOWER,FOLLOWEE) values (3,'psh40963@naver.com','expedition1205@gmail.com');
REM INSERTING into LIKES
SET DEFINE OFF;
Insert into LIKES (LIKE_NO,USER_ID,FEED_NO) values (2,'psh40963@naver.com',3);
Insert into LIKES (LIKE_NO,USER_ID,FEED_NO) values (3,'psh40963@naver.com',2);
Insert into LIKES (LIKE_NO,USER_ID,FEED_NO) values (4,'chdnjs7610@gmail.com',1);
Insert into LIKES (LIKE_NO,USER_ID,FEED_NO) values (5,'expedition1205@gmail.com',1);
Insert into LIKES (LIKE_NO,USER_ID,FEED_NO) values (21,'chdnjs7610@gmail.com',1);
Insert into LIKES (LIKE_NO,USER_ID,FEED_NO) values (22,'chdnjs7610@gmail.com',1);
REM INSERTING into MESSAGE
SET DEFINE OFF;
Insert into MESSAGE (MSG_NO,MSG_TARGET_ID,MSG_SENDER,MSG_CONTENT,MSG_SENDDATE,MSG_OPENDATE) values (1,'psh40963@naver.com','expedition1205@gmail.com','첫번째 메시지입니다.',to_date('2021/02/25','RRRR/MM/DD'),null);
Insert into MESSAGE (MSG_NO,MSG_TARGET_ID,MSG_SENDER,MSG_CONTENT,MSG_SENDDATE,MSG_OPENDATE) values (2,'psh40963@naver.com','chdnjs7610@gmail.com','두번째 메시지입니다.',to_date('2021/02/25','RRRR/MM/DD'),null);
Insert into MESSAGE (MSG_NO,MSG_TARGET_ID,MSG_SENDER,MSG_CONTENT,MSG_SENDDATE,MSG_OPENDATE) values (3,'expedition1205@gmail.com','psh40963@naver.com','세번째 메시지입니다.',to_date('2021/02/25','RRRR/MM/DD'),null);
Insert into MESSAGE (MSG_NO,MSG_TARGET_ID,MSG_SENDER,MSG_CONTENT,MSG_SENDDATE,MSG_OPENDATE) values (10,'psh40963@naver.com','expedition1205@gmail.com','메시지입니다.',to_date('2021/02/25','RRRR/MM/DD'),null);
Insert into MESSAGE (MSG_NO,MSG_TARGET_ID,MSG_SENDER,MSG_CONTENT,MSG_SENDDATE,MSG_OPENDATE) values (11,'psh40963@naver.com','expedition1205@gmail.com','seq테스트입니다.',to_date('2021/02/25','RRRR/MM/DD'),null);
Insert into MESSAGE (MSG_NO,MSG_TARGET_ID,MSG_SENDER,MSG_CONTENT,MSG_SENDDATE,MSG_OPENDATE) values (4,'expedition1205@gmail.com','psh40963@naver.com','shane이 josh에게',to_date('2021/02/25','RRRR/MM/DD'),null);
REM INSERTING into TERMS
SET DEFINE OFF;
Insert into TERMS (TERMS_NO,TERMS_TITLE,TERMS_ESSEN,TERMS_SEQ,TERMS_USE) values (1,'서비스 이용약관',0,1,1);
Insert into TERMS (TERMS_NO,TERMS_TITLE,TERMS_ESSEN,TERMS_SEQ,TERMS_USE) values (2,'개인정보 수집 및 이용동의',0,2,1);
Insert into TERMS (TERMS_NO,TERMS_TITLE,TERMS_ESSEN,TERMS_SEQ,TERMS_USE) values (3,'개인정보의 제3자 제공 동의',0,3,1);
Insert into TERMS (TERMS_NO,TERMS_TITLE,TERMS_ESSEN,TERMS_SEQ,TERMS_USE) values (4,'
위치기반서비스 이용약관 동의',1,4,1);
Insert into TERMS (TERMS_NO,TERMS_TITLE,TERMS_ESSEN,TERMS_SEQ,TERMS_USE) values (5,'선택적인 수집/이용 동의',1,5,1);
Insert into TERMS (TERMS_NO,TERMS_TITLE,TERMS_ESSEN,TERMS_SEQ,TERMS_USE) values (6,'프로모션 등 정보 이메일 수신 동의',1,6,1);
REM INSERTING into TERMS_HIS
SET DEFINE OFF;
Insert into TERMS_HIS (TERMS_NO,USER_ID,TERMS_AGREE) values (1,'expedition1205@gmail.com',1);
Insert into TERMS_HIS (TERMS_NO,USER_ID,TERMS_AGREE) values (2,'expedition1205@gmail.com',1);
Insert into TERMS_HIS (TERMS_NO,USER_ID,TERMS_AGREE) values (3,'expedition1205@gmail.com',1);
Insert into TERMS_HIS (TERMS_NO,USER_ID,TERMS_AGREE) values (4,'expedition1205@gmail.com',1);
Insert into TERMS_HIS (TERMS_NO,USER_ID,TERMS_AGREE) values (5,'expedition1205@gmail.com',1);
Insert into TERMS_HIS (TERMS_NO,USER_ID,TERMS_AGREE) values (6,'expedition1205@gmail.com',1);
REM INSERTING into USERS
SET DEFINE OFF;
Insert into USERS (USER_ID,CLASS_ID,USER_NICKNAME,USER_PASSWORD,USER_NAME,USER_TEL,USER_BIRTH,USER_RATING,USER_THEME,USER_SIGN_DATE,USER_BIO,USER_PIC) values ('psh40963@naver.com','C202011302','테스터쉐인','7mofKfVgkpHr4bWRXQs8IA==','박세현','1234',to_date('2005/01/01','RRRR/MM/DD'),0,0,to_date('2021/02/16','RRRR/MM/DD'),'자기 소개 입니다 !! 세줄 까지 됩니다 !!! ㅎㅎ',null);
Insert into USERS (USER_ID,CLASS_ID,USER_NICKNAME,USER_PASSWORD,USER_NAME,USER_TEL,USER_BIRTH,USER_RATING,USER_THEME,USER_SIGN_DATE,USER_BIO,USER_PIC) values ('chdnjs7610@gmail.com','DEFAULT','테스터스칼릿','dwZs5On/B9rPNnIUa45CNg==','박초원','1234',to_date('2005/01/01','RRRR/MM/DD'),0,0,to_date('2021/02/16','RRRR/MM/DD'),'스칼릿의 자기소개 페이지 입니다!! 자기 소개를 뭐라도 써봐야 읽어오니깐 써봤습니다',null);
Insert into USERS (USER_ID,CLASS_ID,USER_NICKNAME,USER_PASSWORD,USER_NAME,USER_TEL,USER_BIRTH,USER_RATING,USER_THEME,USER_SIGN_DATE,USER_BIO,USER_PIC) values ('a001','DEFAULT','지존쉐인','sa/6l8wdhncpYzkFD168Yw==','shane','010-1234-1234',to_date('2001/01/01','RRRR/MM/DD'),0,0,to_date('2021/02/16','RRRR/MM/DD'),null,null);
Insert into USERS (USER_ID,CLASS_ID,USER_NICKNAME,USER_PASSWORD,USER_NAME,USER_TEL,USER_BIRTH,USER_RATING,USER_THEME,USER_SIGN_DATE,USER_BIO,USER_PIC) values ('a002','DEFAULT','나는써머','1234','summer','010-1111-1111',to_date('2002/02/02','RRRR/MM/DD'),0,0,to_date('2021/02/16','RRRR/MM/DD'),null,null);
Insert into USERS (USER_ID,CLASS_ID,USER_NICKNAME,USER_PASSWORD,USER_NAME,USER_TEL,USER_BIRTH,USER_RATING,USER_THEME,USER_SIGN_DATE,USER_BIO,USER_PIC) values ('a003','DEFAULT','최강스칼릿','1234','scarlett','010-2222-2222',to_date('2003/03/03','RRRR/MM/DD'),0,0,to_date('2021/02/16','RRRR/MM/DD'),null,null);
Insert into USERS (USER_ID,CLASS_ID,USER_NICKNAME,USER_PASSWORD,USER_NAME,USER_TEL,USER_BIRTH,USER_RATING,USER_THEME,USER_SIGN_DATE,USER_BIO,USER_PIC) values ('expedition1205@gmail.com','DEFAULT','조씨','2i9CW58j7X7N5Fk3vna6Jg==','원정훈','1234',to_date('2005/01/01','RRRR/MM/DD'),0,0,to_date('2021/02/16','RRRR/MM/DD'),'뭐라도 써야되는데[ 3줄 써야되니까 길게 씁니다 아아아하하하하ㅏ가가가가가',null);
--------------------------------------------------------
--  DDL for Index PK_FOLLOW
--------------------------------------------------------

  CREATE UNIQUE INDEX "PK_FOLLOW" ON "FOLLOW" ("FOLLOW_NO") 
  PCTFREE 10 INITRANS 2 MAXTRANS 255 COMPUTE STATISTICS 
  STORAGE(INITIAL 65536 NEXT 1048576 MINEXTENTS 1 MAXEXTENTS 2147483645
  PCTINCREASE 0 FREELISTS 1 FREELIST GROUPS 1 BUFFER_POOL DEFAULT FLASH_CACHE DEFAULT CELL_FLASH_CACHE DEFAULT)
  TABLESPACE "TS_202011M" ;
--------------------------------------------------------
--  DDL for Index PK_ALARM
--------------------------------------------------------

  CREATE UNIQUE INDEX "PK_ALARM" ON "ALARM" ("ALARM_NO") 
  PCTFREE 10 INITRANS 2 MAXTRANS 255 COMPUTE STATISTICS 
  STORAGE(INITIAL 65536 NEXT 1048576 MINEXTENTS 1 MAXEXTENTS 2147483645
  PCTINCREASE 0 FREELISTS 1 FREELIST GROUPS 1 BUFFER_POOL DEFAULT FLASH_CACHE DEFAULT CELL_FLASH_CACHE DEFAULT)
  TABLESPACE "TS_202011M" ;
--------------------------------------------------------
--  DDL for Index PK_USERS
--------------------------------------------------------

  CREATE UNIQUE INDEX "PK_USERS" ON "USERS" ("USER_ID") 
  PCTFREE 10 INITRANS 2 MAXTRANS 255 COMPUTE STATISTICS 
  STORAGE(INITIAL 65536 NEXT 1048576 MINEXTENTS 1 MAXEXTENTS 2147483645
  PCTINCREASE 0 FREELISTS 1 FREELIST GROUPS 1 BUFFER_POOL DEFAULT FLASH_CACHE DEFAULT CELL_FLASH_CACHE DEFAULT)
  TABLESPACE "TS_202011M" ;
--------------------------------------------------------
--  DDL for Index PK_MESSAGE
--------------------------------------------------------

  CREATE UNIQUE INDEX "PK_MESSAGE" ON "MESSAGE" ("MSG_NO") 
  PCTFREE 10 INITRANS 2 MAXTRANS 255 COMPUTE STATISTICS 
  STORAGE(INITIAL 65536 NEXT 1048576 MINEXTENTS 1 MAXEXTENTS 2147483645
  PCTINCREASE 0 FREELISTS 1 FREELIST GROUPS 1 BUFFER_POOL DEFAULT FLASH_CACHE DEFAULT CELL_FLASH_CACHE DEFAULT)
  TABLESPACE "TS_202011M" ;
--------------------------------------------------------
--  DDL for Index PK_LIKES
--------------------------------------------------------

  CREATE UNIQUE INDEX "PK_LIKES" ON "LIKES" ("LIKE_NO") 
  PCTFREE 10 INITRANS 2 MAXTRANS 255 COMPUTE STATISTICS 
  STORAGE(INITIAL 65536 NEXT 1048576 MINEXTENTS 1 MAXEXTENTS 2147483645
  PCTINCREASE 0 FREELISTS 1 FREELIST GROUPS 1 BUFFER_POOL DEFAULT FLASH_CACHE DEFAULT CELL_FLASH_CACHE DEFAULT)
  TABLESPACE "TS_202011M" ;
--------------------------------------------------------
--  DDL for Index PK_EMAIL_CHECK
--------------------------------------------------------

  CREATE UNIQUE INDEX "PK_EMAIL_CHECK" ON "EMAIL_CHECK" ("EMAIL_CHK_NO") 
  PCTFREE 10 INITRANS 2 MAXTRANS 255 COMPUTE STATISTICS 
  STORAGE(INITIAL 65536 NEXT 1048576 MINEXTENTS 1 MAXEXTENTS 2147483645
  PCTINCREASE 0 FREELISTS 1 FREELIST GROUPS 1 BUFFER_POOL DEFAULT FLASH_CACHE DEFAULT CELL_FLASH_CACHE DEFAULT)
  TABLESPACE "TS_202011M" ;
--------------------------------------------------------
--  DDL for Index PK_CLASS
--------------------------------------------------------

  CREATE UNIQUE INDEX "PK_CLASS" ON "CLASS" ("CLASS_ID") 
  PCTFREE 10 INITRANS 2 MAXTRANS 255 COMPUTE STATISTICS 
  STORAGE(INITIAL 65536 NEXT 1048576 MINEXTENTS 1 MAXEXTENTS 2147483645
  PCTINCREASE 0 FREELISTS 1 FREELIST GROUPS 1 BUFFER_POOL DEFAULT FLASH_CACHE DEFAULT CELL_FLASH_CACHE DEFAULT)
  TABLESPACE "TS_202011M" ;
--------------------------------------------------------
--  DDL for Index PK_FEED
--------------------------------------------------------

  CREATE UNIQUE INDEX "PK_FEED" ON "FEED" ("FEED_NO") 
  PCTFREE 10 INITRANS 2 MAXTRANS 255 COMPUTE STATISTICS 
  STORAGE(INITIAL 65536 NEXT 1048576 MINEXTENTS 1 MAXEXTENTS 2147483645
  PCTINCREASE 0 FREELISTS 1 FREELIST GROUPS 1 BUFFER_POOL DEFAULT FLASH_CACHE DEFAULT CELL_FLASH_CACHE DEFAULT)
  TABLESPACE "TS_202011M" ;
--------------------------------------------------------
--  DDL for Index PK_TERMS_HIS
--------------------------------------------------------

  CREATE UNIQUE INDEX "PK_TERMS_HIS" ON "TERMS_HIS" ("TERMS_NO") 
  PCTFREE 10 INITRANS 2 MAXTRANS 255 COMPUTE STATISTICS 
  STORAGE(INITIAL 65536 NEXT 1048576 MINEXTENTS 1 MAXEXTENTS 2147483645
  PCTINCREASE 0 FREELISTS 1 FREELIST GROUPS 1 BUFFER_POOL DEFAULT FLASH_CACHE DEFAULT CELL_FLASH_CACHE DEFAULT)
  TABLESPACE "TS_202011M" ;
--------------------------------------------------------
--  DDL for Index PK_FEED_COMMENT
--------------------------------------------------------

  CREATE UNIQUE INDEX "PK_FEED_COMMENT" ON "FEED_COMMENT" ("FEED_COM_NO") 
  PCTFREE 10 INITRANS 2 MAXTRANS 255 COMPUTE STATISTICS 
  STORAGE(INITIAL 65536 NEXT 1048576 MINEXTENTS 1 MAXEXTENTS 2147483645
  PCTINCREASE 0 FREELISTS 1 FREELIST GROUPS 1 BUFFER_POOL DEFAULT FLASH_CACHE DEFAULT CELL_FLASH_CACHE DEFAULT)
  TABLESPACE "TS_202011M" ;
--------------------------------------------------------
--  DDL for Index PK_BLAME
--------------------------------------------------------

  CREATE UNIQUE INDEX "PK_BLAME" ON "BLAME" ("BLAME_NO") 
  PCTFREE 10 INITRANS 2 MAXTRANS 255 COMPUTE STATISTICS 
  STORAGE(INITIAL 65536 NEXT 1048576 MINEXTENTS 1 MAXEXTENTS 2147483645
  PCTINCREASE 0 FREELISTS 1 FREELIST GROUPS 1 BUFFER_POOL DEFAULT FLASH_CACHE DEFAULT CELL_FLASH_CACHE DEFAULT)
  TABLESPACE "TS_202011M" ;
--------------------------------------------------------
--  Constraints for Table EMAIL_CHECK
--------------------------------------------------------

  ALTER TABLE "EMAIL_CHECK" ADD CONSTRAINT "PK_EMAIL_CHECK" PRIMARY KEY ("EMAIL_CHK_NO")
  USING INDEX PCTFREE 10 INITRANS 2 MAXTRANS 255 COMPUTE STATISTICS 
  STORAGE(INITIAL 65536 NEXT 1048576 MINEXTENTS 1 MAXEXTENTS 2147483645
  PCTINCREASE 0 FREELISTS 1 FREELIST GROUPS 1 BUFFER_POOL DEFAULT FLASH_CACHE DEFAULT CELL_FLASH_CACHE DEFAULT)
  TABLESPACE "TS_202011M"  ENABLE;
  ALTER TABLE "EMAIL_CHECK" MODIFY ("EMAIL_CHK_ADDR" NOT NULL ENABLE);
  ALTER TABLE "EMAIL_CHECK" MODIFY ("EMAIL_CHK_CONT" NOT NULL ENABLE);
  ALTER TABLE "EMAIL_CHECK" MODIFY ("EMAIL_CHK_DATE" NOT NULL ENABLE);
  ALTER TABLE "EMAIL_CHECK" MODIFY ("EMAIL_CHK_NO" NOT NULL ENABLE);
--------------------------------------------------------
--  Constraints for Table USERS
--------------------------------------------------------

  ALTER TABLE "USERS" ADD CONSTRAINT "PK_USERS" PRIMARY KEY ("USER_ID")
  USING INDEX PCTFREE 10 INITRANS 2 MAXTRANS 255 COMPUTE STATISTICS 
  STORAGE(INITIAL 65536 NEXT 1048576 MINEXTENTS 1 MAXEXTENTS 2147483645
  PCTINCREASE 0 FREELISTS 1 FREELIST GROUPS 1 BUFFER_POOL DEFAULT FLASH_CACHE DEFAULT CELL_FLASH_CACHE DEFAULT)
  TABLESPACE "TS_202011M"  ENABLE;
  ALTER TABLE "USERS" MODIFY ("USER_SIGN_DATE" NOT NULL ENABLE);
  ALTER TABLE "USERS" MODIFY ("USER_PASSWORD" NOT NULL ENABLE);
  ALTER TABLE "USERS" MODIFY ("USER_NICKNAME" NOT NULL ENABLE);
  ALTER TABLE "USERS" MODIFY ("CLASS_ID" NOT NULL ENABLE);
  ALTER TABLE "USERS" MODIFY ("USER_ID" NOT NULL ENABLE);
--------------------------------------------------------
--  Constraints for Table TERMS_HIS
--------------------------------------------------------

  ALTER TABLE "TERMS_HIS" ADD CONSTRAINT "PK_TERMS_HIS" PRIMARY KEY ("TERMS_NO")
  USING INDEX PCTFREE 10 INITRANS 2 MAXTRANS 255 COMPUTE STATISTICS 
  STORAGE(INITIAL 65536 NEXT 1048576 MINEXTENTS 1 MAXEXTENTS 2147483645
  PCTINCREASE 0 FREELISTS 1 FREELIST GROUPS 1 BUFFER_POOL DEFAULT FLASH_CACHE DEFAULT CELL_FLASH_CACHE DEFAULT)
  TABLESPACE "TS_202011M"  ENABLE;
  ALTER TABLE "TERMS_HIS" MODIFY ("TERMS_AGREE" NOT NULL ENABLE);
  ALTER TABLE "TERMS_HIS" MODIFY ("USER_ID" NOT NULL ENABLE);
  ALTER TABLE "TERMS_HIS" MODIFY ("TERMS_NO" NOT NULL ENABLE);
--------------------------------------------------------
--  Constraints for Table MESSAGE
--------------------------------------------------------

  ALTER TABLE "MESSAGE" ADD CONSTRAINT "PK_MESSAGE" PRIMARY KEY ("MSG_NO")
  USING INDEX PCTFREE 10 INITRANS 2 MAXTRANS 255 COMPUTE STATISTICS 
  STORAGE(INITIAL 65536 NEXT 1048576 MINEXTENTS 1 MAXEXTENTS 2147483645
  PCTINCREASE 0 FREELISTS 1 FREELIST GROUPS 1 BUFFER_POOL DEFAULT FLASH_CACHE DEFAULT CELL_FLASH_CACHE DEFAULT)
  TABLESPACE "TS_202011M"  ENABLE;
  ALTER TABLE "MESSAGE" MODIFY ("MSG_SENDDATE" NOT NULL ENABLE);
  ALTER TABLE "MESSAGE" MODIFY ("MSG_CONTENT" NOT NULL ENABLE);
  ALTER TABLE "MESSAGE" MODIFY ("MSG_SENDER" NOT NULL ENABLE);
  ALTER TABLE "MESSAGE" MODIFY ("MSG_TARGET_ID" NOT NULL ENABLE);
  ALTER TABLE "MESSAGE" MODIFY ("MSG_NO" NOT NULL ENABLE);
--------------------------------------------------------
--  Constraints for Table FEED
--------------------------------------------------------

  ALTER TABLE "FEED" ADD CONSTRAINT "PK_FEED" PRIMARY KEY ("FEED_NO")
  USING INDEX PCTFREE 10 INITRANS 2 MAXTRANS 255 COMPUTE STATISTICS 
  STORAGE(INITIAL 65536 NEXT 1048576 MINEXTENTS 1 MAXEXTENTS 2147483645
  PCTINCREASE 0 FREELISTS 1 FREELIST GROUPS 1 BUFFER_POOL DEFAULT FLASH_CACHE DEFAULT CELL_FLASH_CACHE DEFAULT)
  TABLESPACE "TS_202011M"  ENABLE;
  ALTER TABLE "FEED" MODIFY ("FEED_DATE" NOT NULL ENABLE);
  ALTER TABLE "FEED" MODIFY ("FEED_CONT" NOT NULL ENABLE);
  ALTER TABLE "FEED" MODIFY ("USER_ID" NOT NULL ENABLE);
  ALTER TABLE "FEED" MODIFY ("FEED_NO" NOT NULL ENABLE);
--------------------------------------------------------
--  Constraints for Table TERMS
--------------------------------------------------------

  ALTER TABLE "TERMS" MODIFY ("TERMS_NO" NOT NULL ENABLE);
--------------------------------------------------------
--  Constraints for Table LIKES
--------------------------------------------------------

  ALTER TABLE "LIKES" ADD CONSTRAINT "PK_LIKES" PRIMARY KEY ("LIKE_NO")
  USING INDEX PCTFREE 10 INITRANS 2 MAXTRANS 255 COMPUTE STATISTICS 
  STORAGE(INITIAL 65536 NEXT 1048576 MINEXTENTS 1 MAXEXTENTS 2147483645
  PCTINCREASE 0 FREELISTS 1 FREELIST GROUPS 1 BUFFER_POOL DEFAULT FLASH_CACHE DEFAULT CELL_FLASH_CACHE DEFAULT)
  TABLESPACE "TS_202011M"  ENABLE;
  ALTER TABLE "LIKES" MODIFY ("FEED_NO" NOT NULL ENABLE);
  ALTER TABLE "LIKES" MODIFY ("USER_ID" NOT NULL ENABLE);
  ALTER TABLE "LIKES" MODIFY ("LIKE_NO" NOT NULL ENABLE);
--------------------------------------------------------
--  Constraints for Table CLASS
--------------------------------------------------------

  ALTER TABLE "CLASS" ADD CONSTRAINT "PK_CLASS" PRIMARY KEY ("CLASS_ID")
  USING INDEX PCTFREE 10 INITRANS 2 MAXTRANS 255 COMPUTE STATISTICS 
  STORAGE(INITIAL 65536 NEXT 1048576 MINEXTENTS 1 MAXEXTENTS 2147483645
  PCTINCREASE 0 FREELISTS 1 FREELIST GROUPS 1 BUFFER_POOL DEFAULT FLASH_CACHE DEFAULT CELL_FLASH_CACHE DEFAULT)
  TABLESPACE "TS_202011M"  ENABLE;
  ALTER TABLE "CLASS" MODIFY ("CLASS_ROOM" NOT NULL ENABLE);
  ALTER TABLE "CLASS" MODIFY ("CLASS_NUM" NOT NULL ENABLE);
  ALTER TABLE "CLASS" MODIFY ("CLASS_TITLE" NOT NULL ENABLE);
  ALTER TABLE "CLASS" MODIFY ("CLASS_END" NOT NULL ENABLE);
  ALTER TABLE "CLASS" MODIFY ("CLASS_START" NOT NULL ENABLE);
  ALTER TABLE "CLASS" MODIFY ("CLASS_ID" NOT NULL ENABLE);
--------------------------------------------------------
--  Constraints for Table FOLLOW
--------------------------------------------------------

  ALTER TABLE "FOLLOW" ADD CONSTRAINT "PK_FOLLOW" PRIMARY KEY ("FOLLOW_NO")
  USING INDEX PCTFREE 10 INITRANS 2 MAXTRANS 255 COMPUTE STATISTICS 
  STORAGE(INITIAL 65536 NEXT 1048576 MINEXTENTS 1 MAXEXTENTS 2147483645
  PCTINCREASE 0 FREELISTS 1 FREELIST GROUPS 1 BUFFER_POOL DEFAULT FLASH_CACHE DEFAULT CELL_FLASH_CACHE DEFAULT)
  TABLESPACE "TS_202011M"  ENABLE;
  ALTER TABLE "FOLLOW" MODIFY ("FOLLOWEE" NOT NULL ENABLE);
  ALTER TABLE "FOLLOW" MODIFY ("FOLLOWER" NOT NULL ENABLE);
  ALTER TABLE "FOLLOW" MODIFY ("FOLLOW_NO" NOT NULL ENABLE);
--------------------------------------------------------
--  Constraints for Table BLAME
--------------------------------------------------------

  ALTER TABLE "BLAME" ADD CONSTRAINT "PK_BLAME" PRIMARY KEY ("BLAME_NO")
  USING INDEX PCTFREE 10 INITRANS 2 MAXTRANS 255 COMPUTE STATISTICS 
  STORAGE(INITIAL 65536 NEXT 1048576 MINEXTENTS 1 MAXEXTENTS 2147483645
  PCTINCREASE 0 FREELISTS 1 FREELIST GROUPS 1 BUFFER_POOL DEFAULT FLASH_CACHE DEFAULT CELL_FLASH_CACHE DEFAULT)
  TABLESPACE "TS_202011M"  ENABLE;
  ALTER TABLE "BLAME" MODIFY ("BLAME_DATE" NOT NULL ENABLE);
  ALTER TABLE "BLAME" MODIFY ("FEED_NO" NOT NULL ENABLE);
  ALTER TABLE "BLAME" MODIFY ("TARGET_ID" NOT NULL ENABLE);
  ALTER TABLE "BLAME" MODIFY ("USER_ID" NOT NULL ENABLE);
  ALTER TABLE "BLAME" MODIFY ("BLAME_NO" NOT NULL ENABLE);
--------------------------------------------------------
--  Constraints for Table FEED_COMMENT
--------------------------------------------------------

  ALTER TABLE "FEED_COMMENT" ADD CONSTRAINT "PK_FEED_COMMENT" PRIMARY KEY ("FEED_COM_NO")
  USING INDEX PCTFREE 10 INITRANS 2 MAXTRANS 255 COMPUTE STATISTICS 
  STORAGE(INITIAL 65536 NEXT 1048576 MINEXTENTS 1 MAXEXTENTS 2147483645
  PCTINCREASE 0 FREELISTS 1 FREELIST GROUPS 1 BUFFER_POOL DEFAULT FLASH_CACHE DEFAULT CELL_FLASH_CACHE DEFAULT)
  TABLESPACE "TS_202011M"  ENABLE;
  ALTER TABLE "FEED_COMMENT" MODIFY ("FEED_COM_DATE" NOT NULL ENABLE);
  ALTER TABLE "FEED_COMMENT" MODIFY ("FEED_COM_CONT" NOT NULL ENABLE);
  ALTER TABLE "FEED_COMMENT" MODIFY ("USER_ID" NOT NULL ENABLE);
  ALTER TABLE "FEED_COMMENT" MODIFY ("FEED_NO" NOT NULL ENABLE);
  ALTER TABLE "FEED_COMMENT" MODIFY ("FEED_COM_NO" NOT NULL ENABLE);
--------------------------------------------------------
--  Constraints for Table ALARM
--------------------------------------------------------

  ALTER TABLE "ALARM" ADD CONSTRAINT "PK_ALARM" PRIMARY KEY ("ALARM_NO")
  USING INDEX PCTFREE 10 INITRANS 2 MAXTRANS 255 COMPUTE STATISTICS 
  STORAGE(INITIAL 65536 NEXT 1048576 MINEXTENTS 1 MAXEXTENTS 2147483645
  PCTINCREASE 0 FREELISTS 1 FREELIST GROUPS 1 BUFFER_POOL DEFAULT FLASH_CACHE DEFAULT CELL_FLASH_CACHE DEFAULT)
  TABLESPACE "TS_202011M"  ENABLE;
  ALTER TABLE "ALARM" MODIFY ("ALARM_DATE" NOT NULL ENABLE);
  ALTER TABLE "ALARM" MODIFY ("ALARM_TYPE" NOT NULL ENABLE);
  ALTER TABLE "ALARM" MODIFY ("ALARM_CONT" NOT NULL ENABLE);
  ALTER TABLE "ALARM" MODIFY ("USER_ID" NOT NULL ENABLE);
  ALTER TABLE "ALARM" MODIFY ("ALARM_NO" NOT NULL ENABLE);
--------------------------------------------------------
--  Ref Constraints for Table ALARM
--------------------------------------------------------

  ALTER TABLE "ALARM" ADD CONSTRAINT "FK_USERS_TO_ALARM" FOREIGN KEY ("USER_ID")
	  REFERENCES "USERS" ("USER_ID") ENABLE;
--------------------------------------------------------
--  Ref Constraints for Table BLAME
--------------------------------------------------------

  ALTER TABLE "BLAME" ADD CONSTRAINT "FK_FEED_TO_BLAME" FOREIGN KEY ("FEED_NO")
	  REFERENCES "FEED" ("FEED_NO") ENABLE;
  ALTER TABLE "BLAME" ADD CONSTRAINT "FK_USERS_TO_BLAME" FOREIGN KEY ("USER_ID")
	  REFERENCES "USERS" ("USER_ID") ENABLE;
  ALTER TABLE "BLAME" ADD CONSTRAINT "FK_USERS_TO_BLAME2" FOREIGN KEY ("TARGET_ID")
	  REFERENCES "USERS" ("USER_ID") ENABLE;
--------------------------------------------------------
--  Ref Constraints for Table FEED
--------------------------------------------------------

  ALTER TABLE "FEED" ADD CONSTRAINT "FK_USERS_TO_FEED" FOREIGN KEY ("USER_ID")
	  REFERENCES "USERS" ("USER_ID") ENABLE;
--------------------------------------------------------
--  Ref Constraints for Table FEED_COMMENT
--------------------------------------------------------

  ALTER TABLE "FEED_COMMENT" ADD CONSTRAINT "FK_FEED_TO_FEED_COMMENT" FOREIGN KEY ("FEED_NO")
	  REFERENCES "FEED" ("FEED_NO") ENABLE;
  ALTER TABLE "FEED_COMMENT" ADD CONSTRAINT "FK_USERS_TO_FEED_COMMENT" FOREIGN KEY ("USER_ID")
	  REFERENCES "USERS" ("USER_ID") ENABLE;
--------------------------------------------------------
--  Ref Constraints for Table FOLLOW
--------------------------------------------------------

  ALTER TABLE "FOLLOW" ADD CONSTRAINT "FK_USERS_TO_FOLLOW" FOREIGN KEY ("FOLLOWER")
	  REFERENCES "USERS" ("USER_ID") ENABLE;
  ALTER TABLE "FOLLOW" ADD CONSTRAINT "FK_USERS_TO_FOLLOW2" FOREIGN KEY ("FOLLOWEE")
	  REFERENCES "USERS" ("USER_ID") ENABLE;
--------------------------------------------------------
--  Ref Constraints for Table LIKES
--------------------------------------------------------

  ALTER TABLE "LIKES" ADD CONSTRAINT "FK_FEED_TO_LIKES" FOREIGN KEY ("FEED_NO")
	  REFERENCES "FEED" ("FEED_NO") ENABLE;
  ALTER TABLE "LIKES" ADD CONSTRAINT "FK_USERS_TO_LIKES" FOREIGN KEY ("USER_ID")
	  REFERENCES "USERS" ("USER_ID") ENABLE;
--------------------------------------------------------
--  Ref Constraints for Table MESSAGE
--------------------------------------------------------

  ALTER TABLE "MESSAGE" ADD CONSTRAINT "FK_USERS_TO_MESSAGE" FOREIGN KEY ("MSG_TARGET_ID")
	  REFERENCES "USERS" ("USER_ID") ENABLE;
  ALTER TABLE "MESSAGE" ADD CONSTRAINT "FK_USERS_TO_MESSAGE2" FOREIGN KEY ("MSG_SENDER")
	  REFERENCES "USERS" ("USER_ID") ENABLE;
--------------------------------------------------------
--  Ref Constraints for Table TERMS
--------------------------------------------------------

  ALTER TABLE "TERMS" ADD CONSTRAINT "FK_TERMS_HIS_TO_TERMS" FOREIGN KEY ("TERMS_NO")
	  REFERENCES "TERMS_HIS" ("TERMS_NO") ENABLE;
--------------------------------------------------------
--  Ref Constraints for Table TERMS_HIS
--------------------------------------------------------

  ALTER TABLE "TERMS_HIS" ADD CONSTRAINT "FK_USERS_TO_TERMS_HIS" FOREIGN KEY ("USER_ID")
	  REFERENCES "USERS" ("USER_ID") ENABLE;
--------------------------------------------------------
--  Ref Constraints for Table USERS
--------------------------------------------------------

  ALTER TABLE "USERS" ADD CONSTRAINT "FK_CLASS_TO_USERS" FOREIGN KEY ("CLASS_ID")
	  REFERENCES "CLASS" ("CLASS_ID") ENABLE;
